Datetime,MSFT,MSFT,MSFT,MSFT,MSFT
2025-09-29 13:30:00,511.5350036621094,511.7099914550781,509.0140075683594,511.2200012207031,518468
2025-09-29 13:31:00,511.71600341796875,511.8399963378906,511.20001220703125,511.6000061035156,34183
2025-09-29 13:32:00,512.280029296875,512.4600219726562,511.3800048828125,511.489990234375,35631
2025-09-29 13:33:00,511.8399963378906,512.29052734375,511.8399963378906,512.1599731445312,30737
2025-09-29 13:34:00,511.7749938964844,512.1799926757812,511.59539794921875,512.0399780273438,35958
2025-09-29 13:35:00,512.0700073242188,512.2999877929688,511.4200134277344,511.7950134277344,37652
2025-09-29 13:36:00,511.9100036621094,512.1950073242188,511.6099853515625,512.1400146484375,15746
2025-09-29 13:37:00,511.3652038574219,512.0,511.239990234375,511.8800048828125,31652
2025-09-29 13:38:00,511.67498779296875,511.75,511.2200012207031,511.364990234375,40270
2025-09-29 13:39:00,512.1699829101562,512.3900146484375,511.3999938964844,511.69500732421875,26993
2025-09-29 13:40:00,512.2199096679688,512.5,512.0499877929688,512.1900024414062,30582
2025-09-29 13:41:00,512.6900024414062,512.6900024414062,512.1199951171875,512.1901245117188,23038
2025-09-29 13:42:00,512.4500122070312,512.73779296875,512.1699829101562,512.72998046875,42857
2025-09-29 13:43:00,513.2899780273438,513.4400024414062,512.4500122070312,512.469970703125,57947
2025-09-29 13:44:00,513.7050170898438,513.8499755859375,513.1699829101562,513.22998046875,36001
2025-09-29 13:45:00,514.2000122070312,514.22998046875,513.8099975585938,513.8350219726562,43075
2025-09-29 13:46:00,514.0,514.4390258789062,513.8800048828125,514.1799926757812,49203
2025-09-29 13:47:00,514.5650024414062,514.8800048828125,514.0485229492188,514.0485229492188,44992
2025-09-29 13:48:00,514.6599731445312,514.6599731445312,514.22998046875,514.5800170898438,47066
2025-09-29 13:49:00,515.2628784179688,515.4180908203125,514.625,514.6400146484375,62677
2025-09-29 13:50:00,515.5,515.7000122070312,515.1599731445312,515.3416748046875,47407
2025-09-29 13:51:00,515.4299926757812,515.7999267578125,515.2758178710938,515.6400146484375,42102
2025-09-29 13:52:00,514.625,515.3599853515625,514.469970703125,515.3599853515625,41296
2025-09-29 13:53:00,515.2899780273438,515.4500122070312,514.5999755859375,514.625,52187
2025-09-29 13:54:00,515.6849975585938,515.7899780273438,515.3043212890625,515.3400268554688,34447
2025-09-29 13:55:00,515.1900024414062,515.8400268554688,515.0501098632812,515.7000122070312,46696
2025-09-29 13:56:00,515.0050048828125,515.3720092773438,514.6820068359375,515.2150268554688,42792
2025-09-29 13:57:00,514.8900146484375,515.280029296875,514.72998046875,515.018798828125,32668
2025-09-29 13:58:00,514.97998046875,515.155029296875,514.8699951171875,515.0,30341
2025-09-29 13:59:00,515.39501953125,515.5399780273438,515.010009765625,515.02001953125,37063
2025-09-29 14:00:00,515.47998046875,515.9340209960938,515.343505859375,515.39501953125,61733
2025-09-29 14:01:00,515.1749877929688,515.510009765625,515.0499877929688,515.47998046875,27203
2025-09-29 14:02:00,515.6300048828125,515.9000244140625,515.1699829101562,515.219970703125,33139
2025-09-29 14:03:00,515.4716796875,515.835205078125,515.4111938476562,515.7000122070312,35795
2025-09-29 14:04:00,515.1599731445312,515.3699951171875,515.0911254882812,515.1799926757812,25238
2025-09-29 14:05:00,515.739990234375,515.739990234375,515.155029296875,515.1851196289062,29313
2025-09-29 14:06:00,516.2150268554688,516.3499755859375,515.739990234375,515.7449951171875,92128
2025-09-29 14:07:00,516.219970703125,516.2949829101562,516.02001953125,516.2344970703125,42330
2025-09-29 14:08:00,516.1950073242188,516.2821044921875,516.0599975585938,516.27001953125,27975
2025-09-29 14:09:00,516.4099731445312,516.6199951171875,516.0999755859375,516.1500244140625,52867
2025-09-29 14:10:00,516.219970703125,516.47998046875,516.1699829101562,516.4099731445312,40115
2025-09-29 14:11:00,516.1799926757812,516.3049926757812,515.780029296875,516.27001953125,53448
2025-09-29 14:12:00,515.60498046875,516.280029296875,515.5650024414062,516.1599731445312,42367
2025-09-29 14:13:00,515.5599975585938,515.6649780273438,515.489990234375,515.5999755859375,21484
2025-09-29 14:14:00,515.9000244140625,516.0,515.6300048828125,515.6300048828125,18320
2025-09-29 14:15:00,515.8400268554688,515.9650268554688,515.6099853515625,515.9450073242188,21925
2025-09-29 14:16:00,515.7100219726562,515.8699951171875,515.6099853515625,515.8201293945312,20324
2025-09-29 14:17:00,515.8099975585938,515.9400024414062,515.5499877929688,515.6699829101562,18164
2025-09-29 14:18:00,515.8499755859375,515.9141235351562,515.719970703125,515.8400268554688,19103
2025-09-29 14:19:00,515.8499755859375,516.1199951171875,515.75,515.9600219726562,22708
2025-09-29 14:20:00,516.0549926757812,516.0999755859375,515.6500244140625,515.8250122070312,24683
2025-09-29 14:21:00,516.2100219726562,516.3060302734375,515.97998046875,516.0399780273438,36954
2025-09-29 14:22:00,516.3251953125,516.844970703125,516.260009765625,516.27001953125,42256
2025-09-29 14:23:00,516.39501953125,516.4600219726562,516.1900024414062,516.3292236328125,20451
2025-09-29 14:24:00,516.625,516.635009765625,516.4000244140625,516.4199829101562,18074
2025-09-29 14:25:00,516.4451293945312,516.719970703125,516.4000244140625,516.6300048828125,33527
2025-09-29 14:26:00,516.52001953125,516.5750122070312,516.3200073242188,516.5,33290
2025-09-29 14:27:00,516.0650024414062,516.5599975585938,515.875,516.489990234375,31075
2025-09-29 14:28:00,515.875,516.269775390625,515.8400268554688,516.12060546875,57537
2025-09-29 14:29:00,515.7349853515625,515.8599853515625,515.655029296875,515.8599853515625,21850
2025-09-29 14:30:00,515.3319702148438,515.6599731445312,515.280029296875,515.6400146484375,21305
2025-09-29 14:31:00,515.4349975585938,515.5499877929688,515.310791015625,515.310791015625,11758
2025-09-29 14:32:00,515.4099731445312,515.6400146484375,515.4099731445312,515.4600219726562,23414
2025-09-29 14:33:00,515.3400268554688,515.4099731445312,515.22998046875,515.4099731445312,24442
2025-09-29 14:34:00,515.3599853515625,515.3699951171875,515.0800170898438,515.3300170898438,28486
2025-09-29 14:35:00,515.0999755859375,515.3699951171875,514.8099975585938,515.3699951171875,27462
2025-09-29 14:36:00,514.9349975585938,515.1500244140625,514.9349975585938,515.010009765625,14851
2025-09-29 14:37:00,514.5800170898438,514.969970703125,514.5800170898438,514.9149780273438,16699
2025-09-29 14:38:00,514.5599975585938,514.6300048828125,514.4199829101562,514.5800170898438,20885
2025-09-29 14:39:00,514.77001953125,514.7899780273438,514.469970703125,514.5335083007812,1707031
2025-09-29 14:40:00,514.6799926757812,514.9000244140625,514.6649780273438,514.75,0
2025-09-29 14:41:00,514.739990234375,514.9298706054688,514.6614990234375,514.6614990234375,15177
2025-09-29 14:42:00,514.6699829101562,514.7000122070312,514.5289916992188,514.7000122070312,12758
2025-09-29 14:43:00,514.4949951171875,514.6500244140625,514.489990234375,514.64501953125,18268
2025-09-29 14:44:00,515.10498046875,515.1300048828125,514.5150146484375,514.530029296875,23430
2025-09-29 14:45:00,514.8900146484375,515.1998901367188,514.8900146484375,515.10498046875,16714
2025-09-29 14:46:00,514.9000244140625,514.989990234375,514.8218994140625,514.875,23526
2025-09-29 14:47:00,515.1099853515625,515.1099853515625,514.9000244140625,514.9000244140625,13179
2025-09-29 14:48:00,515.1799926757812,515.3298950195312,515.1199951171875,515.1300048828125,19755
2025-09-29 14:49:00,514.989990234375,515.2249755859375,514.97998046875,515.1799926757812,19134
2025-09-29 14:50:00,515.0499877929688,515.3400268554688,514.9400024414062,514.9400024414062,24467
2025-09-29 14:51:00,514.8800048828125,515.1900024414062,514.8800048828125,515.0499877929688,21101
2025-09-29 14:52:00,514.9149780273438,515.0399780273438,514.8599853515625,514.8800048828125,13607
2025-09-29 14:53:00,514.739990234375,514.9349975585938,514.7050170898438,514.8800048828125,16398
2025-09-29 14:54:00,514.760009765625,514.8399047851562,514.6900024414062,514.7000122070312,13907
2025-09-29 14:55:00,514.8820190429688,514.9650268554688,514.7650146484375,514.780029296875,13196
2025-09-29 14:56:00,514.5700073242188,514.9249877929688,514.5700073242188,514.8400268554688,21657
2025-09-29 14:57:00,514.5349731445312,514.7100219726562,514.530029296875,514.5700073242188,10179
2025-09-29 14:58:00,514.5100708007812,514.7150268554688,514.4813232421875,514.5900268554688,20064
2025-09-29 14:59:00,514.25,514.5399780273438,514.219970703125,514.5399780273438,21233
2025-09-29 15:00:00,514.1300048828125,514.3099975585938,514.0399780273438,514.2899780273438,16445
2025-09-29 15:01:00,514.1900024414062,514.2650146484375,514.0900268554688,514.1640014648438,14136
2025-09-29 15:02:00,514.405029296875,514.47998046875,514.1799926757812,514.2000122070312,15909
2025-09-29 15:03:00,514.3599853515625,514.4500122070312,514.219970703125,514.4000244140625,26013
2025-09-29 15:04:00,514.4149780273438,514.4525146484375,514.3400268554688,514.3499755859375,8788
2025-09-29 15:05:00,514.405029296875,514.594970703125,514.3250122070312,514.3900146484375,11370
2025-09-29 15:06:00,514.5399780273438,514.5399780273438,514.239990234375,514.3599853515625,12665
2025-09-29 15:07:00,514.3400268554688,514.530029296875,514.2899780273438,514.52001953125,15433
2025-09-29 15:08:00,514.5050048828125,514.5900268554688,514.3200073242188,514.326904296875,12813
2025-09-29 15:09:00,514.1900024414062,514.4650268554688,514.1900024414062,514.4650268554688,20563
2025-09-29 15:10:00,514.190185546875,514.3350219726562,514.0750122070312,514.2050170898438,23829
2025-09-29 15:11:00,513.719970703125,514.1849975585938,513.719970703125,514.1699829101562,21488
2025-09-29 15:12:00,513.3300170898438,513.6599731445312,513.1400146484375,513.6599731445312,20735
2025-09-29 15:13:00,513.3461303710938,513.3499145507812,513.2100219726562,513.27001953125,11067
2025-09-29 15:14:00,513.219970703125,513.3599853515625,513.0999755859375,513.3150024414062,15291
2025-09-29 15:15:00,512.7000732421875,513.1859130859375,512.6900024414062,513.0900268554688,20601
2025-09-29 15:16:00,512.6649780273438,512.97998046875,512.625,512.760009765625,19039
2025-09-29 15:17:00,512.5800170898438,512.740478515625,512.530029296875,512.6649780273438,14861
2025-09-29 15:18:00,512.9600219726562,512.969970703125,512.655029296875,512.655029296875,12139
2025-09-29 15:19:00,512.8300170898438,512.97998046875,512.8300170898438,512.969970703125,11114
2025-09-29 15:20:00,512.4500732421875,512.7899780273438,512.4000244140625,512.75,17144
2025-09-29 15:21:00,512.5900268554688,512.6950073242188,512.469970703125,512.5,12774
2025-09-29 15:22:00,512.6099853515625,512.8800048828125,512.6083984375,512.6300048828125,12981
2025-09-29 15:23:00,512.9349975585938,512.989990234375,512.5800170898438,512.5800170898438,11490
2025-09-29 15:24:00,512.7550048828125,513.0,512.6900024414062,512.9349975585938,28443
2025-09-29 15:25:00,512.6900024414062,512.9172973632812,512.5900268554688,512.8200073242188,10609
2025-09-29 15:26:00,512.6749877929688,512.72998046875,512.5531005859375,512.6950073242188,7848
2025-09-29 15:27:00,512.6900024414062,512.77001953125,512.6099853515625,512.6749877929688,9042
2025-09-29 15:28:00,512.530029296875,512.780029296875,512.5,512.7050170898438,15708
2025-09-29 15:29:00,512.969970703125,513.0299072265625,512.5549926757812,512.5549926757812,19860
2025-09-29 15:30:00,513.2000122070312,513.280029296875,512.9794921875,513.0,18677
2025-09-29 15:31:00,513.0650024414062,513.239990234375,513.0317993164062,513.239990234375,8305
2025-09-29 15:32:00,513.2449951171875,513.2849731445312,513.0399780273438,513.0700073242188,18813
2025-09-29 15:33:00,513.2830810546875,513.3800048828125,513.2100219726562,513.239990234375,14266
2025-09-29 15:34:00,513.3099975585938,513.4000244140625,513.239990234375,513.3026733398438,11872
2025-09-29 15:35:00,513.3499755859375,513.5700073242188,513.3200073242188,513.3800048828125,15674
2025-09-29 15:36:00,513.356201171875,513.4450073242188,513.2000122070312,513.3499755859375,9516
2025-09-29 15:37:00,513.344970703125,513.4650268554688,513.219970703125,513.4099731445312,20411
2025-09-29 15:38:00,513.2999877929688,513.3499755859375,513.22998046875,513.3200073242188,9960
2025-09-29 15:39:00,513.239990234375,513.2550048828125,513.0501098632812,513.25,12976
2025-09-29 15:40:00,513.0250244140625,513.2100219726562,513.0,513.2000122070312,14203
2025-09-29 15:41:00,513.0399780273438,513.2498779296875,513.0399780273438,513.0941162109375,11512
2025-09-29 15:42:00,513.135009765625,513.159912109375,513.010009765625,513.010009765625,6547
2025-09-29 15:43:00,513.0800170898438,513.1500244140625,512.9199829101562,513.125,22147
2025-09-29 15:44:00,513.280029296875,513.3399047851562,513.0800170898438,513.0800170898438,17273
2025-09-29 15:45:00,513.1243896484375,513.260009765625,513.0700073242188,513.25,23520
2025-09-29 15:46:00,513.1699829101562,513.3070068359375,513.0900268554688,513.125,12103
2025-09-29 15:47:00,513.260009765625,513.2899780273438,513.1900024414062,513.22998046875,6241
2025-09-29 15:48:00,513.0900268554688,513.2750244140625,513.0709838867188,513.2750244140625,7711
2025-09-29 15:49:00,513.0800170898438,513.0999755859375,513.0,513.0999755859375,10824
2025-09-29 15:50:00,513.010009765625,513.1199951171875,512.9600219726562,513.0800170898438,11720
2025-09-29 15:51:00,513.1400146484375,513.2050170898438,512.94677734375,512.969970703125,16002
2025-09-29 15:52:00,513.0418701171875,513.1621704101562,513.02001953125,513.1621704101562,5605
2025-09-29 15:53:00,513.212890625,513.212890625,513.0004272460938,513.02001953125,11091
2025-09-29 15:54:00,513.6213989257812,513.6213989257812,513.22998046875,513.22998046875,10327
2025-09-29 15:55:00,513.47998046875,513.77001953125,513.47998046875,513.5900268554688,11053
2025-09-29 15:56:00,513.530029296875,513.530029296875,513.35009765625,513.5198974609375,22292
2025-09-29 15:57:00,513.8800048828125,513.8800048828125,513.5750122070312,513.5750122070312,13532
2025-09-29 15:58:00,513.4288940429688,513.9893188476562,513.4288940429688,513.8599853515625,17476
2025-09-29 15:59:00,513.5499877929688,513.6199951171875,513.4000854492188,513.4500122070312,8705
2025-09-29 16:00:00,513.5399780273438,513.7680053710938,513.52001953125,513.6900024414062,9525
2025-09-29 16:01:00,513.60498046875,513.6950073242188,513.5999755859375,513.6300048828125,6718
2025-09-29 16:02:00,513.6699829101562,513.7000122070312,513.5499877929688,513.64501953125,8428
2025-09-29 16:03:00,513.739990234375,513.7994995117188,513.6124877929688,513.6900024414062,10379
2025-09-29 16:04:00,513.8035278320312,513.8099975585938,513.7150268554688,513.7960205078125,5931
2025-09-29 16:05:00,513.8049926757812,513.8900146484375,513.751708984375,513.8049926757812,13583
2025-09-29 16:06:00,513.8300170898438,513.9500122070312,513.8099975585938,513.8099975585938,10550
2025-09-29 16:07:00,514.0399780273438,514.0399780273438,513.8201293945312,513.8499755859375,30230
2025-09-29 16:08:00,514.1818237304688,514.2050170898438,514.0599975585938,514.0700073242188,10807
2025-09-29 16:09:00,514.3300170898438,514.37939453125,514.2987060546875,514.2999267578125,9784
2025-09-29 16:10:00,514.614990234375,514.6500244140625,514.3599853515625,514.3800048828125,18404
2025-09-29 16:11:00,514.4301147460938,514.614990234375,514.375,514.614990234375,18581
2025-09-29 16:12:00,514.6900024414062,514.75,514.5250244140625,514.5499877929688,12636
2025-09-29 16:13:00,514.77001953125,514.7899780273438,514.6190185546875,514.6400146484375,14674
2025-09-29 16:14:00,515.0549926757812,515.1099853515625,514.75,514.780029296875,17999
2025-09-29 16:15:00,514.9199829101562,515.1400146484375,514.9149780273438,515.0650024414062,18896
2025-09-29 16:16:00,514.5999755859375,514.989990234375,514.5499267578125,514.9299926757812,23974
2025-09-29 16:17:00,514.1801147460938,514.5800170898438,514.1801147460938,514.5800170898438,13935
2025-09-29 16:18:00,514.422119140625,514.4299926757812,514.2965698242188,514.3250122070312,9260
2025-09-29 16:19:00,514.7000122070312,514.7000122070312,514.5050048828125,514.5050048828125,14612
2025-09-29 16:20:00,514.6199951171875,514.7349853515625,514.5800170898438,514.7086181640625,8506
2025-09-29 16:21:00,514.6699829101562,514.7449951171875,514.5599975585938,514.635009765625,8274
2025-09-29 16:22:00,515.1099853515625,515.1099853515625,514.655029296875,514.655029296875,20446
2025-09-29 16:23:00,515.344970703125,515.3900146484375,515.1500244140625,515.1799926757812,22763
2025-09-29 16:24:00,515.4110107421875,515.4110107421875,515.1420288085938,515.2999877929688,10995
2025-09-29 16:25:00,515.1875,515.4450073242188,515.1600952148438,515.4400024414062,10645
2025-09-29 16:26:00,515.0800170898438,515.25,515.0700073242188,515.1799926757812,13438
2025-09-29 16:27:00,515.2506713867188,515.280029296875,515.0650024414062,515.0900268554688,7600
2025-09-29 16:28:00,515.2227172851562,515.3099975585938,515.2100219726562,515.25,10340
2025-09-29 16:29:00,515.260009765625,515.280029296875,515.114990234375,515.2282104492188,13104
2025-09-29 16:30:00,515.4299926757812,515.4400024414062,515.2100219726562,515.25,18555
2025-09-29 16:31:00,515.3800048828125,515.5399780273438,515.3699951171875,515.4199829101562,19230
2025-09-29 16:32:00,515.4149780273438,515.4594116210938,515.3699951171875,515.3900146484375,5914
2025-09-29 16:33:00,515.64501953125,515.64501953125,515.4400024414062,515.4400024414062,7273
2025-09-29 16:34:00,515.5927124023438,515.719970703125,515.5399780273438,515.6300048828125,13818
2025-09-29 16:35:00,515.5339965820312,515.7299194335938,515.47998046875,515.6099853515625,12501
2025-09-29 16:36:00,515.55322265625,515.5999755859375,515.4400024414062,515.52001953125,13041
2025-09-29 16:37:00,515.4000244140625,515.5050048828125,515.385009765625,515.5,12205
2025-09-29 16:38:00,515.5399780273438,515.5650024414062,515.3900146484375,515.4099731445312,10104
2025-09-29 16:39:00,515.469970703125,515.6199951171875,515.469970703125,515.5900268554688,8058
2025-09-29 16:40:00,515.510009765625,515.6058959960938,515.47998046875,515.5,8729
2025-09-29 16:41:00,515.4199829101562,515.5499877929688,515.4199829101562,515.4503784179688,9240
2025-09-29 16:42:00,515.4099731445312,515.5250244140625,515.4099731445312,515.4600219726562,9603
2025-09-29 16:43:00,515.3001098632812,515.4368286132812,515.2501220703125,515.405029296875,13099
2025-09-29 16:44:00,515.280029296875,515.3250122070312,515.1781005859375,515.27001953125,15496
2025-09-29 16:45:00,515.0599975585938,515.280029296875,514.989990234375,515.27001953125,17317
2025-09-29 16:46:00,515.068603515625,515.2999877929688,515.068603515625,515.1300048828125,6686
2025-09-29 16:47:00,515.0399780273438,515.0850219726562,514.9500122070312,515.0850219726562,14043
2025-09-29 16:48:00,514.989990234375,515.0399780273438,514.8699951171875,515.0349731445312,26992
2025-09-29 16:49:00,515.02001953125,515.1199951171875,514.9608154296875,515.02001953125,13770
2025-09-29 16:50:00,515.14501953125,515.1599731445312,514.9500122070312,515.0346069335938,17711
2025-09-29 16:51:00,514.9199829101562,515.1749877929688,514.89599609375,515.1749877929688,8820
2025-09-29 16:52:00,514.6976928710938,514.8800048828125,514.6699829101562,514.8800048828125,12008
2025-09-29 16:53:00,514.7100219726562,514.7996215820312,514.5999755859375,514.6500244140625,13004
2025-09-29 16:54:00,514.6199951171875,514.719970703125,514.6099853515625,514.719970703125,8180
2025-09-29 16:55:00,514.6099853515625,514.7100219726562,514.5692138671875,514.6699829101562,19654
2025-09-29 16:56:00,514.6649780273438,514.7399291992188,514.5401000976562,514.655029296875,15985
2025-09-29 16:57:00,514.47998046875,514.6998901367188,514.47998046875,514.6699829101562,13506
2025-09-29 16:58:00,514.739990234375,514.760009765625,514.4650268554688,514.489990234375,14898
2025-09-29 16:59:00,514.8300170898438,514.8897705078125,514.75,514.75,10310
2025-09-29 17:00:00,514.9000244140625,514.9498901367188,514.75,514.8200073242188,8755
2025-09-29 17:01:00,514.69873046875,514.9298706054688,514.69873046875,514.9298706054688,20862
2025-09-29 17:02:00,514.5999755859375,514.7000122070312,514.5999755859375,514.6900024414062,12214
2025-09-29 17:03:00,514.4500122070312,514.5850219726562,514.39501953125,514.5850219726562,19001
2025-09-29 17:04:00,514.6900024414062,514.7794189453125,514.4600219726562,514.4949951171875,10135
2025-09-29 17:05:00,514.6799926757812,514.760009765625,514.6282958984375,514.6699829101562,14158
2025-09-29 17:06:00,514.905029296875,514.9199829101562,514.6799926757812,514.7048950195312,10092
2025-09-29 17:07:00,515.0700073242188,515.1799926757812,514.9299926757812,514.9299926757812,11922
2025-09-29 17:08:00,515.1400146484375,515.1649780273438,515.0250244140625,515.0700073242188,14144
2025-09-29 17:09:00,515.3300170898438,515.3400268554688,515.1099853515625,515.1400146484375,11599
2025-09-29 17:10:00,515.4099731445312,515.4498901367188,515.3300170898438,515.3699951171875,12736
2025-09-29 17:11:00,515.2100219726562,515.4400024414062,515.1901245117188,515.4199829101562,25840
2025-09-29 17:12:00,515.0599975585938,515.219970703125,515.0399780273438,515.219970703125,7010
2025-09-29 17:13:00,515.010009765625,515.030029296875,514.9099731445312,514.989990234375,11088
2025-09-29 17:14:00,514.8499755859375,514.969970703125,514.8499755859375,514.969970703125,15050
2025-09-29 17:15:00,514.9500122070312,514.989990234375,514.85009765625,514.8699951171875,19626
2025-09-29 17:16:00,515.0800170898438,515.0999755859375,514.9500122070312,514.989990234375,10889
2025-09-29 17:17:00,515.3300170898438,515.3300170898438,515.0,515.037109375,9757
2025-09-29 17:18:00,515.2902221679688,515.3800048828125,515.2902221679688,515.3300170898438,9280
2025-09-29 17:19:00,515.25,515.4099731445312,515.25,515.4000244140625,7776
2025-09-29 17:20:00,515.1799926757812,515.239990234375,515.1300048828125,515.239990234375,5959
2025-09-29 17:21:00,515.22998046875,515.2899780273438,515.1900024414062,515.2000122070312,9009
2025-09-29 17:22:00,515.27001953125,515.4194946289062,515.2100219726562,515.2100219726562,10443
2025-09-29 17:23:00,515.3900146484375,515.4400024414062,515.280029296875,515.2899780273438,10941
2025-09-29 17:24:00,515.1699829101562,515.4099731445312,515.1201171875,515.4000244140625,21844
2025-09-29 17:25:00,515.1599731445312,515.2545776367188,515.1439208984375,515.2100219726562,7500
2025-09-29 17:26:00,515.3300170898438,515.3485107421875,515.1199951171875,515.1599731445312,6294
2025-09-29 17:27:00,515.08251953125,515.2999877929688,515.08251953125,515.2999877929688,7946
2025-09-29 17:28:00,514.9199829101562,515.1168212890625,514.9199829101562,515.0800170898438,10896
2025-09-29 17:29:00,514.9600219726562,515.0,514.9000244140625,514.9450073242188,11141
2025-09-29 17:30:00,514.780029296875,515.0,514.7600708007812,515.0,11023
2025-09-29 17:31:00,514.8400268554688,514.9099731445312,514.75,514.77001953125,15032
2025-09-29 17:32:00,514.6199951171875,514.7100219726562,514.4700927734375,514.7100219726562,20784
2025-09-29 17:33:00,514.760009765625,514.77001953125,514.5700073242188,514.6500244140625,13327
2025-09-29 17:34:00,514.6500244140625,514.8400268554688,514.6099853515625,514.7401123046875,11465
2025-09-29 17:35:00,514.6300048828125,514.6749877929688,514.5809936523438,514.6300048828125,7193
2025-09-29 17:36:00,514.6300048828125,514.719970703125,514.5900268554688,514.6699829101562,8017
2025-09-29 17:37:00,514.510009765625,514.739990234375,514.4949951171875,514.6802978515625,9267
2025-09-29 17:38:00,514.3699951171875,514.5,514.3699951171875,514.4099731445312,9988
2025-09-29 17:39:00,514.530029296875,514.5499877929688,514.4099731445312,514.4199829101562,7830
2025-09-29 17:40:00,514.72998046875,514.72998046875,514.5650024414062,514.5800170898438,15355
2025-09-29 17:41:00,514.75,514.8098754882812,514.530029296875,514.7100219726562,12506
2025-09-29 17:42:00,514.780029296875,514.7999877929688,514.72998046875,514.739990234375,12260
2025-09-29 17:43:00,514.7000122070312,514.760009765625,514.6400146484375,514.7000122070312,7967
2025-09-29 17:44:00,514.6400146484375,514.6599731445312,514.5700073242188,514.6500244140625,7416
2025-09-29 17:45:00,514.6400146484375,514.7000122070312,514.55810546875,514.5900268554688,9569
2025-09-29 17:46:00,514.5,514.5900268554688,514.489990234375,514.5599975585938,10739
2025-09-29 17:47:00,514.4600219726562,514.5399780273438,514.4099731445312,514.4500122070312,9485
2025-09-29 17:48:00,514.4500122070312,514.5399169921875,514.3900146484375,514.47998046875,9387
2025-09-29 17:49:00,514.4500732421875,514.52001953125,514.361572265625,514.4000244140625,9654
2025-09-29 17:50:00,514.5499877929688,514.5499877929688,514.4500122070312,514.4500122070312,14220
2025-09-29 17:51:00,514.7100219726562,514.7349853515625,514.5399780273438,514.5399780273438,13847
2025-09-29 17:52:00,514.8300170898438,514.8300170898438,514.6699829101562,514.719970703125,10869
2025-09-29 17:53:00,514.7150268554688,514.8300170898438,514.7150268554688,514.8099975585938,8095
2025-09-29 17:54:00,514.780029296875,514.8198852539062,514.7100830078125,514.75,6613
2025-09-29 17:55:00,514.6441040039062,514.7750244140625,514.6300048828125,514.7750244140625,5790
2025-09-29 17:56:00,514.6099853515625,514.72998046875,514.6099853515625,514.6323852539062,6985
2025-09-29 17:57:00,514.5,514.6099853515625,514.4400024414062,514.6099853515625,6214
2025-09-29 17:58:00,514.4100952148438,514.5103759765625,514.3984985351562,514.5103759765625,8608
2025-09-29 17:59:00,514.3800048828125,514.464111328125,514.364990234375,514.4400024414062,6072
2025-09-29 18:00:00,514.4000244140625,514.4199829101562,514.280029296875,514.3900146484375,12973
2025-09-29 18:01:00,514.510009765625,514.5599975585938,514.3250122070312,514.385009765625,19116
2025-09-29 18:02:00,514.5449829101562,514.635009765625,514.5449829101562,514.635009765625,4817
2025-09-29 18:03:00,514.6801147460938,514.6849975585938,514.5549926757812,514.5549926757812,6363
2025-09-29 18:04:00,514.72998046875,514.7849731445312,514.6799926757812,514.6799926757812,8869
2025-09-29 18:05:00,514.6400146484375,514.7504272460938,514.5700073242188,514.75,12056
2025-09-29 18:06:00,514.4400024414062,514.6497802734375,514.4400024414062,514.6400146484375,7161
2025-09-29 18:07:00,514.39501953125,514.47998046875,514.3800048828125,514.4400024414062,7239
2025-09-29 18:08:00,514.0999755859375,514.3922119140625,514.0999755859375,514.3800048828125,16779
2025-09-29 18:09:00,514.0599975585938,514.135009765625,513.97998046875,514.0850219726562,14785
2025-09-29 18:10:00,514.219970703125,514.239990234375,514.0499877929688,514.0800170898438,13481
2025-09-29 18:11:00,514.3984985351562,514.4301147460938,514.25,514.25,10821
2025-09-29 18:12:00,514.510009765625,514.6300048828125,514.385009765625,514.385009765625,13166
2025-09-29 18:13:00,514.5900268554688,514.6900024414062,514.5399780273438,514.5399780273438,9163
2025-09-29 18:14:00,514.6900024414062,514.7393798828125,514.5599975585938,514.5850219726562,11249
2025-09-29 18:15:00,514.739990234375,514.8099975585938,514.6300048828125,514.6900024414062,13249
2025-09-29 18:16:00,514.719970703125,514.8099975585938,514.7100219726562,514.7650146484375,8397
2025-09-29 18:17:00,514.510009765625,514.6799926757812,514.489990234375,514.6799926757812,8524
2025-09-29 18:18:00,514.5764770507812,514.5800170898438,514.489990234375,514.49169921875,8866
2025-09-29 18:19:00,514.5700073242188,514.60498046875,514.5349731445312,514.5750122070312,6210
2025-09-29 18:20:00,514.5999755859375,514.6300048828125,514.469970703125,514.5399780273438,13167
2025-09-29 18:21:00,514.711181640625,514.7650146484375,514.614990234375,514.625,13764
2025-09-29 18:22:00,514.6599731445312,514.72998046875,514.6511840820312,514.72998046875,6396
2025-09-29 18:23:00,514.6599731445312,514.6849975585938,514.5900268554688,514.6599731445312,16539
2025-09-29 18:24:00,514.6500244140625,514.6699829101562,514.5900268554688,514.6351928710938,9477
2025-09-29 18:25:00,514.7999877929688,514.8099975585938,514.6950073242188,514.6950073242188,8321
2025-09-29 18:26:00,514.9550170898438,514.969970703125,514.7611083984375,514.8099975585938,17013
2025-09-29 18:27:00,514.8499755859375,514.97998046875,514.8499755859375,514.9600219726562,19982
2025-09-29 18:28:00,514.780029296875,514.8729248046875,514.760009765625,514.8729248046875,16212
2025-09-29 18:29:00,514.8800048828125,514.9500122070312,514.72998046875,514.7449951171875,17621
2025-09-29 18:30:00,514.8900146484375,514.905029296875,514.7890014648438,514.8499755859375,11507
2025-09-29 18:31:00,514.9650268554688,514.9650268554688,514.8200073242188,514.8499755859375,14171
2025-09-29 18:32:00,514.9199829101562,515.02001953125,514.8900146484375,514.9650268554688,36099
2025-09-29 18:33:00,514.8400268554688,514.9349975585938,514.7100219726562,514.934814453125,16100
2025-09-29 18:34:00,514.75,514.9099731445312,514.719970703125,514.8875122070312,12874
2025-09-29 18:35:00,514.8175048828125,514.8175048828125,514.72998046875,514.7449951171875,6838
2025-09-29 18:36:00,514.7999877929688,514.8800048828125,514.7675170898438,514.8049926757812,9578
2025-09-29 18:37:00,514.7899780273438,514.8699951171875,514.7849731445312,514.8599853515625,8925
2025-09-29 18:38:00,514.6317138671875,514.8630981445312,514.625,514.8200073242188,7850
2025-09-29 18:39:00,514.4600219726562,514.6300048828125,514.4500122070312,514.6300048828125,7950
2025-09-29 18:40:00,514.6500244140625,514.6599731445312,514.4600219726562,514.4600219726562,13999
2025-09-29 18:41:00,514.6400146484375,514.7150268554688,514.5349731445312,514.6500244140625,26744
2025-09-29 18:42:00,514.6699829101562,514.6799926757812,514.5531005859375,514.6799926757812,8518
2025-09-29 18:43:00,514.7540893554688,514.8499755859375,514.6199951171875,514.64501953125,11610
2025-09-29 18:44:00,514.6749877929688,514.7999877929688,514.6699829101562,514.7349853515625,12990
2025-09-29 18:45:00,514.6799926757812,514.8200073242188,514.6500244140625,514.6599731445312,12811
2025-09-29 18:46:00,514.64501953125,514.7423706054688,514.6300048828125,514.739990234375,7679
2025-09-29 18:47:00,514.7899780273438,514.7899780273438,514.5800170898438,514.6500244140625,14751
2025-09-29 18:48:00,514.6727294921875,514.760009765625,514.6599731445312,514.760009765625,10337
2025-09-29 18:49:00,514.5999755859375,514.6799926757812,514.5800170898438,514.6799926757812,8552
2025-09-29 18:50:00,514.47998046875,514.594970703125,514.4600219726562,514.5900268554688,7722
2025-09-29 18:51:00,514.52001953125,514.5706787109375,514.47998046875,514.47998046875,6124
2025-09-29 18:52:00,514.4849853515625,514.5499877929688,514.469970703125,514.5,12086
2025-09-29 18:53:00,514.5,514.510009765625,514.4500122070312,514.4600219726562,4760
2025-09-29 18:54:00,514.532470703125,514.5499877929688,514.469970703125,514.5050048828125,7609
2025-09-29 18:55:00,514.52001953125,514.6199951171875,514.489990234375,514.5449829101562,11805
2025-09-29 18:56:00,514.6400146484375,514.6950073242188,514.510009765625,514.510009765625,11054
2025-09-29 18:57:00,514.6599731445312,514.7000122070312,514.5800170898438,514.6599731445312,8905
2025-09-29 18:58:00,514.6799926757812,514.7100219726562,514.6599731445312,514.6696166992188,7366
2025-09-29 18:59:00,514.7100219726562,514.75,514.6799926757812,514.6799926757812,12652
2025-09-29 19:00:00,514.5700073242188,514.7100219726562,514.5599975585938,514.7100219726562,7920
2025-09-29 19:01:00,514.3599853515625,514.5599975585938,514.3599853515625,514.5499877929688,17208
2025-09-29 19:02:00,514.4400024414062,514.5499877929688,514.3499755859375,514.3599853515625,14598
2025-09-29 19:03:00,514.564697265625,514.5800170898438,514.4149780273438,514.4550170898438,7582
2025-09-29 19:04:00,514.7100219726562,514.75,514.530029296875,514.5399780273438,15070
2025-09-29 19:05:00,514.5250244140625,514.7100219726562,514.4650268554688,514.7100219726562,37403
2025-09-29 19:06:00,514.4400024414062,514.5700073242188,514.4099731445312,514.5499877929688,20530
2025-09-29 19:07:00,514.2899780273438,514.4199829101562,514.25,514.4199829101562,13699
2025-09-29 19:08:00,514.2650146484375,514.4111938476562,514.2650146484375,514.2750244140625,8693
2025-09-29 19:09:00,514.1900024414062,514.3098754882812,514.1199951171875,514.27001953125,14296
2025-09-29 19:10:00,514.3300170898438,514.3699951171875,514.202392578125,514.2600708007812,17719
2025-09-29 19:11:00,514.27001953125,514.3909301757812,514.2216186523438,514.3909301757812,11715
2025-09-29 19:12:00,514.22998046875,514.2999877929688,514.219970703125,514.27001953125,18052
2025-09-29 19:13:00,514.3099975585938,514.3699951171875,514.260009765625,514.2899780273438,11145
2025-09-29 19:14:00,514.3599853515625,514.3599853515625,514.280029296875,514.3049926757812,11093
2025-09-29 19:15:00,513.9299926757812,514.405029296875,513.9006958007812,514.4000244140625,34021
2025-09-29 19:16:00,513.9299926757812,514.02001953125,513.9000244140625,513.9299926757812,21893
2025-09-29 19:17:00,514.010009765625,514.02001953125,513.864990234375,513.9500122070312,20700
2025-09-29 19:18:00,514.1823120117188,514.260009765625,513.905029296875,514.010009765625,22426
2025-09-29 19:19:00,514.260009765625,514.3200073242188,514.0599975585938,514.2059936523438,25102
2025-09-29 19:20:00,514.4450073242188,514.47998046875,514.27001953125,514.27001953125,16918
2025-09-29 19:21:00,514.5399780273438,514.6500244140625,514.4600219726562,514.4600219726562,18105
2025-09-29 19:22:00,514.6199951171875,514.6199951171875,514.4550170898438,514.5,18517
2025-09-29 19:23:00,514.6799926757812,514.7100219726562,514.5399780273438,514.6099853515625,24093
2025-09-29 19:24:00,514.5700073242188,514.6849975585938,514.52001953125,514.6849975585938,13454
2025-09-29 19:25:00,514.7559814453125,514.7559814453125,514.51123046875,514.5599975585938,20938
2025-09-29 19:26:00,514.75,514.7874755859375,514.6599731445312,514.72998046875,19289
2025-09-29 19:27:00,514.864990234375,514.8800048828125,514.6920166015625,514.7000122070312,15450
2025-09-29 19:28:00,514.9600219726562,514.9600219726562,514.8699951171875,514.8800048828125,16033
2025-09-29 19:29:00,514.739990234375,514.989990234375,514.6599731445312,514.989990234375,20845
2025-09-29 19:30:00,514.7750244140625,514.7899780273438,514.6300048828125,514.719970703125,17679
2025-09-29 19:31:00,514.6599731445312,514.8599853515625,514.64501953125,514.7750244140625,14824
2025-09-29 19:32:00,514.6300048828125,514.72998046875,514.5750122070312,514.6699829101562,20540
2025-09-29 19:33:00,514.8400268554688,514.8400268554688,514.6199951171875,514.625,21691
2025-09-29 19:34:00,514.7899780273438,514.8499755859375,514.719970703125,514.8499755859375,20513
2025-09-29 19:35:00,514.7000122070312,514.8200073242188,514.6500244140625,514.77001953125,28831
2025-09-29 19:36:00,514.719970703125,514.9199829101562,514.7100830078125,514.719970703125,29230
2025-09-29 19:37:00,514.7100219726562,514.780029296875,514.6599731445312,514.6900024414062,22445
2025-09-29 19:38:00,514.6500244140625,514.739990234375,514.60498046875,514.72998046875,17096
2025-09-29 19:39:00,514.60498046875,514.6500244140625,514.5499877929688,514.635009765625,29016
2025-09-29 19:40:00,514.8699951171875,514.9099731445312,514.588623046875,514.6099853515625,22824
2025-09-29 19:41:00,514.6500244140625,514.8400268554688,514.6199951171875,514.8400268554688,22796
2025-09-29 19:42:00,514.4450073242188,514.6597290039062,514.4299926757812,514.6597290039062,21690
2025-09-29 19:43:00,514.385009765625,514.47998046875,514.3800048828125,514.47998046875,22999
2025-09-29 19:44:00,514.4600219726562,514.469970703125,514.2999877929688,514.4000244140625,22581
2025-09-29 19:45:00,514.2999877929688,514.489990234375,514.2999877929688,514.4600219726562,20868
2025-09-29 19:46:00,513.989990234375,514.280029296875,513.9500122070312,514.260009765625,24986
2025-09-29 19:47:00,514.0700073242188,514.1099853515625,513.885009765625,513.969970703125,37092
2025-09-29 19:48:00,514.3099975585938,514.4199829101562,514.0700073242188,514.0700073242188,26540
2025-09-29 19:49:00,514.1699829101562,514.2849731445312,514.0399780273438,514.2849731445312,29399
2025-09-29 19:50:00,514.0599975585938,514.530029296875,514.0175170898438,514.1900024414062,57120
2025-09-29 19:51:00,514.0599975585938,514.135009765625,513.969970703125,514.0800170898438,23004
2025-09-29 19:52:00,513.9713745117188,514.2999877929688,513.9650268554688,514.0800170898438,40015
2025-09-29 19:53:00,513.8800048828125,514.0,513.7750244140625,513.9500122070312,37511
2025-09-29 19:54:00,514.02001953125,514.1699829101562,513.8200073242188,513.8300170898438,51822
2025-09-29 19:55:00,514.1799926757812,514.3599853515625,513.9749755859375,513.9749755859375,65486
2025-09-29 19:56:00,514.08837890625,514.1900024414062,514.02001953125,514.1900024414062,51186
2025-09-29 19:57:00,514.1199951171875,514.1400146484375,514.0,514.0999755859375,55451
2025-09-29 19:58:00,514.280029296875,514.2999877929688,513.9500122070312,514.1300048828125,103434
2025-09-29 19:59:00,514.6799926757812,514.7999877929688,514.260009765625,514.2999877929688,245471
2025-09-30 13:30:00,512.3800048828125,513.1749877929688,512.0599975585938,513.0,511855
2025-09-30 13:31:00,513.3250122070312,513.4500122070312,512.010009765625,512.3900146484375,58559
2025-09-30 13:32:00,511.7799987792969,513.0999755859375,511.6000061035156,513.0999755859375,61509
2025-09-30 13:33:00,510.0,512.0999755859375,510.0,511.79998779296875,97743
2025-09-30 13:34:00,511.3500061035156,511.5,510.0,510.00140380859375,50021
2025-09-30 13:35:00,511.3450012207031,511.84100341796875,511.1600036621094,511.3299865722656,29389
2025-09-30 13:36:00,510.8699951171875,511.4444885253906,510.8599853515625,511.2786865234375,31505
2025-09-30 13:37:00,510.4800109863281,511.17498779296875,510.364990234375,510.8450012207031,36306
2025-09-30 13:38:00,510.0252990722656,510.6199951171875,509.9599914550781,510.4599914550781,59918
2025-09-30 13:39:00,510.239990234375,510.32000732421875,509.6600036621094,510.0299987792969,58752
2025-09-30 13:40:00,510.6600036621094,510.739990234375,510.1400146484375,510.2250061035156,41459
2025-09-30 13:41:00,510.69000244140625,510.8517150878906,510.35198974609375,510.6499938964844,34322
2025-09-30 13:42:00,510.93499755859375,511.04998779296875,510.3500061035156,510.7200012207031,36660
2025-09-30 13:43:00,511.1600036621094,511.239990234375,510.67999267578125,510.92498779296875,34133
2025-09-30 13:44:00,511.6000061035156,511.6499938964844,511.1099853515625,511.1099853515625,25447
2025-09-30 13:45:00,512.14501953125,512.3900146484375,511.3599853515625,511.6199951171875,39738
2025-09-30 13:46:00,512.1500244140625,512.280029296875,512.0,512.0999755859375,25174
2025-09-30 13:47:00,512.4299926757812,512.5900268554688,512.1400146484375,512.14501953125,39450
2025-09-30 13:48:00,512.2899780273438,512.5399780273438,512.2301025390625,512.52001953125,23548
2025-09-30 13:49:00,512.239990234375,512.3400268554688,511.989990234375,512.219970703125,41003
2025-09-30 13:50:00,512.469970703125,512.469970703125,512.1799926757812,512.260009765625,39896
2025-09-30 13:51:00,512.2017822265625,512.469970703125,512.1799926757812,512.4149780273438,34920
2025-09-30 13:52:00,512.27001953125,512.4799194335938,512.0700073242188,512.1950073242188,19645
2025-09-30 13:53:00,512.3900146484375,512.5399780273438,512.22998046875,512.260009765625,26560
2025-09-30 13:54:00,511.92999267578125,512.52001953125,511.86419677734375,512.3599853515625,33822
2025-09-30 13:55:00,512.0999755859375,512.0999755859375,511.55999755859375,511.8900146484375,23387
2025-09-30 13:56:00,512.1300048828125,512.27001953125,512.0800170898438,512.0900268554688,22099
2025-09-30 13:57:00,512.260009765625,512.3300170898438,511.95001220703125,512.1099853515625,14306
2025-09-30 13:58:00,512.4000244140625,512.4199829101562,512.1500244140625,512.2999877929688,14260
2025-09-30 13:59:00,512.72998046875,512.8900146484375,512.4000244140625,512.4400024414062,65604
2025-09-30 14:00:00,513.1599731445312,513.3187866210938,512.5999755859375,512.6799926757812,49418
2025-09-30 14:01:00,513.2056274414062,513.3599853515625,513.0800170898438,513.1099853515625,22120
2025-09-30 14:02:00,513.0900268554688,513.4199829101562,513.010009765625,513.219970703125,26781
2025-09-30 14:03:00,513.4400024414062,513.4400024414062,513.0599975585938,513.1300048828125,17444
2025-09-30 14:04:00,513.510009765625,513.7999877929688,513.4099731445312,513.4099731445312,33308
2025-09-30 14:05:00,513.4500122070312,513.5792236328125,513.2999877929688,513.5499877929688,21488
2025-09-30 14:06:00,513.0599975585938,513.4450073242188,512.8699951171875,513.4450073242188,27783
2025-09-30 14:07:00,512.8753051757812,513.0399780273438,512.6199951171875,513.0,21330
2025-09-30 14:08:00,512.6998901367188,512.8599853515625,512.5100708007812,512.8599853515625,19136
2025-09-30 14:09:00,512.489990234375,512.6300048828125,512.4299926757812,512.6099853515625,33230
2025-09-30 14:10:00,512.6699829101562,512.7335815429688,512.4400024414062,512.4949951171875,22462
2025-09-30 14:11:00,512.5175170898438,512.989990234375,512.47998046875,512.760009765625,42204
2025-09-30 14:12:00,512.8300170898438,512.9199829101562,512.5,512.5,16282
2025-09-30 14:13:00,512.7000122070312,512.9000244140625,512.625,512.77001953125,15537
2025-09-30 14:14:00,512.875,512.9699096679688,512.6799926757812,512.6801147460938,11145
2025-09-30 14:15:00,512.4600219726562,512.864990234375,512.3300170898438,512.864990234375,17242
2025-09-30 14:16:00,512.5,512.5999755859375,512.3599853515625,512.489990234375,13846
2025-09-30 14:17:00,512.760009765625,512.8699951171875,512.5399780273438,512.5599975585938,28573
2025-09-30 14:18:00,512.85498046875,512.9199829101562,512.6900024414062,512.760009765625,8888
2025-09-30 14:19:00,512.3699951171875,512.85498046875,512.3699951171875,512.85498046875,24049
2025-09-30 14:20:00,512.8599853515625,512.989990234375,512.4100952148438,512.47998046875,30046
2025-09-30 14:21:00,512.760009765625,512.9400024414062,512.719970703125,512.864990234375,16621
2025-09-30 14:22:00,513.026123046875,513.1300048828125,512.6900024414062,512.760009765625,22034
2025-09-30 14:23:00,512.7899780273438,512.9920043945312,512.530029296875,512.97998046875,14850
2025-09-30 14:24:00,512.711669921875,513.0,512.6500244140625,512.8800048828125,13646
2025-09-30 14:25:00,512.8099975585938,512.8499755859375,512.6950073242188,512.7349853515625,16917
2025-09-30 14:26:00,512.6699829101562,512.7999877929688,512.6199951171875,512.77001953125,11186
2025-09-30 14:27:00,513.0150146484375,513.1699829101562,512.6649780273438,512.6649780273438,17512
2025-09-30 14:28:00,512.9000244140625,513.0050048828125,512.780029296875,512.9600219726562,14961
2025-09-30 14:29:00,513.0546875,513.1019287109375,512.9000244140625,512.905029296875,14827
2025-09-30 14:30:00,513.1199951171875,513.1199951171875,512.9099731445312,513.0499877929688,23964
2025-09-30 14:31:00,513.27001953125,513.2847900390625,513.0,513.1199951171875,17891
2025-09-30 14:32:00,513.3200073242188,513.4000244140625,513.1707763671875,513.239990234375,19266
2025-09-30 14:33:00,513.2949829101562,513.4000244140625,513.2249755859375,513.3150024414062,13182
2025-09-30 14:34:00,513.1849975585938,513.3300170898438,513.155029296875,513.260009765625,9935
2025-09-30 14:35:00,513.3300170898438,513.3765258789062,513.2100219726562,513.22998046875,14815
2025-09-30 14:36:00,513.2186279296875,513.510009765625,513.2186279296875,513.3499755859375,13311
2025-09-30 14:37:00,513.3800048828125,513.3800048828125,513.1799926757812,513.1799926757812,8506
2025-09-30 14:38:00,513.3300170898438,513.4099731445312,513.2249755859375,513.3800048828125,13725
2025-09-30 14:39:00,513.1950073242188,513.4677734375,513.114990234375,513.2999877929688,19687
2025-09-30 14:40:00,513.6300048828125,513.6300048828125,513.1500244140625,513.1500244140625,16820
2025-09-30 14:41:00,514.2000122070312,514.2000122070312,513.5700073242188,513.6400146484375,37560
2025-09-30 14:42:00,514.489990234375,514.523681640625,514.1649780273438,514.25,29408
2025-09-30 14:43:00,514.0499877929688,514.4940185546875,514.0499877929688,514.4600219726562,20343
2025-09-30 14:44:00,514.3800048828125,514.4600219726562,513.9500122070312,513.989990234375,21200
2025-09-30 14:45:00,514.8842163085938,514.9000244140625,514.3720092773438,514.3720092773438,37459
2025-09-30 14:46:00,515.6199951171875,515.6199951171875,514.8400268554688,514.9099731445312,57406
2025-09-30 14:47:00,515.3499755859375,515.739990234375,515.2501220703125,515.614990234375,27970
2025-09-30 14:48:00,516.02001953125,516.1500244140625,515.3842163085938,515.39501953125,57476
2025-09-30 14:49:00,515.6296997070312,516.0700073242188,515.5050048828125,515.9849853515625,38436
2025-09-30 14:50:00,515.9400024414062,516.02001953125,515.6199951171875,515.6300048828125,23652
2025-09-30 14:51:00,515.9600219726562,516.369873046875,515.8900146484375,515.969970703125,38201
2025-09-30 14:52:00,516.239990234375,516.267578125,515.9520263671875,515.9550170898438,17892
2025-09-30 14:53:00,516.4400024414062,516.5549926757812,516.1431884765625,516.2559814453125,48074
2025-09-30 14:54:00,516.22998046875,516.5,516.0349731445312,516.4400024414062,21658
2025-09-30 14:55:00,516.4500122070312,516.5800170898438,516.2349853515625,516.260009765625,45964
2025-09-30 14:56:00,516.0499877929688,516.4199829101562,516.0399780273438,516.4000244140625,37785
2025-09-30 14:57:00,516.469970703125,516.469970703125,516.030029296875,516.030029296875,31051
2025-09-30 14:58:00,516.5750122070312,516.5900268554688,516.2899780273438,516.5,32518
2025-09-30 14:59:00,516.708984375,516.8400268554688,516.5399780273438,516.648193359375,54038
2025-09-30 15:00:00,516.9500122070312,517.1699829101562,516.5499877929688,516.6599731445312,60840
2025-09-30 15:01:00,517.39501953125,517.6300048828125,516.97998046875,516.97998046875,54334
2025-09-30 15:02:00,517.22998046875,517.469970703125,517.1950073242188,517.4500122070312,29113
2025-09-30 15:03:00,517.5,517.5,517.0900268554688,517.1900024414062,34304
2025-09-30 15:04:00,517.4849853515625,517.5499267578125,517.22998046875,517.5,19275
2025-09-30 15:05:00,517.3499755859375,517.548583984375,517.2100219726562,517.4949951171875,25022
2025-09-30 15:06:00,517.2061157226562,517.4099731445312,517.0999755859375,517.385009765625,25852
2025-09-30 15:07:00,517.3900146484375,517.489990234375,517.0701293945312,517.1699829101562,26649
2025-09-30 15:08:00,517.2550048828125,517.4450073242188,517.1900024414062,517.4450073242188,25975
2025-09-30 15:09:00,517.1400146484375,517.4000244140625,517.114990234375,517.2550048828125,35452
2025-09-30 15:10:00,517.094970703125,517.4000244140625,517.0399780273438,517.1599731445312,42712
2025-09-30 15:11:00,516.4000244140625,517.094970703125,516.280029296875,517.094970703125,36442
2025-09-30 15:12:00,516.4285888671875,516.6300048828125,516.3499755859375,516.4199829101562,17802
2025-09-30 15:13:00,516.2000122070312,516.489990234375,516.1900024414062,516.3599853515625,19009
2025-09-30 15:14:00,515.8900146484375,516.280029296875,515.8699951171875,516.280029296875,20803
2025-09-30 15:15:00,515.9249877929688,516.1099853515625,515.79248046875,515.885009765625,18757
2025-09-30 15:16:00,515.8499755859375,515.9644165039062,515.719970703125,515.8900146484375,20409
2025-09-30 15:17:00,515.8499755859375,515.9299926757812,515.7100219726562,515.8099975585938,32636
2025-09-30 15:18:00,515.77001953125,515.97998046875,515.6704711914062,515.8499755859375,19416
2025-09-30 15:19:00,516.029296875,516.030029296875,515.6900024414062,515.72998046875,25058
2025-09-30 15:20:00,515.75,516.239990234375,515.5399780273438,516.0700073242188,23554
2025-09-30 15:21:00,515.7000122070312,515.8499755859375,515.510009765625,515.760009765625,17818
2025-09-30 15:22:00,515.72998046875,515.8499755859375,515.6400146484375,515.6799926757812,22746
2025-09-30 15:23:00,515.8900146484375,515.9550170898438,515.6900024414062,515.72998046875,18743
2025-09-30 15:24:00,515.7899780273438,516.0,515.75,515.8800048828125,38705
2025-09-30 15:25:00,515.47998046875,515.8800048828125,515.4301147460938,515.8099975585938,69838
2025-09-30 15:26:00,515.4400024414062,515.7000122070312,515.364990234375,515.4990234375,25505
2025-09-30 15:27:00,515.1699829101562,515.489990234375,515.0001220703125,515.47998046875,27027
2025-09-30 15:28:00,514.8599853515625,515.2310180664062,514.8599853515625,515.1699829101562,17687
2025-09-30 15:29:00,514.6500244140625,514.8699951171875,514.6500244140625,514.8599853515625,34138
2025-09-30 15:30:00,514.7301025390625,514.8300170898438,514.611083984375,514.6599731445312,17091
2025-09-30 15:31:00,515.2999877929688,515.2999877929688,514.748779296875,514.748779296875,31070
2025-09-30 15:32:00,515.594970703125,515.594970703125,515.219970703125,515.280029296875,36322
2025-09-30 15:33:00,515.5050048828125,515.6900024414062,515.5050048828125,515.594970703125,16837
2025-09-30 15:34:00,515.469970703125,515.5800170898438,515.3400268554688,515.47998046875,26039
2025-09-30 15:35:00,514.9400024414062,515.6500244140625,514.9099731445312,515.5,47440
2025-09-30 15:36:00,515.0847778320312,515.1849975585938,514.9949951171875,514.9949951171875,22217
2025-09-30 15:37:00,514.9500122070312,515.094970703125,514.8900146484375,515.094970703125,17942
2025-09-30 15:38:00,514.7449951171875,515.219970703125,514.739990234375,515.0,43128
2025-09-30 15:39:00,514.7949829101562,514.989990234375,514.7150268554688,514.7449951171875,10218
2025-09-30 15:40:00,515.3200073242188,515.409912109375,514.8350219726562,514.8350219726562,28217
2025-09-30 15:41:00,515.22998046875,515.4201049804688,514.989990234375,515.27001953125,16732
2025-09-30 15:42:00,515.25,515.4099731445312,515.1400146484375,515.1900024414062,12939
2025-09-30 15:43:00,515.125,515.25,514.9299926757812,515.25,14598
2025-09-30 15:44:00,515.0999755859375,515.1799926757812,515.010009765625,515.0800170898438,10568
2025-09-30 15:45:00,515.22998046875,515.22998046875,514.9400024414062,515.0999755859375,17119
2025-09-30 15:46:00,514.8599853515625,515.2100219726562,514.8599853515625,515.2100219726562,13611
2025-09-30 15:47:00,514.6799926757812,514.9000244140625,514.6699829101562,514.85498046875,88036
2025-09-30 15:48:00,514.8200073242188,514.8599853515625,514.530029296875,514.7249755859375,10830
2025-09-30 15:49:00,515.3300170898438,515.3900146484375,514.875,514.8800048828125,12235
2025-09-30 15:50:00,515.280029296875,515.4000244140625,515.1400146484375,515.3900146484375,16487
2025-09-30 15:51:00,515.719970703125,515.75,515.2899780273438,515.3300170898438,17962
2025-09-30 15:52:00,515.6300048828125,515.7368774414062,515.4984741210938,515.7368774414062,11072
2025-09-30 15:53:00,515.9000244140625,515.9500122070312,515.6599731445312,515.6799926757812,10506
2025-09-30 15:54:00,515.75,515.8900146484375,515.7000122070312,515.8900146484375,9146
2025-09-30 15:55:00,515.6417846679688,515.7899780273438,515.610107421875,515.719970703125,6777
2025-09-30 15:56:00,515.4199829101562,515.6749877929688,515.3400268554688,515.6400146484375,9603
2025-09-30 15:57:00,515.6300048828125,515.719970703125,515.4600219726562,515.4600219726562,12358
2025-09-30 15:58:00,515.9199829101562,515.9495849609375,515.6300048828125,515.6300048828125,16278
2025-09-30 15:59:00,515.9400024414062,515.9600219726562,515.8300170898438,515.9199829101562,9339
2025-09-30 16:00:00,515.97998046875,516.0800170898438,515.9000244140625,515.9000244140625,13401
2025-09-30 16:01:00,516.1500244140625,516.1799926757812,515.885986328125,515.97998046875,15493
2025-09-30 16:02:00,515.7750244140625,516.155029296875,515.7050170898438,516.155029296875,15995
2025-09-30 16:03:00,515.864990234375,515.97998046875,515.8200073242188,515.8300170898438,11331
2025-09-30 16:04:00,515.8400268554688,515.9099731445312,515.760009765625,515.8400268554688,12658
2025-09-30 16:05:00,515.7222900390625,515.8375244140625,515.719970703125,515.8375244140625,5779
2025-09-30 16:06:00,515.80078125,515.8900146484375,515.739990234375,515.77001953125,8763
2025-09-30 16:07:00,515.7899780273438,515.8400268554688,515.760009765625,515.8099975585938,6018
2025-09-30 16:08:00,515.5902709960938,515.7849731445312,515.4199829101562,515.760009765625,16782
2025-09-30 16:09:00,515.7000122070312,515.7550048828125,515.5999755859375,515.6898803710938,6184
2025-09-30 16:10:00,515.7399291992188,515.7399291992188,515.5900268554688,515.6799926757812,6565
2025-09-30 16:11:00,515.6099853515625,515.760009765625,515.6099853515625,515.6599731445312,8549
2025-09-30 16:12:00,515.4000244140625,515.5800170898438,515.340087890625,515.530029296875,9238
2025-09-30 16:13:00,515.27001953125,515.4299926757812,515.27001953125,515.3699951171875,6338
2025-09-30 16:14:00,515.3049926757812,515.3049926757812,515.1300048828125,515.27001953125,7456
2025-09-30 16:15:00,515.3779907226562,515.489990234375,515.2750244140625,515.3300170898438,9757
2025-09-30 16:16:00,515.3350219726562,515.52001953125,515.22998046875,515.375,10989
2025-09-30 16:17:00,515.6900024414062,515.6900024414062,515.3101196289062,515.3350219726562,8262
2025-09-30 16:18:00,516.010009765625,516.030029296875,515.6599731445312,515.6599731445312,10385
2025-09-30 16:19:00,516.1599731445312,516.1799926757812,516.0001220703125,516.030029296875,13684
2025-09-30 16:20:00,516.3400268554688,516.3599853515625,516.1699829101562,516.2000122070312,17547
2025-09-30 16:21:00,516.7999877929688,516.7999877929688,516.3350219726562,516.3400268554688,32798
2025-09-30 16:22:00,516.5700073242188,516.7849731445312,516.5700073242188,516.7249755859375,10804
2025-09-30 16:23:00,516.3499755859375,516.5999755859375,516.2999877929688,516.5499877929688,9945
2025-09-30 16:24:00,516.0999755859375,516.3200073242188,516.0599975585938,516.3200073242188,15323
2025-09-30 16:25:00,516.1599731445312,516.22998046875,516.030029296875,516.1400146484375,10764
2025-09-30 16:26:00,515.8812255859375,516.1400146484375,515.880126953125,516.1400146484375,8691
2025-09-30 16:27:00,515.7999877929688,515.9541015625,515.7999877929688,515.8900146484375,5242
2025-09-30 16:28:00,515.9652709960938,516.0599975585938,515.844970703125,515.844970703125,6869
2025-09-30 16:29:00,515.864990234375,515.9349975585938,515.8099975585938,515.9299926757812,9432
2025-09-30 16:30:00,515.885009765625,516.010009765625,515.8400268554688,515.97998046875,17284
2025-09-30 16:31:00,515.6900024414062,515.897705078125,515.6900024414062,515.897705078125,9888
2025-09-30 16:32:00,515.7899780273438,515.8699951171875,515.7000122070312,515.7000122070312,5830
2025-09-30 16:33:00,515.7249755859375,515.8400268554688,515.6900024414062,515.7899780273438,8353
2025-09-30 16:34:00,515.6300048828125,515.739990234375,515.6300048828125,515.7050170898438,7484
2025-09-30 16:35:00,515.7249755859375,515.77001953125,515.6099853515625,515.6300048828125,10336
2025-09-30 16:36:00,515.6500244140625,515.77001953125,515.5885009765625,515.6599731445312,12097
2025-09-30 16:37:00,515.655029296875,515.760009765625,515.6199951171875,515.6300048828125,12101
2025-09-30 16:38:00,515.6699829101562,515.72998046875,515.6400146484375,515.6400146484375,7681
2025-09-30 16:39:00,515.6300048828125,515.75,515.6300048828125,515.6900024414062,5751
2025-09-30 16:40:00,515.6699829101562,515.6799926757812,515.4600219726562,515.6649780273438,12033
2025-09-30 16:41:00,515.6500244140625,515.7249755859375,515.614990234375,515.7000122070312,10024
2025-09-30 16:42:00,515.4500122070312,515.739990234375,515.4199829101562,515.6599731445312,11103
2025-09-30 16:43:00,515.5186767578125,515.5584716796875,515.4000244140625,515.5128173828125,8193
2025-09-30 16:44:00,515.7100219726562,515.7100219726562,515.5349731445312,515.5349731445312,14392
2025-09-30 16:45:00,515.7100219726562,515.8826293945312,515.7000122070312,515.760009765625,8960
2025-09-30 16:46:00,515.4500122070312,515.72998046875,515.4500122070312,515.719970703125,7512
2025-09-30 16:47:00,515.22998046875,515.4400024414062,515.22998046875,515.4400024414062,7237
2025-09-30 16:48:00,515.1199951171875,515.2335205078125,515.0800170898438,515.2335205078125,18356
2025-09-30 16:49:00,515.1400146484375,515.2459716796875,515.114990234375,515.1199951171875,14178
2025-09-30 16:50:00,515.3255004882812,515.350830078125,515.2150268554688,515.27001953125,5116
2025-09-30 16:51:00,515.219970703125,515.2899780273438,515.219970703125,515.2822875976562,8556
2025-09-30 16:52:00,515.3400268554688,515.3400268554688,515.25,515.25,7604
2025-09-30 16:53:00,515.260009765625,515.4299926757812,515.1699829101562,515.3400268554688,24904
2025-09-30 16:54:00,515.239990234375,515.2882080078125,515.1649780273438,515.27001953125,8786
2025-09-30 16:55:00,515.25,515.25,515.155029296875,515.2449951171875,9559
2025-09-30 16:56:00,515.3250122070312,515.3300170898438,515.2100219726562,515.2550048828125,4567
2025-09-30 16:57:00,515.3599853515625,515.47998046875,515.3200073242188,515.3200073242188,5132
2025-09-30 16:58:00,515.4099731445312,515.469970703125,515.22998046875,515.4027099609375,24877
2025-09-30 16:59:00,515.47998046875,515.530029296875,515.3800048828125,515.4349975585938,8607
2025-09-30 17:00:00,515.260009765625,515.47998046875,515.135498046875,515.47998046875,10821
2025-09-30 17:01:00,515.3200073242188,515.4199829101562,515.22998046875,515.22998046875,8894
2025-09-30 17:02:00,515.3200073242188,515.39501953125,515.1505737304688,515.3200073242188,13892
2025-09-30 17:03:00,515.25,515.4099731445312,515.1810302734375,515.3400268554688,12307
2025-09-30 17:04:00,515.2449951171875,515.260009765625,515.1300048828125,515.1900024414062,5184
2025-09-30 17:05:00,515.3200073242188,515.3800048828125,515.260009765625,515.2949829101562,8017
2025-09-30 17:06:00,515.1699829101562,515.3200073242188,515.1300048828125,515.280029296875,14550
2025-09-30 17:07:00,514.9099731445312,515.1199951171875,514.9025268554688,515.1099853515625,15029
2025-09-30 17:08:00,515.0499877929688,515.0800170898438,514.8900146484375,514.9000244140625,7764
2025-09-30 17:09:00,515.02001953125,515.0900268554688,514.97998046875,515.010009765625,9555
2025-09-30 17:10:00,514.8900146484375,515.1699829101562,514.885009765625,515.0449829101562,25941
2025-09-30 17:11:00,514.7100219726562,514.864990234375,514.5750122070312,514.8599853515625,13834
2025-09-30 17:12:00,514.8300170898438,514.8300170898438,514.6849975585938,514.72998046875,22431
2025-09-30 17:13:00,515.1199951171875,515.1599731445312,514.8248291015625,514.8350219726562,9448
2025-09-30 17:14:00,515.1599731445312,515.1799926757812,515.030029296875,515.1199951171875,12439
2025-09-30 17:15:00,515.2000122070312,515.25,515.02001953125,515.1599731445312,22483
2025-09-30 17:16:00,515.3150024414062,515.4600219726562,515.1900024414062,515.1900024414062,31781
2025-09-30 17:17:00,515.4199829101562,515.4249877929688,515.2899780273438,515.3150024414062,7046
2025-09-30 17:18:00,515.5640258789062,515.5900268554688,515.3200073242188,515.3900146484375,8615
2025-09-30 17:19:00,515.6950073242188,515.7100219726562,515.5499877929688,515.5650024414062,8913
2025-09-30 17:20:00,515.5900268554688,515.72998046875,515.5399780273438,515.6900024414062,9043
2025-09-30 17:21:00,515.3350219726562,515.594970703125,515.2999877929688,515.594970703125,16933
2025-09-30 17:22:00,515.3991088867188,515.3991088867188,515.280029296875,515.3400268554688,10053
2025-09-30 17:23:00,515.247802734375,515.5272827148438,515.247802734375,515.3499755859375,12613
2025-09-30 17:24:00,515.0599975585938,515.27001953125,515.0349731445312,515.260009765625,13694
2025-09-30 17:25:00,515.219970703125,515.260009765625,515.0599975585938,515.0750122070312,16830
2025-09-30 17:26:00,514.8900146484375,515.155029296875,514.8900146484375,515.155029296875,12919
2025-09-30 17:27:00,514.8599853515625,515.0499877929688,514.72998046875,514.9650268554688,12358
2025-09-30 17:28:00,514.7349853515625,514.87109375,514.7000122070312,514.8699951171875,8915
2025-09-30 17:29:00,514.9600219726562,515.0,514.7382202148438,514.739990234375,24823
2025-09-30 17:30:00,514.8499755859375,514.989990234375,514.7999877929688,514.9299926757812,10476
2025-09-30 17:31:00,514.780029296875,514.9199829101562,514.6950073242188,514.8499755859375,8949
2025-09-30 17:32:00,514.9000244140625,514.9099731445312,514.75,514.75,10947
2025-09-30 17:33:00,514.85498046875,514.913818359375,514.760009765625,514.7999877929688,19479
2025-09-30 17:34:00,514.969970703125,515.0,514.8099975585938,514.8369750976562,15737
2025-09-30 17:35:00,515.2050170898438,515.2150268554688,514.969970703125,514.969970703125,15007
2025-09-30 17:36:00,514.8699951171875,515.25,514.7750244140625,515.1900024414062,9782
2025-09-30 17:37:00,514.780029296875,514.9249877929688,514.739990234375,514.8699951171875,10534
2025-09-30 17:38:00,514.9000244140625,514.97998046875,514.780029296875,514.780029296875,10989
2025-09-30 17:39:00,514.9500122070312,514.97998046875,514.9000244140625,514.9000244140625,6369
2025-09-30 17:40:00,515.1300048828125,515.2407836914062,514.9600219726562,514.97998046875,13392
2025-09-30 17:41:00,515.0999755859375,515.1500244140625,515.010009765625,515.0900268554688,12796
2025-09-30 17:42:00,514.9400024414062,515.0599975585938,514.77001953125,515.0599975585938,12148
2025-09-30 17:43:00,515.1749877929688,515.1749877929688,514.97998046875,514.97998046875,5346
2025-09-30 17:44:00,514.969970703125,515.1599731445312,514.9500122070312,515.1599731445312,6692
2025-09-30 17:45:00,515.1400146484375,515.1749877929688,514.9749755859375,515.030029296875,7337
2025-09-30 17:46:00,515.1900024414062,515.260009765625,515.1400146484375,515.1400146484375,8920
2025-09-30 17:47:00,515.0750122070312,515.1300048828125,514.989990234375,515.1300048828125,11240
2025-09-30 17:48:00,515.1099853515625,515.1400146484375,515.0399780273438,515.0499877929688,10921
2025-09-30 17:49:00,515.0700073242188,515.1199951171875,515.02001953125,515.0549926757812,7024
2025-09-30 17:50:00,515.3250122070312,515.3250122070312,515.0800170898438,515.0800170898438,15297
2025-09-30 17:51:00,515.47998046875,515.5823974609375,515.3629150390625,515.3800048828125,14069
2025-09-30 17:52:00,515.3499755859375,515.5850219726562,515.344970703125,515.5010986328125,11218
2025-09-30 17:53:00,515.4027709960938,515.489013671875,515.3699951171875,515.3900146484375,8956
2025-09-30 17:54:00,515.52001953125,515.5798950195312,515.4600219726562,515.4600219726562,7752
2025-09-30 17:55:00,515.27001953125,515.5499877929688,515.27001953125,515.5499877929688,107968
2025-09-30 17:56:00,515.219970703125,515.47998046875,515.1950073242188,515.2316284179688,20950
2025-09-30 17:57:00,515.3809204101562,515.4299926757812,515.1400146484375,515.2750244140625,7106
2025-09-30 17:58:00,515.27001953125,515.39501953125,515.2374877929688,515.39501953125,7163
2025-09-30 17:59:00,515.1500244140625,515.1950073242188,515.0499877929688,515.1799926757812,5078
2025-09-30 18:00:00,514.9949951171875,515.1799926757812,514.9199829101562,515.1099853515625,8068
2025-09-30 18:01:00,514.64501953125,514.989990234375,514.6400146484375,514.989990234375,14965
2025-09-30 18:02:00,514.4400024414062,514.7000122070312,514.4099731445312,514.6599731445312,14314
2025-09-30 18:03:00,514.3800048828125,514.510009765625,514.3599853515625,514.510009765625,8197
2025-09-30 18:04:00,514.3699951171875,514.4199829101562,514.1900024414062,514.4199829101562,12460
2025-09-30 18:05:00,514.5650024414062,514.6199951171875,514.4000244140625,514.4199829101562,12150
2025-09-30 18:06:00,514.7800903320312,514.9000244140625,514.6900024414062,514.7000122070312,10923
2025-09-30 18:07:00,514.8099975585938,514.9000244140625,514.7645874023438,514.7750244140625,14618
2025-09-30 18:08:00,515.0499877929688,515.0499877929688,514.77001953125,514.7949829101562,11409
2025-09-30 18:09:00,515.239990234375,515.280029296875,515.0800170898438,515.0999755859375,7712
2025-09-30 18:10:00,515.5499267578125,515.5499877929688,515.219970703125,515.219970703125,10423
2025-09-30 18:11:00,515.5465698242188,515.635009765625,515.3800048828125,515.5499877929688,5990
2025-09-30 18:12:00,515.6099853515625,515.669921875,515.489990234375,515.5111083984375,11898
2025-09-30 18:13:00,515.7050170898438,515.719970703125,515.530029296875,515.6300048828125,14473
2025-09-30 18:14:00,515.8699951171875,515.8699951171875,515.6851196289062,515.7100219726562,7975
2025-09-30 18:15:00,516.1500244140625,516.3499755859375,515.8599853515625,515.9000244140625,30730
2025-09-30 18:16:00,515.864990234375,516.0750122070312,515.8001098632812,516.0750122070312,10187
2025-09-30 18:17:00,515.760009765625,515.9199829101562,515.7100219726562,515.9199829101562,6998
2025-09-30 18:18:00,515.8770751953125,515.97998046875,515.7781982421875,515.7781982421875,17877
2025-09-30 18:19:00,515.9401245117188,516.030029296875,515.8200073242188,515.8300170898438,41719
2025-09-30 18:20:00,516.2100219726562,516.2550048828125,515.9550170898438,516.0,29959
2025-09-30 18:21:00,516.3400268554688,516.3400268554688,516.0499877929688,516.2000122070312,29401
2025-09-30 18:22:00,516.530029296875,516.5700073242188,516.2349853515625,516.3900146484375,43792
2025-09-30 18:23:00,516.8699951171875,516.8699951171875,516.5599975585938,516.6300048828125,33239
2025-09-30 18:24:00,516.8300170898438,516.9000244140625,516.719970703125,516.8599853515625,26877
2025-09-30 18:25:00,516.8239135742188,516.97998046875,516.7901000976562,516.8499145507812,17263
2025-09-30 18:26:00,516.8400268554688,516.9699096679688,516.719970703125,516.8499755859375,20872
2025-09-30 18:27:00,516.72998046875,516.8900146484375,516.3900146484375,516.85498046875,29539
2025-09-30 18:28:00,516.780029296875,516.8800048828125,516.7100830078125,516.75,23516
2025-09-30 18:29:00,516.9530029296875,516.97998046875,516.6799926757812,516.77001953125,17272
2025-09-30 18:30:00,516.8250122070312,517.0399780273438,516.8099975585938,516.9450073242188,37600
2025-09-30 18:31:00,516.719970703125,516.8699951171875,516.7100219726562,516.8474731445312,20966
2025-09-30 18:32:00,516.7849731445312,516.9251098632812,516.6500244140625,516.6500244140625,16577
2025-09-30 18:33:00,516.4249877929688,516.8200073242188,516.3800048828125,516.7849731445312,14337
2025-09-30 18:34:00,516.39501953125,516.4650268554688,516.25,516.4631958007812,14756
2025-09-30 18:35:00,516.4608154296875,516.489990234375,516.3499755859375,516.3800048828125,10555
2025-09-30 18:36:00,516.47998046875,516.4849853515625,516.3200073242188,516.4600219726562,14939
2025-09-30 18:37:00,516.6099853515625,516.6599731445312,516.489990234375,516.489990234375,9380
2025-09-30 18:38:00,516.72998046875,516.7999877929688,516.5999755859375,516.6199951171875,11144
2025-09-30 18:39:00,516.4600219726562,516.7999877929688,516.4400024414062,516.72998046875,15551
2025-09-30 18:40:00,516.52001953125,516.6900024414062,516.4166870117188,516.4550170898438,13775
2025-09-30 18:41:00,516.530029296875,516.5900268554688,516.489990234375,516.5900268554688,6254
2025-09-30 18:42:00,516.530029296875,516.6607055664062,516.4749755859375,516.489990234375,8731
2025-09-30 18:43:00,516.8150024414062,516.8250122070312,516.5349731445312,516.5349731445312,9302
2025-09-30 18:44:00,516.940185546875,516.9500122070312,516.8099975585938,516.8099975585938,20394
2025-09-30 18:45:00,517.0650024414062,517.0999755859375,516.9000244140625,516.9000244140625,15267
2025-09-30 18:46:00,517.0784912109375,517.1199951171875,517.0399780273438,517.0776977539062,18698
2025-09-30 18:47:00,517.25,517.260009765625,517.0750122070312,517.0800170898438,20489
2025-09-30 18:48:00,517.3200073242188,517.3800048828125,517.2449951171875,517.2449951171875,16932
2025-09-30 18:49:00,517.5499877929688,517.5601196289062,517.2999877929688,517.2999877929688,25557
2025-09-30 18:50:00,517.3499755859375,517.655029296875,517.3300170898438,517.517578125,26632
2025-09-30 18:51:00,517.5150146484375,517.5349731445312,517.364990234375,517.364990234375,17320
2025-09-30 18:52:00,517.5999755859375,517.5999755859375,517.3699951171875,517.47998046875,34843
2025-09-30 18:53:00,517.4550170898438,517.5900268554688,517.4500122070312,517.5599975585938,16413
2025-09-30 18:54:00,517.530029296875,517.5399780273438,517.4400024414062,517.4650268554688,21502
2025-09-30 18:55:00,517.75,517.760009765625,517.5173950195312,517.52001953125,31608
2025-09-30 18:56:00,517.7249755859375,517.7598876953125,517.6599731445312,517.7000122070312,21642
2025-09-30 18:57:00,517.760009765625,517.8270263671875,517.7000122070312,517.72412109375,18781
2025-09-30 18:58:00,517.8900146484375,517.8900146484375,517.6900024414062,517.7650146484375,41007
2025-09-30 18:59:00,517.7349853515625,517.9199829101562,517.6400146484375,517.8699951171875,26509
2025-09-30 19:00:00,517.77001953125,517.8626708984375,517.6699829101562,517.7449951171875,20995
2025-09-30 19:01:00,517.8099975585938,517.8499755859375,517.6900024414062,517.77001953125,28907
2025-09-30 19:02:00,517.9600219726562,518.0,517.8099975585938,517.8350219726562,32497
2025-09-30 19:03:00,517.6672973632812,518.030029296875,517.6672973632812,517.9600219726562,77324
2025-09-30 19:04:00,517.22998046875,517.6749877929688,517.1975708007812,517.6699829101562,18903
2025-09-30 19:05:00,517.2100219726562,517.4600219726562,517.1500244140625,517.239990234375,23211
2025-09-30 19:06:00,516.8563842773438,517.27001953125,516.8300170898438,517.260009765625,22398
2025-09-30 19:07:00,516.965576171875,517.0426025390625,516.7390747070312,516.8900146484375,22739
2025-09-30 19:08:00,516.8800048828125,517.0,516.8696899414062,516.9099731445312,13677
2025-09-30 19:09:00,516.8200073242188,516.8599853515625,516.7911987304688,516.85498046875,7864
2025-09-30 19:10:00,516.8599853515625,516.9450073242188,516.719970703125,516.8099975585938,15477
2025-09-30 19:11:00,516.52001953125,516.875,516.52001953125,516.875,12719
2025-09-30 19:12:00,516.5383911132812,516.5850219726562,516.4099731445312,516.510009765625,18045
2025-09-30 19:13:00,516.4000244140625,516.510009765625,516.3699951171875,516.510009765625,13249
2025-09-30 19:14:00,516.5599975585938,516.6295166015625,516.3828735351562,516.385009765625,13449
2025-09-30 19:15:00,516.6599731445312,516.6699829101562,516.530029296875,516.530029296875,12917
2025-09-30 19:16:00,516.5650024414062,516.760009765625,516.5349731445312,516.7150268554688,20261
2025-09-30 19:17:00,516.5701293945312,516.7000122070312,516.52001953125,516.6309204101562,18025
2025-09-30 19:18:00,516.4656982421875,516.719970703125,516.4656982421875,516.5800170898438,19981
2025-09-30 19:19:00,516.5,516.5999755859375,516.360107421875,516.4000244140625,14743
2025-09-30 19:20:00,516.4299926757812,516.739990234375,516.4199829101562,516.510009765625,26935
2025-09-30 19:21:00,516.6400146484375,516.6699829101562,516.469970703125,516.469970703125,14418
2025-09-30 19:22:00,516.8699951171875,516.9400024414062,516.625,516.625,16682
2025-09-30 19:23:00,516.7150268554688,516.8699951171875,516.6900024414062,516.8599853515625,15309
2025-09-30 19:24:00,516.7349853515625,516.8400268554688,516.6799926757812,516.7150268554688,15000
2025-09-30 19:25:00,516.6599731445312,516.7849731445312,516.6300048828125,516.739990234375,15687
2025-09-30 19:26:00,516.7349853515625,516.8499755859375,516.5999755859375,516.6400146484375,20766
2025-09-30 19:27:00,516.9000244140625,516.9000244140625,516.6799926757812,516.72998046875,13988
2025-09-30 19:28:00,516.739990234375,516.9299926757812,516.7100219726562,516.9000244140625,21685
2025-09-30 19:29:00,517.02001953125,517.02001953125,516.760009765625,516.77001953125,14630
2025-09-30 19:30:00,517.3699951171875,517.52001953125,516.97998046875,517.010009765625,26103
2025-09-30 19:31:00,517.5999755859375,517.6199951171875,517.3699951171875,517.3699951171875,17148
2025-09-30 19:32:00,517.3499755859375,517.6900024414062,517.3200073242188,517.614990234375,20800
2025-09-30 19:33:00,517.1699829101562,517.35498046875,517.1400146484375,517.35498046875,23218
2025-09-30 19:34:00,517.3099975585938,517.3300170898438,517.080078125,517.1199951171875,29152
2025-09-30 19:35:00,517.219970703125,517.3798828125,517.2100219726562,517.3499755859375,26409
2025-09-30 19:36:00,517.27001953125,517.3900146484375,517.2346801757812,517.239990234375,24873
2025-09-30 19:37:00,517.1900024414062,517.3099975585938,517.114990234375,517.25,20079
2025-09-30 19:38:00,517.239990234375,517.3099975585938,517.1749877929688,517.260009765625,12618
2025-09-30 19:39:00,517.260009765625,517.2650146484375,517.1599731445312,517.1900024414062,19201
2025-09-30 19:40:00,517.02001953125,517.27001953125,516.9299926757812,517.25,37224
2025-09-30 19:41:00,516.969970703125,517.0399780273438,516.610107421875,517.0399780273438,39695
2025-09-30 19:42:00,516.6400146484375,517.010009765625,516.6300048828125,516.89501953125,20549
2025-09-30 19:43:00,516.6199951171875,516.8800048828125,516.5800170898438,516.6099853515625,36683
2025-09-30 19:44:00,516.47998046875,516.6099853515625,516.4199829101562,516.6099853515625,32136
2025-09-30 19:45:00,516.8150024414062,516.8200073242188,516.4199829101562,516.4849853515625,26334
2025-09-30 19:46:00,516.8699951171875,516.9099731445312,516.6900024414062,516.8099975585938,29696
2025-09-30 19:47:00,516.77001953125,516.8800048828125,516.7000122070312,516.8599853515625,36546
2025-09-30 19:48:00,517.0150146484375,517.0150146484375,516.7650146484375,516.7650146484375,34730
2025-09-30 19:49:00,517.4000244140625,517.4000244140625,517.0050048828125,517.0499877929688,39668
2025-09-30 19:50:00,517.5150146484375,517.77001953125,516.97998046875,517.3499755859375,81831
2025-09-30 19:51:00,517.6300048828125,517.7999877929688,517.5700073242188,517.5700073242188,64263
2025-09-30 19:52:00,517.6400146484375,517.7000122070312,517.5150146484375,517.6300048828125,59025
2025-09-30 19:53:00,517.8099975585938,517.9500122070312,517.6057739257812,517.6400146484375,80673
2025-09-30 19:54:00,517.9400024414062,518.0399780273438,517.625,517.8400268554688,90428
2025-09-30 19:55:00,517.5900268554688,517.9199829101562,517.5850219726562,517.9000244140625,74831
2025-09-30 19:56:00,517.6599731445312,517.7999877929688,517.4600219726562,517.5999755859375,56416
2025-09-30 19:57:00,518.0250244140625,518.0700073242188,517.4500122070312,517.6699829101562,84123
2025-09-30 19:58:00,517.8800048828125,518.02001953125,517.8200073242188,518.02001953125,99616
2025-09-30 19:59:00,517.9500122070312,518.02001953125,517.6300048828125,517.8499755859375,443647
2025-10-01 13:30:00,514.4600219726562,514.9400024414062,513.5,514.7999877929688,582800
2025-10-01 13:31:00,516.75,516.75,514.0501098632812,514.3300170898438,95315
2025-10-01 13:32:00,517.1799926757812,517.22998046875,515.7100219726562,516.8250122070312,72293
2025-10-01 13:33:00,516.4943237304688,517.1799926757812,516.3900146484375,517.1397705078125,32403
2025-10-01 13:34:00,516.469970703125,516.7100219726562,515.8800048828125,516.4400024414062,36493
2025-10-01 13:35:00,515.8897705078125,516.5599975585938,515.6699829101562,516.5,37648
2025-10-01 13:36:00,515.4500122070312,516.2100219726562,515.4299926757812,515.77001953125,35950
2025-10-01 13:37:00,514.97998046875,515.8400268554688,514.9550170898438,515.4600219726562,48696
2025-10-01 13:38:00,514.5800170898438,515.3599853515625,514.52001953125,515.0,45592
2025-10-01 13:39:00,515.0,515.2000122070312,514.489990234375,514.594970703125,28103
2025-10-01 13:40:00,514.4149780273438,515.2050170898438,514.3200073242188,515.0355224609375,70020
2025-10-01 13:41:00,513.5399780273438,514.4000244140625,513.2847290039062,514.3699951171875,99921
2025-10-01 13:42:00,513.1799926757812,513.598388671875,512.8239135742188,513.5750122070312,77785
2025-10-01 13:43:00,512.9000244140625,513.2525024414062,512.2999877929688,513.239990234375,62354
2025-10-01 13:44:00,513.489990234375,513.489990234375,512.8900146484375,512.989990234375,30532
2025-10-01 13:45:00,513.594970703125,513.760009765625,513.2999877929688,513.510009765625,45929
2025-10-01 13:46:00,513.6849975585938,513.780029296875,513.2999877929688,513.594970703125,38202
2025-10-01 13:47:00,513.635009765625,514.198974609375,513.3800048828125,513.6849975585938,48914
2025-10-01 13:48:00,513.5900268554688,514.0,513.3900146484375,513.669921875,54214
2025-10-01 13:49:00,512.947509765625,513.5800170898438,512.9400024414062,513.3900146484375,68852
2025-10-01 13:50:00,513.0900268554688,513.1400146484375,512.8099975585938,512.9299926757812,30700
2025-10-01 13:51:00,512.9849853515625,513.3499755859375,512.9450073242188,513.0800170898438,58137
2025-10-01 13:52:00,512.4299926757812,513.0698852539062,512.4299926757812,512.9949951171875,33260
2025-10-01 13:53:00,512.8200073242188,512.8200073242188,512.10009765625,512.53759765625,42947
2025-10-01 13:54:00,513.2030029296875,513.27001953125,512.6699829101562,512.7899780273438,45096
2025-10-01 13:55:00,513.2011108398438,513.2899780273438,512.9400024414062,513.22998046875,41513
2025-10-01 13:56:00,513.6651000976562,513.6900024414062,513.0800170898438,513.1799926757812,64448
2025-10-01 13:57:00,513.3599853515625,513.9099731445312,513.1599731445312,513.6649780273438,53585
2025-10-01 13:58:00,513.3295288085938,513.9003295898438,513.2999877929688,513.3599853515625,38668
2025-10-01 13:59:00,512.6300048828125,513.3699951171875,512.260009765625,513.2700805664062,58145
2025-10-01 14:00:00,512.4500122070312,512.8499755859375,512.2899780273438,512.6699829101562,36463
2025-10-01 14:01:00,512.4400024414062,512.8599853515625,512.4400024414062,512.6099853515625,28682
2025-10-01 14:02:00,512.3150024414062,512.7299194335938,512.2999877929688,512.5050048828125,29548
2025-10-01 14:03:00,512.72998046875,512.7899780273438,512.1300048828125,512.39501953125,33948
2025-10-01 14:04:00,512.6500244140625,513.1500244140625,512.5036010742188,512.8499755859375,24796
2025-10-01 14:05:00,512.0601196289062,512.6400146484375,512.0399780273438,512.6099853515625,41021
2025-10-01 14:06:00,512.260009765625,512.260009765625,511.69000244140625,512.0399780273438,43316
2025-10-01 14:07:00,512.2000122070312,512.5339965820312,512.1199951171875,512.3049926757812,23570
2025-10-01 14:08:00,512.1500244140625,512.3200073242188,511.9750061035156,512.2000122070312,25184
2025-10-01 14:09:00,511.8999938964844,512.22998046875,511.8999938964844,512.1425170898438,20616
2025-10-01 14:10:00,512.2100219726562,512.2899780273438,511.94000244140625,511.94000244140625,26032
2025-10-01 14:11:00,512.35498046875,512.405029296875,512.0307006835938,512.2100219726562,27341
2025-10-01 14:12:00,512.719970703125,512.8099975585938,512.1475830078125,512.3598022460938,32520
2025-10-01 14:13:00,512.9400024414062,512.9998779296875,512.5599975585938,512.7399291992188,30900
2025-10-01 14:14:00,512.8250122070312,513.0,512.739990234375,512.9299926757812,31902
2025-10-01 14:15:00,513.219970703125,513.2999877929688,512.864990234375,512.8699951171875,31882
2025-10-01 14:16:00,513.2340087890625,513.239990234375,512.8200073242188,513.1900024414062,41078
2025-10-01 14:17:00,513.219970703125,513.3599853515625,512.9949951171875,513.24169921875,26249
2025-10-01 14:18:00,513.5150146484375,513.5499877929688,513.2423095703125,513.2423095703125,18018
2025-10-01 14:19:00,513.7000122070312,513.9299926757812,513.530029296875,513.5499877929688,35650
2025-10-01 14:20:00,513.7734985351562,513.9205932617188,513.6599731445312,513.6950073242188,24638
2025-10-01 14:21:00,514.0225219726562,514.0700073242188,513.6599731445312,513.780029296875,36668
2025-10-01 14:22:00,513.9500122070312,514.1699829101562,513.7999877929688,514.0700073242188,22972
2025-10-01 14:23:00,513.7000122070312,513.9600219726562,513.7000122070312,513.9600219726562,19200
2025-10-01 14:24:00,513.3878173828125,513.717529296875,513.280029296875,513.6900024414062,22324
2025-10-01 14:25:00,513.2999877929688,513.4500122070312,513.2000122070312,513.3599853515625,20457
2025-10-01 14:26:00,513.0399780273438,513.3499755859375,512.9500122070312,513.3150024414062,25088
2025-10-01 14:27:00,512.760009765625,513.0706787109375,512.75,513.0599975585938,23076
2025-10-01 14:28:00,512.8300170898438,512.969970703125,512.7550048828125,512.7650146484375,23194
2025-10-01 14:29:00,512.625,512.8200073242188,512.5999755859375,512.8200073242188,37254
2025-10-01 14:30:00,513.030029296875,513.0549926757812,512.64501953125,512.6599731445312,39649
2025-10-01 14:31:00,512.760009765625,513.0098266601562,512.6599731445312,513.0098266601562,37205
2025-10-01 14:32:00,512.5916137695312,512.780029296875,512.5399780273438,512.7750244140625,23331
2025-10-01 14:33:00,512.5499877929688,512.7360229492188,512.510009765625,512.639404296875,22713
2025-10-01 14:34:00,512.6588134765625,512.72998046875,512.4600219726562,512.5800170898438,20611
2025-10-01 14:35:00,512.8099975585938,512.9000244140625,512.5850219726562,512.6799926757812,25699
2025-10-01 14:36:00,512.6599731445312,512.9600219726562,512.6400146484375,512.8400268554688,38161
2025-10-01 14:37:00,512.4299926757812,512.739990234375,512.2899780273438,512.6500244140625,33361
2025-10-01 14:38:00,512.9998779296875,513.0399780273438,512.4099731445312,512.4500122070312,21447
2025-10-01 14:39:00,512.9400024414062,513.0399780273438,512.780029296875,512.9470825195312,23077
2025-10-01 14:40:00,512.75,512.9400024414062,512.5234985351562,512.8699951171875,18556
2025-10-01 14:41:00,512.8200073242188,512.8200073242188,512.580078125,512.7191772460938,20667
2025-10-01 14:42:00,512.7100219726562,512.8699951171875,512.7000122070312,512.8499755859375,13361
2025-10-01 14:43:00,512.75,512.8049926757812,512.6300048828125,512.739990234375,30251
2025-10-01 14:44:00,512.719970703125,512.8099975585938,512.5999755859375,512.780029296875,13700
2025-10-01 14:45:00,512.7899780273438,512.9600219726562,512.719970703125,512.8150024414062,25859
2025-10-01 14:46:00,512.9700927734375,513.0,512.727294921875,512.8134765625,16261
2025-10-01 14:47:00,513.2750244140625,513.3049926757812,513.0139770507812,513.0139770507812,23482
2025-10-01 14:48:00,513.4000244140625,513.4199829101562,513.1599731445312,513.219970703125,21375
2025-10-01 14:49:00,513.3699951171875,513.4199829101562,513.25,513.3800048828125,18582
2025-10-01 14:50:00,513.3400268554688,513.4500122070312,513.2200927734375,513.39501953125,15409
2025-10-01 14:51:00,513.6649780273438,513.8200073242188,513.3555297851562,513.3555297851562,19221
2025-10-01 14:52:00,513.6950073242188,513.9099731445312,513.5910034179688,513.6799926757812,19514
2025-10-01 14:53:00,513.6799926757812,513.8765869140625,513.6500244140625,513.6950073242188,17164
2025-10-01 14:54:00,513.8699951171875,513.9299926757812,513.7100219726562,513.7100219726562,15879
2025-10-01 14:55:00,513.8599853515625,513.97998046875,513.739990234375,513.8599853515625,14397
2025-10-01 14:56:00,513.7630004882812,513.8800048828125,513.6273193359375,513.8800048828125,22312
2025-10-01 14:57:00,513.7999877929688,513.9299926757812,513.77001953125,513.7901000976562,16988
2025-10-01 14:58:00,513.989990234375,514.0,513.8099975585938,513.8099975585938,17488
2025-10-01 14:59:00,514.219970703125,514.25,513.9600219726562,513.989990234375,19725
2025-10-01 15:00:00,514.510009765625,514.5700073242188,514.25,514.25,30772
2025-10-01 15:01:00,515.0900268554688,515.211669921875,514.6300048828125,514.6300048828125,48139
2025-10-01 15:02:00,515.2899169921875,515.2899780273438,514.9130249023438,515.0900268554688,25495
2025-10-01 15:03:00,514.4000244140625,515.25,514.27001953125,515.25,28040
2025-10-01 15:04:00,514.219970703125,514.39501953125,514.0499877929688,514.39501953125,50376
2025-10-01 15:05:00,514.0900268554688,514.2999877929688,514.0,514.1900024414062,23858
2025-10-01 15:06:00,514.4000244140625,514.5,514.1400146484375,514.14501953125,31152
2025-10-01 15:07:00,514.4249877929688,514.6599731445312,514.3499755859375,514.3800048828125,21053
2025-10-01 15:08:00,513.9299926757812,514.47998046875,513.760009765625,514.4600219726562,42076
2025-10-01 15:09:00,513.8200073242188,513.9500122070312,513.6799926757812,513.9299926757812,24253
2025-10-01 15:10:00,513.6300048828125,513.9788208007812,513.5499877929688,513.8200073242188,24696
2025-10-01 15:11:00,513.6597290039062,513.75,513.5700073242188,513.6199951171875,28408
2025-10-01 15:12:00,513.4149780273438,513.719970703125,513.3599853515625,513.719970703125,26095
2025-10-01 15:13:00,513.6900024414062,513.7999877929688,513.3599853515625,513.4099731445312,27723
2025-10-01 15:14:00,514.1799926757812,514.1799926757812,513.7050170898438,513.7050170898438,24715
2025-10-01 15:15:00,513.9351196289062,514.1699829101562,513.9000244140625,514.1699829101562,20681
2025-10-01 15:16:00,513.7100219726562,513.9299926757812,513.6199951171875,513.9099731445312,28844
2025-10-01 15:17:00,513.9149780273438,514.0499267578125,513.6599731445312,513.7100219726562,43172
2025-10-01 15:18:00,513.7849731445312,513.9600219726562,513.6799926757812,513.9600219726562,19959
2025-10-01 15:19:00,513.5499877929688,513.72998046875,513.3699951171875,513.72998046875,18219
2025-10-01 15:20:00,513.8699951171875,513.959228515625,513.3922729492188,513.530029296875,12128
2025-10-01 15:21:00,513.739990234375,513.9000244140625,513.7100219726562,513.9000244140625,15358
2025-10-01 15:22:00,513.719970703125,513.7828979492188,513.5750122070312,513.7828979492188,14126
2025-10-01 15:23:00,514.0050048828125,514.052490234375,513.77001953125,513.77001953125,11281
2025-10-01 15:24:00,514.1400146484375,514.1900024414062,513.9249877929688,513.969970703125,14999
2025-10-01 15:25:00,514.3699951171875,514.4000244140625,514.159423828125,514.1900024414062,12228
2025-10-01 15:26:00,514.4675903320312,514.5399169921875,514.2899780273438,514.3400268554688,14178
2025-10-01 15:27:00,514.4249877929688,514.5,514.344970703125,514.5,14736
2025-10-01 15:28:00,514.6500244140625,514.6699829101562,514.3598022460938,514.4011840820312,26016
2025-10-01 15:29:00,514.510009765625,514.6500244140625,514.4782104492188,514.6199951171875,8515
2025-10-01 15:30:00,514.910400390625,514.9199829101562,514.5800170898438,514.5800170898438,16523
2025-10-01 15:31:00,515.0999755859375,515.1699829101562,514.8850708007812,514.8850708007812,10948
2025-10-01 15:32:00,514.989990234375,515.1340942382812,514.9874877929688,515.1199951171875,15410
2025-10-01 15:33:00,515.0349731445312,515.0399780273438,514.772216796875,514.97998046875,14767
2025-10-01 15:34:00,515.06298828125,515.0916137695312,514.9600219726562,515.02001953125,13221
2025-10-01 15:35:00,514.9199829101562,515.0800170898438,514.8900146484375,515.02001953125,16163
2025-10-01 15:36:00,514.8599853515625,515.0150146484375,514.8599853515625,514.905029296875,7656
2025-10-01 15:37:00,514.8400268554688,515.0,514.8400268554688,514.8599853515625,14475
2025-10-01 15:38:00,514.9199829101562,514.9500122070312,514.8099975585938,514.8499755859375,11932
2025-10-01 15:39:00,515.0700073242188,515.0700073242188,514.8713989257812,514.9299926757812,17348
2025-10-01 15:40:00,514.8200073242188,515.2000122070312,514.7911987304688,515.1099853515625,14802
2025-10-01 15:41:00,514.8250122070312,514.905029296875,514.7999877929688,514.8800048828125,12516
2025-10-01 15:42:00,514.7249755859375,514.852294921875,514.6599731445312,514.7999877929688,14590
2025-10-01 15:43:00,514.530029296875,514.8400268554688,514.510009765625,514.760009765625,9905
2025-10-01 15:44:00,514.4199829101562,514.5372924804688,514.3253784179688,514.530029296875,11020
2025-10-01 15:45:00,514.3499755859375,514.4600219726562,514.2401123046875,514.3900146484375,23283
2025-10-01 15:46:00,514.27001953125,514.47998046875,514.27001953125,514.3699951171875,9852
2025-10-01 15:47:00,514.1500244140625,514.2847290039062,514.12841796875,514.2847290039062,12235
2025-10-01 15:48:00,513.9450073242188,514.150390625,513.9099731445312,514.1199951171875,19497
2025-10-01 15:49:00,514.0750122070312,514.0900268554688,513.9500122070312,513.9600219726562,14209
2025-10-01 15:50:00,514.1599731445312,514.2879028320312,514.0800170898438,514.0800170898438,16313
2025-10-01 15:51:00,514.3953247070312,514.3953247070312,514.1199951171875,514.1300048828125,15995
2025-10-01 15:52:00,514.260009765625,514.4224853515625,514.260009765625,514.3699951171875,12446
2025-10-01 15:53:00,514.27001953125,514.3380737304688,514.2015991210938,514.3165893554688,12772
2025-10-01 15:54:00,514.02001953125,514.3800048828125,514.02001953125,514.2750244140625,18221
2025-10-01 15:55:00,514.1799926757812,514.22998046875,514.0599975585938,514.0700073242188,13284
2025-10-01 15:56:00,514.114990234375,514.3200073242188,514.0499877929688,514.1900024414062,13961
2025-10-01 15:57:00,513.7999877929688,514.0999755859375,513.7999877929688,514.0900268554688,11565
2025-10-01 15:58:00,513.8099975585938,513.9400024414062,513.6500244140625,513.7449951171875,20614
2025-10-01 15:59:00,513.905029296875,514.030029296875,513.8400268554688,513.8400268554688,13268
2025-10-01 16:00:00,514.0999755859375,514.27001953125,513.8499755859375,513.905029296875,45472
2025-10-01 16:01:00,513.8699951171875,514.2000122070312,513.8699951171875,514.0800170898438,23344
2025-10-01 16:02:00,514.1099853515625,514.219970703125,513.8099975585938,513.8250122070312,19546
2025-10-01 16:03:00,513.9600219726562,514.219970703125,513.9000244140625,514.1400146484375,29688
2025-10-01 16:04:00,514.1400146484375,514.1749877929688,513.9000244140625,513.9400024414062,23806
2025-10-01 16:05:00,514.5599975585938,514.6500244140625,514.1599731445312,514.1599731445312,22494
2025-10-01 16:06:00,515.0999755859375,515.1799926757812,514.5999755859375,514.5999755859375,20198
2025-10-01 16:07:00,515.4000244140625,515.4691772460938,515.0700073242188,515.0999145507812,21145
2025-10-01 16:08:00,515.3399047851562,515.419921875,515.2172241210938,515.3900146484375,17919
2025-10-01 16:09:00,515.2999877929688,515.3699951171875,515.22998046875,515.3200073242188,12633
2025-10-01 16:10:00,515.3099975585938,515.3800048828125,515.239990234375,515.2999877929688,20177
2025-10-01 16:11:00,515.3839111328125,515.4199829101562,515.2261962890625,515.3200073242188,22606
2025-10-01 16:12:00,515.1082153320312,515.3099975585938,514.9299926757812,515.3099975585938,17387
2025-10-01 16:13:00,514.9199829101562,515.0900268554688,514.8699951171875,515.0900268554688,15869
2025-10-01 16:14:00,514.9199829101562,515.1099853515625,514.8699951171875,514.875,9553
2025-10-01 16:15:00,515.239990234375,515.239990234375,514.8699951171875,514.9650268554688,7888
2025-10-01 16:16:00,515.2999877929688,515.3099975585938,515.1500244140625,515.2000122070312,18033
2025-10-01 16:17:00,515.0927734375,515.326416015625,515.0927734375,515.2949829101562,10040
2025-10-01 16:18:00,515.1799926757812,515.1900024414062,515.1099853515625,515.1400146484375,7883
2025-10-01 16:19:00,515.155029296875,515.2000122070312,515.030029296875,515.0999755859375,14135
2025-10-01 16:20:00,515.2274169921875,515.27001953125,515.094970703125,515.1799926757812,13120
2025-10-01 16:21:00,515.3800048828125,515.4398803710938,515.16748046875,515.3350219726562,69265
2025-10-01 16:22:00,515.4299926757812,515.4400024414062,515.3200073242188,515.3400268554688,52842
2025-10-01 16:23:00,515.4550170898438,515.4550170898438,515.3800048828125,515.4299926757812,29076
2025-10-01 16:24:00,515.4099731445312,515.47802734375,515.2999877929688,515.4550170898438,35514
2025-10-01 16:25:00,515.75,515.8400268554688,515.3699951171875,515.4299926757812,54193
2025-10-01 16:26:00,515.5399780273438,515.7650146484375,515.530029296875,515.7550048828125,22161
2025-10-01 16:27:00,515.7249755859375,515.7249755859375,515.5800170898438,515.5800170898438,11978
2025-10-01 16:28:00,516.02001953125,516.02001953125,515.6500244140625,515.719970703125,17757
2025-10-01 16:29:00,516.1099853515625,516.1199951171875,515.969970703125,516.010009765625,12237
2025-10-01 16:30:00,516.0399780273438,516.2000122070312,516.0399780273438,516.10498046875,19558
2025-10-01 16:31:00,515.8074951171875,516.0999145507812,515.75,516.0999145507812,11513
2025-10-01 16:32:00,515.6724243164062,515.7899780273438,515.6300048828125,515.780029296875,18443
2025-10-01 16:33:00,515.7001953125,515.7667846679688,515.64501953125,515.64501953125,8605
2025-10-01 16:34:00,515.9650268554688,515.9650268554688,515.6699829101562,515.7050170898438,14843
2025-10-01 16:35:00,515.8800048828125,515.9849853515625,515.8400268554688,515.97998046875,10265
2025-10-01 16:36:00,516.0349731445312,516.1099853515625,515.75,515.8900146484375,20241
2025-10-01 16:37:00,515.8900146484375,516.0396118164062,515.8847045898438,516.0396118164062,14661
2025-10-01 16:38:00,515.9099731445312,515.9998168945312,515.8699951171875,515.9400024414062,14706
2025-10-01 16:39:00,515.989990234375,516.0,515.8599853515625,515.9400024414062,24388
2025-10-01 16:40:00,515.9650268554688,516.030029296875,515.9400024414062,515.9949951171875,10459
2025-10-01 16:41:00,515.9000244140625,516.0900268554688,515.9000244140625,516.010009765625,13545
2025-10-01 16:42:00,515.8800048828125,515.97998046875,515.8800048828125,515.9000244140625,16205
2025-10-01 16:43:00,515.9722290039062,516.0050048828125,515.880126953125,515.9299926757812,8512
2025-10-01 16:44:00,515.8800048828125,516.0399780273438,515.7000122070312,515.9949951171875,34901
2025-10-01 16:45:00,515.905029296875,515.9249877929688,515.780029296875,515.9000244140625,44185
2025-10-01 16:46:00,516.1799926757812,516.2000122070312,515.8800048828125,515.8800048828125,29802
2025-10-01 16:47:00,516.364990234375,516.3699951171875,516.010009765625,516.1331176757812,32231
2025-10-01 16:48:00,516.1900024414062,516.4299926757812,516.1699829101562,516.4199829101562,25478
2025-10-01 16:49:00,516.3599853515625,516.4099731445312,516.2100219726562,516.239990234375,11025
2025-10-01 16:50:00,516.4500122070312,516.4500122070312,516.239990234375,516.4099731445312,12937
2025-10-01 16:51:00,516.4349975585938,516.5499877929688,516.39501953125,516.4400024414062,15564
2025-10-01 16:52:00,516.4299926757812,516.5399780273438,516.4019775390625,516.4299926757812,11247
2025-10-01 16:53:00,516.5499877929688,516.5900268554688,516.4299926757812,516.4400024414062,8112
2025-10-01 16:54:00,516.5999755859375,516.666015625,516.5349731445312,516.5399780273438,10081
2025-10-01 16:55:00,516.7050170898438,516.72900390625,516.5,516.6400146484375,12464
2025-10-01 16:56:00,516.9299926757812,516.9600219726562,516.6699829101562,516.7249755859375,20392
2025-10-01 16:57:00,516.9550170898438,517.0399780273438,516.875,516.9199829101562,26705
2025-10-01 16:58:00,516.9600219726562,516.9600219726562,516.9000244140625,516.9500122070312,13705
2025-10-01 16:59:00,517.0050048828125,517.0499877929688,516.9299926757812,516.9849853515625,19094
2025-10-01 17:00:00,516.9199829101562,517.1099853515625,516.8150024414062,517.0,17359
2025-10-01 17:01:00,516.9149780273438,516.9149780273438,516.77001953125,516.89501953125,16249
2025-10-01 17:02:00,517.030029296875,517.1400146484375,516.9500122070312,516.9500122070312,12919
2025-10-01 17:03:00,517.0750122070312,517.0999145507812,516.9849853515625,517.010009765625,8300
2025-10-01 17:04:00,517.14501953125,517.2050170898438,517.0399780273438,517.0750122070312,14829
2025-10-01 17:05:00,517.2838134765625,517.3099975585938,517.114990234375,517.1599731445312,29598
2025-10-01 17:06:00,517.2849731445312,517.3250122070312,517.2100219726562,517.3099975585938,10528
2025-10-01 17:07:00,517.2100219726562,517.3582153320312,517.2100219726562,517.25,16129
2025-10-01 17:08:00,517.1099853515625,517.2034912109375,516.9600219726562,517.2034912109375,14015
2025-10-01 17:09:00,517.1099853515625,517.2000122070312,517.0599975585938,517.0800170898438,17603
2025-10-01 17:10:00,516.8800048828125,517.1242065429688,516.8800048828125,517.0900268554688,16253
2025-10-01 17:11:00,516.8499755859375,516.8900146484375,516.77001953125,516.8400268554688,18350
2025-10-01 17:12:00,516.655029296875,516.885009765625,516.655029296875,516.8499755859375,13124
2025-10-01 17:13:00,516.7949829101562,516.8400268554688,516.6630249023438,516.6749877929688,10153
2025-10-01 17:14:00,516.72998046875,516.7750244140625,516.635009765625,516.760009765625,8889
2025-10-01 17:15:00,517.1849975585938,517.1849975585938,516.7000122070312,516.7000122070312,20722
2025-10-01 17:16:00,517.3599853515625,517.3599853515625,517.1300048828125,517.2000122070312,30983
2025-10-01 17:17:00,517.3405151367188,517.4793701171875,517.3300170898438,517.4199829101562,16710
2025-10-01 17:18:00,517.2550048828125,517.3699951171875,517.2550048828125,517.3699951171875,13909
2025-10-01 17:19:00,517.260009765625,517.3599853515625,517.219970703125,517.25,14768
2025-10-01 17:20:00,517.41748046875,517.4600219726562,517.3200073242188,517.3499755859375,14181
2025-10-01 17:21:00,517.5349731445312,517.54541015625,517.3699951171875,517.4149780273438,15793
2025-10-01 17:22:00,517.6199951171875,517.6199951171875,517.4650268554688,517.5499877929688,10704
2025-10-01 17:23:00,517.864990234375,517.9600219726562,517.5675048828125,517.6199951171875,29286
2025-10-01 17:24:00,518.2550048828125,518.2550048828125,517.989990234375,517.989990234375,26803
2025-10-01 17:25:00,518.4199829101562,518.4199829101562,518.260009765625,518.2999877929688,23275
2025-10-01 17:26:00,518.5700073242188,518.619873046875,518.22998046875,518.4000244140625,29160
2025-10-01 17:27:00,518.52001953125,518.6199951171875,518.4949951171875,518.5499877929688,23688
2025-10-01 17:28:00,518.8400268554688,518.8499755859375,518.510009765625,518.510009765625,21165
2025-10-01 17:29:00,518.7249755859375,518.9000244140625,518.6799926757812,518.8215942382812,19045
2025-10-01 17:30:00,518.6099853515625,518.9299926757812,518.6099853515625,518.7249755859375,22723
2025-10-01 17:31:00,518.75,518.905029296875,518.4169921875,518.719970703125,29827
2025-10-01 17:32:00,518.8250122070312,518.83642578125,518.6799926757812,518.739990234375,17435
2025-10-01 17:33:00,519.1099853515625,519.2100219726562,518.8320922851562,518.8320922851562,37224
2025-10-01 17:34:00,519.1599731445312,519.239990234375,519.0399780273438,519.0399780273438,29077
2025-10-01 17:35:00,519.1599731445312,519.185302734375,519.0850219726562,519.0999755859375,3206059
2025-10-01 17:36:00,518.9949951171875,519.4000244140625,518.9299926757812,519.1799926757812,36720
2025-10-01 17:37:00,519.3023071289062,519.3023071289062,518.9500732421875,519.030029296875,29306
2025-10-01 17:38:00,519.1799926757812,519.4099731445312,519.0999755859375,519.3699951171875,35307
2025-10-01 17:39:00,519.2000122070312,519.280029296875,519.1099853515625,519.1599731445312,21832
2025-10-01 17:40:00,519.213623046875,519.3200073242188,519.1787719726562,519.2100219726562,27357
2025-10-01 17:41:00,518.969970703125,519.27001953125,518.9500122070312,519.2424926757812,334320
2025-10-01 17:42:00,519.1099853515625,519.22998046875,518.9400024414062,518.9849853515625,37888
2025-10-01 17:43:00,519.239990234375,519.280029296875,519.1849975585938,519.1849975585938,36078
2025-10-01 17:44:00,519.0,519.5,518.9500122070312,519.4533081054688,25089
2025-10-01 17:45:00,518.489990234375,518.97998046875,518.4199829101562,518.9600219726562,20417
2025-10-01 17:46:00,518.1799926757812,518.5900268554688,518.0411987304688,518.4949951171875,33089
2025-10-01 17:47:00,517.9000244140625,518.2141723632812,517.830078125,518.2141723632812,37556
2025-10-01 17:48:00,517.9500122070312,518.0599975585938,517.905029296875,517.9199829101562,32118
2025-10-01 17:49:00,517.97998046875,518.1395263671875,517.9299926757812,517.9749755859375,33499
2025-10-01 17:50:00,517.9600219726562,518.0800170898438,517.9122924804688,517.9949951171875,29187
2025-10-01 17:51:00,517.9000244140625,517.9874877929688,517.8400268554688,517.9735717773438,13366
2025-10-01 17:52:00,517.6807861328125,517.89501953125,517.5800170898438,517.89501953125,16053
2025-10-01 17:53:00,517.6699829101562,517.7999267578125,517.6699829101562,517.7349853515625,13721
2025-10-01 17:54:00,517.5800170898438,517.8084716796875,517.510009765625,517.7550048828125,32998
2025-10-01 17:55:00,517.3200073242188,517.614990234375,517.2899780273438,517.614990234375,36200
2025-10-01 17:56:00,517.489990234375,517.489990234375,517.2100219726562,517.3200073242188,21934
2025-10-01 17:57:00,517.77001953125,517.7999877929688,517.52001953125,517.5250244140625,15104
2025-10-01 17:58:00,517.760009765625,517.9254150390625,517.760009765625,517.7899780273438,28964
2025-10-01 17:59:00,517.6608276367188,517.809326171875,517.6300048828125,517.780029296875,18320
2025-10-01 18:00:00,518.0103759765625,518.02001953125,517.4600219726562,517.6099853515625,38263
2025-10-01 18:01:00,517.8250122070312,518.0399169921875,517.7899780273438,518.0374755859375,26194
2025-10-01 18:02:00,517.6500244140625,517.8699951171875,517.6397705078125,517.8250122070312,23461
2025-10-01 18:03:00,517.6699829101562,517.7899780273438,517.530029296875,517.6599731445312,22669
2025-10-01 18:04:00,517.844970703125,517.9099731445312,517.661376953125,517.6749877929688,21994
2025-10-01 18:05:00,517.8400268554688,517.97998046875,517.8099975585938,517.8200073242188,26927
2025-10-01 18:06:00,517.7999877929688,517.844970703125,517.760009765625,517.844970703125,13920
2025-10-01 18:07:00,517.7899780273438,517.9650268554688,517.760009765625,517.7949829101562,22888
2025-10-01 18:08:00,518.0599975585938,518.0700073242188,517.72998046875,517.7899780273438,21756
2025-10-01 18:09:00,518.3170166015625,518.3400268554688,518.0800170898438,518.1199951171875,29439
2025-10-01 18:10:00,518.1295776367188,518.3698120117188,518.1295776367188,518.3599853515625,27334
2025-10-01 18:11:00,518.10888671875,518.219970703125,518.10888671875,518.1849975585938,14357
2025-10-01 18:12:00,518.0599975585938,518.1799926757812,518.0,518.1203002929688,32743
2025-10-01 18:13:00,518.107421875,518.1199951171875,517.989990234375,518.0599975585938,12402
2025-10-01 18:14:00,518.1840209960938,518.2750244140625,518.1400146484375,518.1400146484375,13450
2025-10-01 18:15:00,518.3402099609375,518.3800048828125,518.1900024414062,518.2100219726562,15477
2025-10-01 18:16:00,518.4199829101562,518.5449829101562,518.3699951171875,518.3699951171875,25547
2025-10-01 18:17:00,518.3200073242188,518.4400024414062,518.25,518.4199829101562,21036
2025-10-01 18:18:00,518.3900146484375,518.4199829101562,518.3350219726562,518.3350219726562,19073
2025-10-01 18:19:00,518.4299926757812,518.4299926757812,518.3123168945312,518.399169921875,17118
2025-10-01 18:20:00,518.1900024414062,518.5349731445312,518.1677856445312,518.4349975585938,18843
2025-10-01 18:21:00,518.1799926757812,518.239990234375,518.1199951171875,518.219970703125,17293
2025-10-01 18:22:00,518.3800048828125,518.4650268554688,518.1599731445312,518.1799926757812,21337
2025-10-01 18:23:00,518.4500122070312,518.489990234375,518.3599853515625,518.3599853515625,23728
2025-10-01 18:24:00,518.219970703125,518.4400024414062,518.219970703125,518.4400024414062,21791
2025-10-01 18:25:00,518.72998046875,518.72998046875,518.1400756835938,518.1900024414062,28998
2025-10-01 18:26:00,518.8099975585938,518.9500122070312,518.739990234375,518.7449951171875,23196
2025-10-01 18:27:00,518.6900024414062,518.947509765625,518.6900024414062,518.9299926757812,20647
2025-10-01 18:28:00,518.8215942382812,518.8800048828125,518.64501953125,518.7105712890625,23888
2025-10-01 18:29:00,518.8049926757812,518.9600219726562,518.780029296875,518.8250122070312,22901
2025-10-01 18:30:00,518.7550048828125,518.9199829101562,518.719970703125,518.9199829101562,27296
2025-10-01 18:31:00,518.885009765625,518.885009765625,518.7431030273438,518.75,28915
2025-10-01 18:32:00,518.7750244140625,518.97998046875,518.5900268554688,518.9249877929688,25986
2025-10-01 18:33:00,519.0349731445312,519.0599975585938,518.75,518.7650146484375,25757
2025-10-01 18:34:00,519.010009765625,519.0650024414062,518.969970703125,519.0399780273438,14196
2025-10-01 18:35:00,519.0650024414062,519.17822265625,518.997314453125,519.010009765625,23668
2025-10-01 18:36:00,519.0418090820312,519.0999755859375,519.0399780273438,519.0592041015625,17312
2025-10-01 18:37:00,519.1699829101562,519.1699829101562,519.0,519.0599975585938,19234
2025-10-01 18:38:00,519.3099975585938,519.3400268554688,519.1699829101562,519.1849975585938,31128
2025-10-01 18:39:00,519.510009765625,519.510009765625,519.2996215820312,519.3200073242188,35986
2025-10-01 18:40:00,519.4000244140625,519.52001953125,519.2490234375,519.5,29684
2025-10-01 18:41:00,519.1599731445312,519.4249877929688,519.1199951171875,519.3900146484375,26984
2025-10-01 18:42:00,519.27001953125,519.3499755859375,519.0800170898438,519.1749877929688,21060
2025-10-01 18:43:00,519.0800170898438,519.25,519.0700073242188,519.25,17009
2025-10-01 18:44:00,519.1152954101562,519.219970703125,519.02001953125,519.02001953125,17187
2025-10-01 18:45:00,519.1500244140625,519.219970703125,519.0974731445312,519.1400146484375,18607
2025-10-01 18:46:00,519.27001953125,519.2849731445312,519.1400146484375,519.1400756835938,16997
2025-10-01 18:47:00,519.2999877929688,519.4033813476562,519.260009765625,519.2999877929688,18234
2025-10-01 18:48:00,519.3400268554688,519.3599853515625,519.27099609375,519.2899780273438,17404
2025-10-01 18:49:00,519.4600219726562,519.502685546875,519.364990234375,519.364990234375,14264
2025-10-01 18:50:00,519.5599975585938,519.6599731445312,519.4500732421875,519.469970703125,25893
2025-10-01 18:51:00,519.6199951171875,519.6599731445312,519.52001953125,519.52001953125,23673
2025-10-01 18:52:00,519.7650146484375,519.780029296875,519.590087890625,519.6099853515625,23981
2025-10-01 18:53:00,519.760009765625,519.8699951171875,519.7550048828125,519.7550048828125,21429
2025-10-01 18:54:00,519.625,519.7750244140625,519.5999755859375,519.760009765625,21191
2025-10-01 18:55:00,519.5549926757812,519.7100219726562,519.5250244140625,519.5900268554688,28274
2025-10-01 18:56:00,519.6300048828125,519.6505737304688,519.52001953125,519.5798950195312,19396
2025-10-01 18:57:00,519.489990234375,519.5900268554688,519.489990234375,519.5800170898438,20961
2025-10-01 18:58:00,519.3400268554688,519.489990234375,519.2999877929688,519.489990234375,21053
2025-10-01 18:59:00,519.3599853515625,519.3599853515625,519.27001953125,519.3499755859375,19502
2025-10-01 19:00:00,519.4400024414062,519.47998046875,519.25,519.3400268554688,24761
2025-10-01 19:01:00,519.4000244140625,519.47998046875,519.3709716796875,519.4099731445312,24527
2025-10-01 19:02:00,519.4542236328125,519.4550170898438,519.3201293945312,519.3699951171875,26659
2025-10-01 19:03:00,519.438720703125,519.5700073242188,519.4099731445312,519.4600219726562,31071
2025-10-01 19:04:00,519.518798828125,519.518798828125,519.3610229492188,519.4375,18183
2025-10-01 19:05:00,519.5700073242188,519.5700073242188,519.4268188476562,519.530029296875,18961
2025-10-01 19:06:00,519.6900024414062,519.6900024414062,519.4749755859375,519.5800170898438,25465
2025-10-01 19:07:00,519.6900024414062,519.719970703125,519.6099853515625,519.6998291015625,18016
2025-10-01 19:08:00,519.52001953125,519.7990112304688,519.52001953125,519.7100219726562,40416
2025-10-01 19:09:00,519.5050048828125,519.6301879882812,519.469970703125,519.530029296875,27283
2025-10-01 19:10:00,519.5800170898438,519.6099853515625,519.510009765625,519.52001953125,25723
2025-10-01 19:11:00,519.2999877929688,519.5800170898438,519.280029296875,519.5599975585938,28608
2025-10-01 19:12:00,519.1021728515625,519.280029296875,519.0349731445312,519.280029296875,32874
2025-10-01 19:13:00,519.1649780273438,519.2899780273438,519.1199951171875,519.1199951171875,23125
2025-10-01 19:14:00,519.3200073242188,519.3400268554688,519.1699829101562,519.1699829101562,29324
2025-10-01 19:15:00,519.3300170898438,519.3400268554688,519.1900024414062,519.3099975585938,23738
2025-10-01 19:16:00,519.22998046875,519.4500122070312,519.1799926757812,519.3400268554688,27539
2025-10-01 19:17:00,519.4099731445312,519.4400024414062,519.239990234375,519.239990234375,27738
2025-10-01 19:18:00,519.2449951171875,519.469970703125,519.219970703125,519.4099731445312,21540
2025-10-01 19:19:00,518.7449951171875,519.2999877929688,518.719970703125,519.22998046875,38401
2025-10-01 19:20:00,518.9500122070312,518.9500122070312,518.6900024414062,518.780029296875,48965
2025-10-01 19:21:00,518.8200073242188,519.0650024414062,518.77001953125,519.0,29036
2025-10-01 19:22:00,518.72998046875,518.9400024414062,518.7000122070312,518.8400268554688,28831
2025-10-01 19:23:00,518.6898803710938,518.7999877929688,518.6400146484375,518.72998046875,26656
2025-10-01 19:24:00,518.6199951171875,518.7349853515625,518.5999755859375,518.6699829101562,24850
2025-10-01 19:25:00,518.2999877929688,518.625,518.260009765625,518.625,66868
2025-10-01 19:26:00,518.3699951171875,518.510009765625,518.3250122070312,518.4099731445312,28678
2025-10-01 19:27:00,518.5,518.52001953125,518.33837890625,518.3499755859375,25683
2025-10-01 19:28:00,518.4400024414062,518.530029296875,518.405029296875,518.530029296875,27782
2025-10-01 19:29:00,518.7449951171875,518.7999877929688,518.47998046875,518.5,34629
2025-10-01 19:30:00,518.6799926757812,518.7999877929688,518.625,518.72998046875,31609
2025-10-01 19:31:00,518.9349975585938,518.9349975585938,518.7000122070312,518.739990234375,27931
2025-10-01 19:32:00,518.8800048828125,518.958984375,518.780029296875,518.9378051757812,25395
2025-10-01 19:33:00,519.0650024414062,519.0650024414062,518.8699951171875,518.8699951171875,27386
2025-10-01 19:34:00,519.1900024414062,519.22998046875,519.030029296875,519.0399780273438,35642
2025-10-01 19:35:00,518.9199829101562,519.2000122070312,518.8200073242188,519.2000122070312,30078
2025-10-01 19:36:00,518.9196166992188,518.97998046875,518.8099975585938,518.8900146484375,33466
2025-10-01 19:37:00,518.6881713867188,518.9500122070312,518.6599731445312,518.9199829101562,29373
2025-10-01 19:38:00,518.7999877929688,518.7999877929688,518.6599731445312,518.7437744140625,22725
2025-10-01 19:39:00,518.6799926757812,518.8300170898438,518.6599731445312,518.7999877929688,21996
2025-10-01 19:40:00,518.7999877929688,518.8599853515625,518.6300048828125,518.6799926757812,51265
2025-10-01 19:41:00,518.739990234375,518.8800048828125,518.6599731445312,518.8099975585938,29466
2025-10-01 19:42:00,518.72998046875,518.875,518.6900024414062,518.72998046875,26219
2025-10-01 19:43:00,518.6099853515625,518.7899780273438,518.5599975585938,518.719970703125,30280
2025-10-01 19:44:00,518.530029296875,518.6599731445312,518.510009765625,518.5999755859375,29524
2025-10-01 19:45:00,518.4400024414062,518.5499877929688,518.344970703125,518.4849853515625,40005
2025-10-01 19:46:00,518.4450073242188,518.5700073242188,518.3900146484375,518.4199829101562,52190
2025-10-01 19:47:00,518.5700073242188,518.6699829101562,518.3499755859375,518.4400024414062,43297
2025-10-01 19:48:00,518.81298828125,518.8731079101562,518.5208129882812,518.5999755859375,51589
2025-10-01 19:49:00,518.8200073242188,518.885009765625,518.6987915039062,518.7999877929688,36850
2025-10-01 19:50:00,519.4011840820312,519.75,518.8200073242188,518.8800048828125,148696
2025-10-01 19:51:00,519.3200073242188,519.594970703125,519.280029296875,519.4099731445312,87844
2025-10-01 19:52:00,519.5599975585938,519.7899780273438,519.2750244140625,519.3599853515625,107290
2025-10-01 19:53:00,519.5399780273438,519.6199951171875,519.4600219726562,519.5499877929688,81559
2025-10-01 19:54:00,519.0800170898438,519.72998046875,518.9849853515625,519.5399780273438,144045
2025-10-01 19:55:00,520.1599731445312,520.1699829101562,519.0599975585938,519.0599975585938,336852
2025-10-01 19:56:00,520.4299926757812,520.5050048828125,520.1199951171875,520.155029296875,206592
2025-10-01 19:57:00,520.0850219726562,520.45751953125,520.0599975585938,520.4299926757812,217183
2025-10-01 19:58:00,519.8499755859375,520.0900268554688,519.719970703125,520.0900268554688,172347
2025-10-01 19:59:00,519.5999755859375,519.9600219726562,519.5999755859375,519.8699951171875,467054
2025-10-02 13:30:00,517.3150024414062,518.8099975585938,516.5,517.6400146484375,775140
2025-10-02 13:31:00,518.1599731445312,518.7098999023438,516.6199951171875,517.3150024414062,122988
2025-10-02 13:32:00,517.7949829101562,518.0999755859375,517.6500244140625,518.0999755859375,18037
2025-10-02 13:33:00,520.0399780273438,520.3037719726562,519.3800048828125,519.7999877929688,254655
2025-10-02 13:34:00,520.635009765625,521.3699951171875,520.1199951171875,520.1199951171875,115491
2025-10-02 13:35:00,521.0399780273438,521.2927856445312,520.3099975585938,520.530029296875,88175
2025-10-02 13:36:00,521.4099731445312,521.5999755859375,521.0,521.2000122070312,87644
2025-10-02 13:37:00,519.9199829101562,521.3400268554688,519.8699951171875,521.3099975585938,79495
2025-10-02 13:38:00,519.5,520.3499145507812,519.2899780273438,519.9149780273438,50580
2025-10-02 13:39:00,517.9249877929688,519.4400024414062,517.8101196289062,519.4400024414062,100854
2025-10-02 13:40:00,518.1900024414062,518.469970703125,517.6799926757812,517.9600219726562,76643
2025-10-02 13:41:00,517.885009765625,518.2899780273438,517.8300170898438,518.280029296875,36545
2025-10-02 13:42:00,518.02001953125,518.1900024414062,517.510009765625,517.8099975585938,46972
2025-10-02 13:43:00,517.8300170898438,518.010009765625,517.614990234375,518.010009765625,31547
2025-10-02 13:44:00,517.8800048828125,518.1300048828125,517.5449829101562,517.8300170898438,34503
2025-10-02 13:45:00,518.219970703125,518.2750244140625,517.5499877929688,517.8049926757812,0
2025-10-02 13:46:00,519.094970703125,519.1400146484375,518.1099853515625,518.2000122070312,597794
2025-10-02 13:47:00,519.0800170898438,519.2000122070312,518.8699951171875,519.030029296875,54864
2025-10-02 13:48:00,518.3400268554688,519.0999755859375,518.3300170898438,519.0999755859375,56239
2025-10-02 13:49:00,517.77001953125,518.4650268554688,517.77001953125,518.3499755859375,52726
2025-10-02 13:50:00,517.6649780273438,517.77001953125,517.344970703125,517.77001953125,56034
2025-10-02 13:51:00,516.9600219726562,517.864990234375,516.9310302734375,517.7000122070312,42358
2025-10-02 13:52:00,517.2050170898438,517.2999877929688,516.7382202148438,516.9000244140625,48012
2025-10-02 13:53:00,517.4500732421875,517.5900268554688,517.1099853515625,517.2100219726562,49427
2025-10-02 13:54:00,517.739990234375,517.8294067382812,517.0599975585938,517.52001953125,36463
2025-10-02 13:55:00,517.4299926757812,517.9000244140625,517.3800048828125,517.77001953125,66417
2025-10-02 13:56:00,517.677490234375,517.7000122070312,517.280029296875,517.5,22686
2025-10-02 13:57:00,517.6900024414062,517.8099975585938,517.4400024414062,517.6950073242188,29744
2025-10-02 13:58:00,518.1649780273438,518.27001953125,517.6500244140625,517.6849975585938,43229
2025-10-02 13:59:00,518.469970703125,518.5800170898438,518.1400146484375,518.1400146484375,48993
2025-10-02 14:00:00,518.1596069335938,518.4600219726562,518.0800170898438,518.4450073242188,40857
2025-10-02 14:01:00,518.385009765625,518.52001953125,518.0900268554688,518.0900268554688,56463
2025-10-02 14:02:00,518.22998046875,518.52001953125,518.2100219726562,518.4500122070312,31612
2025-10-02 14:03:00,518.5250244140625,518.530029296875,518.0,518.27001953125,36983
2025-10-02 14:04:00,518.72998046875,518.8300170898438,518.4400024414062,518.5650024414062,36631
2025-10-02 14:05:00,518.719970703125,518.77001953125,518.4639282226562,518.6900024414062,24667
2025-10-02 14:06:00,518.25,518.77001953125,518.239990234375,518.6699829101562,39224
2025-10-02 14:07:00,518.3599853515625,518.5379028320312,518.2050170898438,518.27001953125,17889
2025-10-02 14:08:00,518.1099853515625,518.3300170898438,518.1099853515625,518.3099975585938,27695
2025-10-02 14:09:00,518.260009765625,518.4072265625,518.1099853515625,518.1500244140625,37400
2025-10-02 14:10:00,517.8699951171875,518.4650268554688,517.8699951171875,518.2650146484375,44150
2025-10-02 14:11:00,517.4199829101562,517.969970703125,517.3499755859375,517.8699951171875,33260
2025-10-02 14:12:00,517.5800170898438,517.7999877929688,517.3300170898438,517.4500122070312,44740
2025-10-02 14:13:00,517.239990234375,517.7199096679688,517.1900024414062,517.6400146484375,29838
2025-10-02 14:14:00,517.2899780273438,517.2899780273438,516.8701171875,517.2849731445312,39973
2025-10-02 14:15:00,517.5900268554688,517.6400146484375,517.27001953125,517.2899780273438,43330
2025-10-02 14:16:00,518.0900268554688,518.1898803710938,517.510009765625,517.6099853515625,87095
2025-10-02 14:17:00,518.280029296875,518.2999877929688,517.77001953125,518.1500244140625,79730
2025-10-02 14:18:00,518.35498046875,518.3699951171875,518.0,518.2000122070312,42813
2025-10-02 14:19:00,518.0900268554688,518.510009765625,517.8800048828125,518.3499755859375,48105
2025-10-02 14:20:00,518.1599731445312,518.3350219726562,518.0,518.1500244140625,33975
2025-10-02 14:21:00,518.3049926757812,518.3599853515625,518.0599975585938,518.0999755859375,28201
2025-10-02 14:22:00,518.02001953125,518.2999877929688,518.0,518.280029296875,47491
2025-10-02 14:23:00,518.030029296875,518.0999755859375,517.6900024414062,518.0004272460938,70872
2025-10-02 14:24:00,517.9299926757812,518.1300048828125,517.8099975585938,518.030029296875,32203
2025-10-02 14:25:00,517.6900024414062,517.9500122070312,517.6900024414062,517.9299926757812,31004
2025-10-02 14:26:00,517.869873046875,517.875,517.6099853515625,517.655029296875,27979
2025-10-02 14:27:00,517.760009765625,517.8900146484375,517.6749877929688,517.8350219726562,24796
2025-10-02 14:28:00,517.0800170898438,517.7650146484375,517.0800170898438,517.7650146484375,40486
2025-10-02 14:29:00,516.9301147460938,517.2100219726562,516.9000244140625,517.0499877929688,45338
2025-10-02 14:30:00,517.469970703125,517.5900268554688,516.9299926757812,516.9299926757812,56214
2025-10-02 14:31:00,517.5599975585938,518.7000122070312,517.094970703125,517.4099731445312,460468
2025-10-02 14:32:00,518.0,518.0,517.5499877929688,517.5800170898438,44511
2025-10-02 14:33:00,517.739990234375,518.094970703125,517.6699829101562,517.9400024414062,132882
2025-10-02 14:34:00,517.6400146484375,517.77001953125,517.4199829101562,517.760009765625,54556
2025-10-02 14:35:00,518.06201171875,518.1400146484375,517.594970703125,517.6400146484375,71623
2025-10-02 14:36:00,518.239990234375,518.239990234375,517.9000244140625,518.0449829101562,47422
2025-10-02 14:37:00,518.6199951171875,518.6199951171875,518.1099853515625,518.219970703125,60317
2025-10-02 14:38:00,518.9249877929688,519.0999755859375,518.6500244140625,518.6500244140625,48599
2025-10-02 14:39:00,518.9486083984375,518.9600219726562,518.6500244140625,518.9199829101562,31266
2025-10-02 14:40:00,518.6599731445312,519.0,518.4201049804688,518.989990234375,69319
2025-10-02 14:41:00,518.5300903320312,518.7899780273438,518.5300903320312,518.7000122070312,428965
2025-10-02 14:42:00,518.5999755859375,518.75,518.4918823242188,518.5900268554688,31033
2025-10-02 14:43:00,518.8499755859375,518.8499755859375,518.3101196289062,518.6185913085938,21399
2025-10-02 14:44:00,518.6300048828125,518.8021850585938,518.4400024414062,518.8021850585938,31597
2025-10-02 14:45:00,518.22998046875,518.6599731445312,518.219970703125,518.6599731445312,99324
2025-10-02 14:46:00,517.9000244140625,518.333984375,517.8599853515625,518.260009765625,50961
2025-10-02 14:47:00,518.010009765625,518.1550903320312,517.7750244140625,517.9199829101562,44365
2025-10-02 14:48:00,518.47998046875,518.52001953125,517.989990234375,518.0250244140625,53291
2025-10-02 14:49:00,518.3699951171875,518.6799926757812,518.3099975585938,518.4500122070312,72913
2025-10-02 14:50:00,517.7650146484375,518.3800048828125,517.7650146484375,518.3800048828125,26720
2025-10-02 14:51:00,517.2984008789062,517.8099975585938,517.1900024414062,517.7999877929688,46436
2025-10-02 14:52:00,517.4099731445312,517.5399780273438,517.239990234375,517.3800048828125,220396
2025-10-02 14:53:00,517.4299926757812,517.5,517.239990234375,517.3900146484375,35282
2025-10-02 14:54:00,517.0499877929688,517.4990234375,517.0499877929688,517.469970703125,28283
2025-10-02 14:55:00,516.7775268554688,517.1699829101562,516.5966186523438,517.0650024414062,51883
2025-10-02 14:56:00,516.6651000976562,516.7686157226562,516.5800170898438,516.760009765625,33127
2025-10-02 14:57:00,515.7974243164062,516.6500244140625,515.75,516.6500244140625,103428
2025-10-02 14:58:00,515.260009765625,515.8099975585938,515.219970703125,515.7800903320312,59983
2025-10-02 14:59:00,515.030029296875,515.3400268554688,514.9400024414062,515.260009765625,104690
2025-10-02 15:00:00,514.2449951171875,515.0650024414062,514.0999755859375,515.0551147460938,112472
2025-10-02 15:01:00,513.2550048828125,514.3109130859375,513.0700073242188,514.310791015625,200564
2025-10-02 15:02:00,511.6499938964844,513.2899780273438,511.21551513671875,513.2550048828125,257166
2025-10-02 15:03:00,511.5400085449219,512.1099853515625,510.6791076660156,511.6099853515625,215465
2025-10-02 15:04:00,511.739990234375,512.030029296875,511.3349914550781,511.625,140106
2025-10-02 15:05:00,511.62109375,512.280029296875,511.5400085449219,511.7900085449219,156671
2025-10-02 15:06:00,511.8299865722656,512.260009765625,511.20001220703125,511.67999267578125,136309
2025-10-02 15:07:00,511.92999267578125,512.4400024414062,511.6400146484375,511.7143859863281,134468
2025-10-02 15:08:00,511.9739990234375,512.1998901367188,511.010009765625,511.9150085449219,151601
2025-10-02 15:09:00,512.1849975585938,512.3049926757812,511.4700012207031,511.9800109863281,115114
2025-10-02 15:10:00,512.9099731445312,513.010009765625,512.1099853515625,512.1300048828125,150197
2025-10-02 15:11:00,512.3109741210938,513.0,512.3109741210938,512.8599853515625,83204
2025-10-02 15:12:00,511.19000244140625,512.3200073242188,511.1600036621094,512.2899780273438,92234
2025-10-02 15:13:00,511.534912109375,511.6499938964844,511.2250061035156,511.2699890136719,70632
2025-10-02 15:14:00,511.3599853515625,511.9999084472656,511.3534851074219,511.510009765625,100867
2025-10-02 15:15:00,511.4049987792969,511.8999938964844,511.25,511.3399963378906,66592
2025-10-02 15:16:00,512.4650268554688,512.5360107421875,511.3689880371094,511.42498779296875,87166
2025-10-02 15:17:00,512.2650146484375,512.6099853515625,512.239990234375,512.5399780273438,63544
2025-10-02 15:18:00,512.9199829101562,512.989990234375,512.3099975585938,512.3099975585938,61611
2025-10-02 15:19:00,512.8499755859375,513.0700073242188,512.635009765625,512.8800048828125,67853
2025-10-02 15:20:00,512.9099731445312,513.0501098632812,512.6400146484375,512.8200073242188,42738
2025-10-02 15:21:00,512.701904296875,512.969970703125,512.6422119140625,512.905029296875,37627
2025-10-02 15:22:00,513.0599975585938,513.0700073242188,512.6649780273438,512.780029296875,25829
2025-10-02 15:23:00,512.2999877929688,513.0999755859375,512.2929077148438,513.0599975585938,58718
2025-10-02 15:24:00,512.2150268554688,512.4500122070312,512.1699829101562,512.2999877929688,61132
2025-10-02 15:25:00,511.25,512.2750244140625,511.25,512.2100219726562,68532
2025-10-02 15:26:00,511.04998779296875,511.3599853515625,510.92999267578125,511.2900085449219,92019
2025-10-02 15:27:00,511.6000061035156,511.6099853515625,511.04998779296875,511.07080078125,69168
2025-10-02 15:28:00,511.635009765625,511.8500061035156,511.4100036621094,511.5400085449219,56899
2025-10-02 15:29:00,511.5350036621094,511.739990234375,511.5,511.5799865722656,35392
2025-10-02 15:30:00,511.7099914550781,511.7099914550781,511.29998779296875,511.5,43921
2025-10-02 15:31:00,511.6400146484375,511.760009765625,511.5299987792969,511.739990234375,28199
2025-10-02 15:32:00,511.8900146484375,511.95001220703125,511.6099853515625,511.6449890136719,31569
2025-10-02 15:33:00,511.6400146484375,511.80999755859375,511.5,511.79998779296875,32683
2025-10-02 15:34:00,511.3700866699219,511.92041015625,511.3700866699219,511.6199951171875,37272
2025-10-02 15:35:00,511.5,511.5929870605469,511.3800048828125,511.44000244140625,37077
2025-10-02 15:36:00,511.5849914550781,511.64990234375,511.39581298828125,511.5,29762
2025-10-02 15:37:00,511.3900146484375,511.5660095214844,511.1199951171875,511.5069885253906,61357
2025-10-02 15:38:00,511.2200012207031,511.5299987792969,511.17999267578125,511.4200134277344,38409
2025-10-02 15:39:00,511.3550109863281,511.3550109863281,510.7300109863281,511.19000244140625,76863
2025-10-02 15:40:00,511.6000061035156,511.739990234375,511.30999755859375,511.30999755859375,45926
2025-10-02 15:41:00,511.8399963378906,512.0999755859375,511.6000061035156,511.6000061035156,63880
2025-10-02 15:42:00,511.9700012207031,512.0700073242188,511.8399963378906,511.8599853515625,40498
2025-10-02 15:43:00,512.397216796875,512.7000122070312,511.8900146484375,511.9200134277344,40127
2025-10-02 15:44:00,512.4400024414062,512.4749755859375,512.2899780273438,512.3477783203125,27205
2025-10-02 15:45:00,512.7550048828125,512.7899780273438,512.4249877929688,512.4249877929688,24792
2025-10-02 15:46:00,512.7449951171875,512.8400268554688,512.6199951171875,512.7899780273438,33776
2025-10-02 15:47:00,512.6599731445312,512.8699951171875,512.64501953125,512.7449951171875,33960
2025-10-02 15:48:00,512.8400268554688,512.9099731445312,512.6583251953125,512.75,18286
2025-10-02 15:49:00,512.7000122070312,512.8599853515625,512.6719970703125,512.8021850585938,15629
2025-10-02 15:50:00,513.4500122070312,513.4500122070312,512.6950073242188,512.6950073242188,56486
2025-10-02 15:51:00,513.405029296875,513.6334228515625,513.3200073242188,513.4000244140625,36457
2025-10-02 15:52:00,513.2999267578125,513.4000244140625,513.0601196289062,513.3599853515625,30217
2025-10-02 15:53:00,513.4600219726562,513.47998046875,513.22998046875,513.2420043945312,25620
2025-10-02 15:54:00,513.6099853515625,513.6099853515625,513.2750244140625,513.4400024414062,31179
2025-10-02 15:55:00,513.9149780273438,513.9600219726562,513.5599975585938,513.5599975585938,53309
2025-10-02 15:56:00,514.030029296875,514.1500244140625,513.9650268554688,514.010009765625,25417
2025-10-02 15:57:00,514.1400146484375,514.1900024414062,513.9100952148438,514.0250244140625,38725
2025-10-02 15:58:00,514.1400146484375,514.1699829101562,513.9400024414062,514.142822265625,26073
2025-10-02 15:59:00,514.1950073242188,514.280029296875,514.0999755859375,514.1400146484375,38039
2025-10-02 16:00:00,514.344970703125,514.47998046875,514.1849975585938,514.1950073242188,30503
2025-10-02 16:01:00,514.5316162109375,514.5599975585938,514.1900024414062,514.280029296875,54107
2025-10-02 16:02:00,514.4650268554688,514.5355834960938,514.4000244140625,514.43798828125,15337
2025-10-02 16:03:00,514.2000122070312,514.5,514.0900268554688,514.5,24775
2025-10-02 16:04:00,514.1300048828125,514.3250122070312,514.030029296875,514.219970703125,18851
2025-10-02 16:05:00,514.10498046875,514.125,513.75,514.0908813476562,37023
2025-10-02 16:06:00,514.4749755859375,514.5399780273438,514.1163940429688,514.1163940429688,33642
2025-10-02 16:07:00,514.369873046875,514.4959716796875,514.1799926757812,514.4500122070312,39848
2025-10-02 16:08:00,514.22998046875,514.47998046875,514.1699829101562,514.405029296875,23022
2025-10-02 16:09:00,514.2999877929688,514.2999877929688,514.0499877929688,514.2100219726562,24390
2025-10-02 16:10:00,514.1201171875,514.3400268554688,514.1201171875,514.3400268554688,21400
2025-10-02 16:11:00,514.27001953125,514.2999877929688,514.0700073242188,514.1199951171875,16706
2025-10-02 16:12:00,514.3099975585938,514.3099975585938,514.1500244140625,514.22998046875,14227
2025-10-02 16:13:00,514.260009765625,514.469970703125,514.239990234375,514.2999877929688,15500
2025-10-02 16:14:00,514.239990234375,514.2651977539062,514.0900268554688,514.2000122070312,19158
2025-10-02 16:15:00,514.1199951171875,514.364990234375,514.1199951171875,514.1799926757812,23330
2025-10-02 16:16:00,513.9000244140625,514.1849975585938,513.8300170898438,514.1849975585938,48425
2025-10-02 16:17:00,513.75,514.02001953125,513.6400146484375,514.0,19057
2025-10-02 16:18:00,513.6472778320312,513.8419799804688,513.64501953125,513.719970703125,24602
2025-10-02 16:19:00,513.9282836914062,513.9459838867188,513.7672119140625,513.8300170898438,14227
2025-10-02 16:20:00,513.7249755859375,513.8800048828125,513.594970703125,513.8699951171875,20988
2025-10-02 16:21:00,513.739990234375,513.9600219726562,513.6900024414062,513.6900024414062,18157
2025-10-02 16:22:00,513.860107421875,513.938720703125,513.7999877929688,513.7999877929688,14369
2025-10-02 16:23:00,514.010009765625,514.010009765625,513.9199829101562,513.9500122070312,20487
2025-10-02 16:24:00,513.8900146484375,514.0700073242188,513.8800048828125,513.9849853515625,32865
2025-10-02 16:25:00,513.7000122070312,513.8599853515625,513.6099853515625,513.85498046875,20989
2025-10-02 16:26:00,513.89501953125,513.89501953125,513.655029296875,513.655029296875,11986
2025-10-02 16:27:00,513.719970703125,513.905029296875,513.719970703125,513.905029296875,12926
2025-10-02 16:28:00,513.6300048828125,513.7999877929688,513.5800170898438,513.7000732421875,16389
2025-10-02 16:29:00,513.8599853515625,513.8800048828125,513.610107421875,513.610107421875,21288
2025-10-02 16:30:00,513.9498901367188,513.9586181640625,513.7899780273438,513.8648071289062,15130
2025-10-02 16:31:00,513.8825073242188,514.0,513.8825073242188,513.9500122070312,17306
2025-10-02 16:32:00,514.194091796875,514.25,513.9199829101562,513.9199829101562,35032
2025-10-02 16:33:00,514.469970703125,514.5,514.2000122070312,514.260009765625,25569
2025-10-02 16:34:00,514.6500244140625,514.6500244140625,514.469970703125,514.52001953125,31920
2025-10-02 16:35:00,514.885009765625,514.969970703125,514.610107421875,514.6500244140625,36666
2025-10-02 16:36:00,514.8825073242188,514.9400024414062,514.8300170898438,514.9299926757812,33851
2025-10-02 16:37:00,514.5900268554688,514.9099731445312,514.3499755859375,514.9099731445312,27642
2025-10-02 16:38:00,514.4749755859375,514.6500244140625,514.4550170898438,514.6160278320312,14553
2025-10-02 16:39:00,514.75,514.760009765625,514.468994140625,514.4882202148438,25359
2025-10-02 16:40:00,513.9949951171875,514.72412109375,513.9949951171875,514.719970703125,28677
2025-10-02 16:41:00,513.9901733398438,514.1981201171875,513.9600219726562,514.0449829101562,23003
2025-10-02 16:42:00,513.8599853515625,514.1799926757812,513.8300170898438,513.9901123046875,27137
2025-10-02 16:43:00,513.9099731445312,513.9099731445312,513.739990234375,513.8099975585938,12009
2025-10-02 16:44:00,514.02001953125,514.0421752929688,513.9000244140625,513.9000244140625,15378
2025-10-02 16:45:00,514.260009765625,514.3049926757812,513.97998046875,514.02001953125,19928
2025-10-02 16:46:00,514.4400024414062,514.4450073242188,514.260009765625,514.3400268554688,13428
2025-10-02 16:47:00,514.3333129882812,514.4199829101562,514.1849975585938,514.4199829101562,17760
2025-10-02 16:48:00,514.3499755859375,514.4299926757812,514.2750244140625,514.4299926757812,10215
2025-10-02 16:49:00,514.4500122070312,514.5,514.2930908203125,514.344970703125,11632
2025-10-02 16:50:00,514.5999755859375,514.6563720703125,514.4600219726562,514.4600219726562,12427
2025-10-02 16:51:00,514.6699829101562,514.7000122070312,514.5200805664062,514.5999755859375,16148
2025-10-02 16:52:00,514.6500244140625,514.6599731445312,514.57958984375,514.6300048828125,10041
2025-10-02 16:53:00,514.7999877929688,514.8800048828125,514.6282958984375,514.6300048828125,11357
2025-10-02 16:54:00,514.8099975585938,514.8693237304688,514.7899780273438,514.8200073242188,11024
2025-10-02 16:55:00,514.905029296875,514.9500122070312,514.7100219726562,514.77001953125,17187
2025-10-02 16:56:00,515.3499755859375,515.375,514.8800048828125,514.914794921875,40445
2025-10-02 16:57:00,515.469970703125,515.5759887695312,515.2839965820312,515.3599853515625,32573
2025-10-02 16:58:00,515.3900146484375,515.5,515.2999877929688,515.4481811523438,46890
2025-10-02 16:59:00,515.5,515.5,515.3099975585938,515.3900146484375,46344
2025-10-02 17:00:00,515.405029296875,515.5900268554688,515.3215942382812,515.4849853515625,18417
2025-10-02 17:01:00,515.2105712890625,515.4500122070312,515.2000122070312,515.3800048828125,19878
2025-10-02 17:02:00,515.0900268554688,515.2449951171875,515.0900268554688,515.2449951171875,16747
2025-10-02 17:03:00,515.280029296875,515.280029296875,515.1497802734375,515.1497802734375,20994
2025-10-02 17:04:00,515.280029296875,515.4400024414062,515.280029296875,515.3499755859375,19672
2025-10-02 17:05:00,515.364990234375,515.3800048828125,515.1300048828125,515.260009765625,12116
2025-10-02 17:06:00,515.5,515.5,515.280029296875,515.364990234375,29674
2025-10-02 17:07:00,516.02001953125,516.0650024414062,515.57421875,515.5800170898438,32257
2025-10-02 17:08:00,516.1799926757812,516.2000122070312,515.9000854492188,516.0399780273438,38621
2025-10-02 17:09:00,515.8900146484375,516.1599731445312,515.8900146484375,516.1500244140625,22046
2025-10-02 17:10:00,515.9299926757812,515.9650268554688,515.75,515.8900146484375,21404
2025-10-02 17:11:00,515.6599731445312,515.9099731445312,515.6500244140625,515.9099731445312,15440
2025-10-02 17:12:00,515.739990234375,515.8909912109375,515.6749877929688,515.6749877929688,15913
2025-10-02 17:13:00,515.5900268554688,515.7999877929688,515.5474853515625,515.7100219726562,26828
2025-10-02 17:14:00,515.719970703125,515.719970703125,515.5650024414062,515.6199951171875,14930
2025-10-02 17:15:00,515.60498046875,515.72998046875,515.510009765625,515.6749877929688,25583
2025-10-02 17:16:00,515.6199951171875,515.7100219726562,515.5399780273438,515.6849975585938,17497
2025-10-02 17:17:00,515.5599975585938,515.7899780273438,515.4299926757812,515.6199951171875,33605
2025-10-02 17:18:00,515.52001953125,515.5599975585938,515.3278198242188,515.5549926757812,11880
2025-10-02 17:19:00,515.5350952148438,515.6099853515625,515.4000244140625,515.510009765625,20378
2025-10-02 17:20:00,515.4149780273438,515.5349731445312,515.3599853515625,515.5120239257812,21300
2025-10-02 17:21:00,515.4299926757812,515.5,515.3499755859375,515.4320068359375,19054
2025-10-02 17:22:00,515.5800170898438,515.6099853515625,515.3900146484375,515.3900146484375,40188
2025-10-02 17:23:00,515.6563720703125,515.7100219726562,515.4099731445312,515.64990234375,19135
2025-10-02 17:24:00,515.5499877929688,515.6300048828125,515.489990234375,515.6199951171875,9806
2025-10-02 17:25:00,515.6699829101562,515.7650146484375,515.5499877929688,515.5736083984375,16479
2025-10-02 17:26:00,515.6900024414062,515.75,515.5850219726562,515.6599731445312,21943
2025-10-02 17:27:00,516.0,516.0,515.72998046875,515.72998046875,20984
2025-10-02 17:28:00,515.844970703125,516.1799926757812,515.75,516.04150390625,19211
2025-10-02 17:29:00,515.760009765625,515.8400268554688,515.6375122070312,515.8400268554688,12601
2025-10-02 17:30:00,515.77001953125,515.7999877929688,515.6599731445312,515.7650146484375,17312
2025-10-02 17:31:00,515.7946166992188,515.9400024414062,515.77001953125,515.8250122070312,17468
2025-10-02 17:32:00,515.9099731445312,515.9650268554688,515.844970703125,515.8800048828125,14812
2025-10-02 17:33:00,516.0750122070312,516.0750122070312,515.8519287109375,515.875,10069
2025-10-02 17:34:00,515.9400024414062,516.1099853515625,515.9400024414062,516.0700073242188,14272
2025-10-02 17:35:00,515.9000244140625,516.0549926757812,515.8900146484375,515.9199829101562,15250
2025-10-02 17:36:00,515.969970703125,515.969970703125,515.8300170898438,515.8499755859375,27769
2025-10-02 17:37:00,515.8099975585938,515.9600219726562,515.739990234375,515.9099731445312,24460
2025-10-02 17:38:00,515.9400024414062,516.0449829101562,515.7899780273438,515.8099975585938,20042
2025-10-02 17:39:00,515.969970703125,515.969970703125,515.739990234375,515.9500122070312,17135
2025-10-02 17:40:00,515.8599853515625,515.8900146484375,515.7899780273438,515.8900146484375,19104
2025-10-02 17:41:00,515.875,515.9400024414062,515.7000122070312,515.8599853515625,22984
2025-10-02 17:42:00,516.3049926757812,516.3054809570312,515.8200073242188,515.8400268554688,41877
2025-10-02 17:43:00,516.35498046875,516.3900146484375,516.2352905273438,516.2352905273438,18768
2025-10-02 17:44:00,516.4799194335938,516.541015625,516.2750244140625,516.3568725585938,19735
2025-10-02 17:45:00,516.385009765625,516.5499877929688,516.239990234375,516.4727783203125,16267
2025-10-02 17:46:00,516.1400146484375,516.385009765625,516.1400146484375,516.3699951171875,17976
2025-10-02 17:47:00,516.2100219726562,516.2100219726562,516.0399780273438,516.14501953125,17742
2025-10-02 17:48:00,516.2899780273438,516.3200073242188,516.2042846679688,516.3099975585938,11318
2025-10-02 17:49:00,516.2949829101562,516.39501953125,516.239990234375,516.3699951171875,13254
2025-10-02 17:50:00,516.439697265625,516.4515991210938,516.280029296875,516.280029296875,13346
2025-10-02 17:51:00,516.530029296875,516.5800170898438,516.47998046875,516.5,10460
2025-10-02 17:52:00,516.5,516.530029296875,516.4273071289062,516.530029296875,26786
2025-10-02 17:53:00,516.5349731445312,516.6849975585938,516.4949951171875,516.4949951171875,23307
2025-10-02 17:54:00,516.6599731445312,516.6599731445312,516.5499877929688,516.6599731445312,26472
2025-10-02 17:55:00,516.8800048828125,516.8800048828125,516.530029296875,516.6500244140625,15348
2025-10-02 17:56:00,517.0798950195312,517.0899047851562,516.8300170898438,516.83251953125,37651
2025-10-02 17:57:00,516.97998046875,517.1599731445312,516.9299926757812,517.0349731445312,16973
2025-10-02 17:58:00,517.0,517.0499877929688,516.969970703125,517.010009765625,14423
2025-10-02 17:59:00,517.169921875,517.22998046875,517.0200805664062,517.0399780273438,21436
2025-10-02 18:00:00,517.2050170898438,517.2999267578125,517.02001953125,517.169921875,31040
2025-10-02 18:01:00,517.1077880859375,517.419921875,517.1077880859375,517.219970703125,40069
2025-10-02 18:02:00,516.5900268554688,517.1300048828125,516.530029296875,517.0999755859375,44050
2025-10-02 18:03:00,516.7951049804688,516.9099731445312,516.5701293945312,516.5701293945312,17707
2025-10-02 18:04:00,516.6900024414062,516.8400268554688,516.6599731445312,516.7506103515625,26640
2025-10-02 18:05:00,516.8200073242188,516.85498046875,516.6749877929688,516.6849975585938,29657
2025-10-02 18:06:00,516.77001953125,516.8699951171875,516.77001953125,516.8200073242188,11447
2025-10-02 18:07:00,516.8099975585938,517.0349731445312,516.760009765625,516.7899780273438,21008
2025-10-02 18:08:00,516.9990234375,516.9990234375,516.7899780273438,516.8300170898438,17812
2025-10-02 18:09:00,516.9840087890625,516.9840087890625,516.875,516.9450073242188,14852
2025-10-02 18:10:00,516.989990234375,516.989990234375,516.885009765625,516.9500122070312,12376
2025-10-02 18:11:00,517.010009765625,517.02001953125,516.8800048828125,517.0,14125
2025-10-02 18:12:00,517.239990234375,517.2899780273438,517.0050048828125,517.0050048828125,26962
2025-10-02 18:13:00,517.0900268554688,517.25,517.0900268554688,517.2495727539062,16405
2025-10-02 18:14:00,517.114990234375,517.125,516.9600219726562,517.0599975585938,30013
2025-10-02 18:15:00,517.1566162109375,517.1801147460938,517.0,517.0800170898438,20788
2025-10-02 18:16:00,517.0800170898438,517.1300048828125,516.9351196289062,517.1300048828125,23011
2025-10-02 18:17:00,517.2664794921875,517.2664794921875,517.0050048828125,517.0499877929688,17128
2025-10-02 18:18:00,517.2100219726562,517.2650146484375,517.1900024414062,517.239990234375,11329
2025-10-02 18:19:00,517.239990234375,517.27001953125,517.16162109375,517.1699829101562,14977
2025-10-02 18:20:00,517.27001953125,517.280029296875,517.1799926757812,517.219970703125,14908
2025-10-02 18:21:00,517.22998046875,517.4400024414062,517.2000122070312,517.280029296875,28915
2025-10-02 18:22:00,517.3900146484375,517.3900146484375,517.2349853515625,517.2507934570312,12418
2025-10-02 18:23:00,517.2949829101562,517.385009765625,517.280029296875,517.3499755859375,16192
2025-10-02 18:24:00,517.4500122070312,517.4500122070312,517.280029296875,517.2949829101562,17461
2025-10-02 18:25:00,517.47998046875,517.5549926757812,517.4500122070312,517.469970703125,16362
2025-10-02 18:26:00,517.4400024414062,517.5399780273438,517.3900146484375,517.5,28597
2025-10-02 18:27:00,517.3800048828125,517.4500122070312,517.330078125,517.4500122070312,28321
2025-10-02 18:28:00,517.3453979492188,517.39501953125,517.2650146484375,517.3505859375,19241
2025-10-02 18:29:00,517.3800048828125,517.4000244140625,517.2899780273438,517.4000244140625,12897
2025-10-02 18:30:00,517.2249755859375,517.4299926757812,517.219970703125,517.4149780273438,26640
2025-10-02 18:31:00,517.0549926757812,517.239990234375,517.0499877929688,517.2249755859375,20616
2025-10-02 18:32:00,517.0900268554688,517.1651000976562,517.0250244140625,517.0250244140625,23059
2025-10-02 18:33:00,516.9697875976562,517.0900268554688,516.9199829101562,517.0806884765625,35351
2025-10-02 18:34:00,516.7100219726562,517.02001953125,516.7100219726562,517.010009765625,21732
2025-10-02 18:35:00,516.8300170898438,516.8300170898438,516.7000122070312,516.75,16227
2025-10-02 18:36:00,516.9299926757812,516.9299926757812,516.8099975585938,516.8300170898438,18194
2025-10-02 18:37:00,516.9199829101562,517.02001953125,516.8018798828125,516.915283203125,24231
2025-10-02 18:38:00,516.969970703125,516.9899291992188,516.9000244140625,516.9799194335938,13204
2025-10-02 18:39:00,517.1799926757812,517.1799926757812,516.9400024414062,516.9749755859375,15882
2025-10-02 18:40:00,517.1199951171875,517.1900024414062,517.0499877929688,517.1699829101562,17335
2025-10-02 18:41:00,517.1699829101562,517.1699829101562,517.0701293945312,517.1500244140625,14376
2025-10-02 18:42:00,517.0679931640625,517.1799926757812,517.0679931640625,517.1699829101562,9161
2025-10-02 18:43:00,516.9299926757812,517.0650024414062,516.8599853515625,517.0650024414062,23579
2025-10-02 18:44:00,516.9299926757812,517.0,516.9299926757812,516.9749755859375,11127
2025-10-02 18:45:00,516.8699951171875,516.9251098632812,516.8599853515625,516.9149780273438,13092
2025-10-02 18:46:00,516.9299926757812,516.9498901367188,516.8499755859375,516.8499755859375,11565
2025-10-02 18:47:00,516.719970703125,516.9500122070312,516.6599731445312,516.9500122070312,21168
2025-10-02 18:48:00,516.75,516.7999877929688,516.6849975585938,516.719970703125,13252
2025-10-02 18:49:00,516.8300170898438,516.8400268554688,516.719970703125,516.75,21852
2025-10-02 18:50:00,516.8599853515625,516.9199829101562,516.760009765625,516.8300170898438,19865
2025-10-02 18:51:00,516.75,516.85400390625,516.7100219726562,516.85400390625,10807
2025-10-02 18:52:00,516.8035888671875,516.8499755859375,516.7249755859375,516.7249755859375,23551
2025-10-02 18:53:00,516.8300170898438,516.8599853515625,516.7899780273438,516.8350219726562,11927
2025-10-02 18:54:00,516.8800048828125,516.9099731445312,516.8099975585938,516.8400268554688,15957
2025-10-02 18:55:00,516.9600219726562,517.0,516.8099975585938,516.8099975585938,25024
2025-10-02 18:56:00,516.9349975585938,517.0399780273438,516.9000244140625,516.9498901367188,15313
2025-10-02 18:57:00,517.0499267578125,517.1140747070312,516.9450073242188,516.969482421875,27292
2025-10-02 18:58:00,517.0750122070312,517.1199951171875,516.992919921875,517.0499877929688,14707
2025-10-02 18:59:00,517.0650024414062,517.2000122070312,517.0399780273438,517.0800170898438,18764
2025-10-02 19:00:00,517.0599975585938,517.1300048828125,516.9801025390625,517.030029296875,16132
2025-10-02 19:01:00,517.030029296875,517.1500244140625,517.030029296875,517.0900268554688,19487
2025-10-02 19:02:00,517.0877075195312,517.0877075195312,517.010009765625,517.02001953125,10624
2025-10-02 19:03:00,517.094970703125,517.1300048828125,517.0599975585938,517.0900268554688,14614
2025-10-02 19:04:00,517.3300170898438,517.3300170898438,517.0999755859375,517.0999755859375,17001
2025-10-02 19:05:00,517.169921875,517.3200073242188,517.1599731445312,517.3200073242188,21423
2025-10-02 19:06:00,517.3200073242188,517.3499755859375,517.1699829101562,517.1799926757812,14808
2025-10-02 19:07:00,517.1599731445312,517.2999877929688,517.1500244140625,517.2999877929688,18482
2025-10-02 19:08:00,517.280029296875,517.280029296875,517.155029296875,517.1699829101562,15269
2025-10-02 19:09:00,517.0999755859375,517.2686157226562,517.0800170898438,517.2559814453125,41202
2025-10-02 19:10:00,516.9400024414062,517.0679931640625,516.9400024414062,517.0399780273438,24093
2025-10-02 19:11:00,516.739990234375,516.9000244140625,516.739990234375,516.9000244140625,25999
2025-10-02 19:12:00,516.7050170898438,516.8200073242188,516.6900024414062,516.72998046875,23807
2025-10-02 19:13:00,516.77001953125,516.8099975585938,516.7100219726562,516.7100219726562,24246
2025-10-02 19:14:00,516.8699951171875,516.9000244140625,516.780029296875,516.7849731445312,25920
2025-10-02 19:15:00,516.7249755859375,516.8800048828125,516.7249755859375,516.8699951171875,28608
2025-10-02 19:16:00,516.80517578125,516.8400268554688,516.7349853515625,516.739990234375,27441
2025-10-02 19:17:00,516.6900024414062,516.7899780273438,516.6500244140625,516.7750244140625,20878
2025-10-02 19:18:00,516.635009765625,516.7698974609375,516.6199951171875,516.7100219726562,17057
2025-10-02 19:19:00,516.719970703125,516.7449951171875,516.5800170898438,516.625,19382
2025-10-02 19:20:00,516.6500244140625,516.8200073242188,516.6400146484375,516.7550048828125,17631
2025-10-02 19:21:00,516.780029296875,516.9400024414062,516.655029296875,516.6599731445312,38133
2025-10-02 19:22:00,516.844970703125,516.8599853515625,516.760009765625,516.7999877929688,20366
2025-10-02 19:23:00,516.9199829101562,516.9349975585938,516.8099975585938,516.8468017578125,16514
2025-10-02 19:24:00,517.0599975585938,517.0599975585938,516.9400024414062,516.9400024414062,22067
2025-10-02 19:25:00,517.14501953125,517.1799926757812,517.0499877929688,517.0499877929688,19647
2025-10-02 19:26:00,517.0499877929688,517.14501953125,517.025390625,517.1199951171875,22768
2025-10-02 19:27:00,517.14501953125,517.1699829101562,517.0399780273438,517.0499877929688,19490
2025-10-02 19:28:00,517.0399780273438,517.1732177734375,517.0399780273438,517.1699829101562,26055
2025-10-02 19:29:00,517.041015625,517.0971069335938,517.02001953125,517.0599975585938,23216
2025-10-02 19:30:00,516.8300170898438,517.0739135742188,516.7628784179688,517.0549926757812,58460
2025-10-02 19:31:00,516.8400268554688,516.9149780273438,516.7849731445312,516.8200073242188,23819
2025-10-02 19:32:00,517.0399780273438,517.0499877929688,516.7681274414062,516.8101196289062,18803
2025-10-02 19:33:00,516.9349975585938,517.0499877929688,516.905029296875,517.0449829101562,19665
2025-10-02 19:34:00,516.9149780273438,516.9600219726562,516.8505859375,516.9249877929688,35782
2025-10-02 19:35:00,516.8900146484375,516.9199829101562,516.840087890625,516.9099731445312,26048
2025-10-02 19:36:00,516.905029296875,516.969970703125,516.8699951171875,516.905029296875,27708
2025-10-02 19:37:00,516.7650146484375,516.9500122070312,516.7100219726562,516.8900146484375,39546
2025-10-02 19:38:00,516.72998046875,516.8099975585938,516.7150268554688,516.760009765625,24576
2025-10-02 19:39:00,516.9400024414062,516.9600219726562,516.7150268554688,516.719970703125,28280
2025-10-02 19:40:00,516.7100219726562,516.9099731445312,516.6699829101562,516.9099731445312,40287
2025-10-02 19:41:00,516.5599975585938,516.7999877929688,516.5599975585938,516.719970703125,26881
2025-10-02 19:42:00,516.6699829101562,516.7100219726562,516.5250244140625,516.5250244140625,37801
2025-10-02 19:43:00,516.510009765625,516.6799926757812,516.510009765625,516.6646118164062,65176
2025-10-02 19:44:00,516.385009765625,516.5650024414062,516.3599853515625,516.5,65165
2025-10-02 19:45:00,516.3200073242188,516.4099731445312,516.260009765625,516.385009765625,41033
2025-10-02 19:46:00,516.489990234375,516.5399780273438,516.3599853515625,516.3599853515625,36921
2025-10-02 19:47:00,516.52001953125,516.6500244140625,516.4199829101562,516.510009765625,33034
2025-10-02 19:48:00,516.6699829101562,516.6900024414062,516.5,516.530029296875,42292
2025-10-02 19:49:00,516.5800170898438,516.7150268554688,516.4949951171875,516.6500244140625,42709
2025-10-02 19:50:00,516.4600219726562,516.6400146484375,516.1900024414062,516.5900268554688,111468
2025-10-02 19:51:00,516.3800048828125,516.5,516.1900024414062,516.4400024414062,76061
2025-10-02 19:52:00,516.3499755859375,516.3800048828125,516.2349853515625,516.375,61795
2025-10-02 19:53:00,516.3800048828125,516.5900268554688,516.344970703125,516.364990234375,56419
2025-10-02 19:54:00,516.043212890625,516.4199829101562,515.8599853515625,516.385009765625,89303
2025-10-02 19:55:00,515.3099975585938,516.0399780273438,515.219970703125,516.0399780273438,208415
2025-10-02 19:56:00,515.2100219726562,515.4982299804688,515.0599975585938,515.3200073242188,161192
2025-10-02 19:57:00,515.8049926757812,515.8900146484375,515.1900024414062,515.2000122070312,180221
2025-10-02 19:58:00,515.7100219726562,515.9299926757812,515.6799926757812,515.8099975585938,177499
2025-10-02 19:59:00,515.6099853515625,515.9600219726562,515.5399780273438,515.7100219726562,503074
2025-10-03 13:30:00,516.8499755859375,517.6900024414062,516.2550048828125,517.0999755859375,429370
2025-10-03 13:31:00,517.010009765625,517.0700073242188,516.5399780273438,516.8900146484375,71190
2025-10-03 13:32:00,516.52001953125,517.0999755859375,516.52001953125,516.9849853515625,45736
2025-10-03 13:33:00,516.8200073242188,516.8200073242188,516.219970703125,516.6599731445312,97464
2025-10-03 13:34:00,516.27001953125,516.7899780273438,516.25,516.7899780273438,45141
2025-10-03 13:35:00,517.0,517.0,516.5999755859375,516.5999755859375,13295
2025-10-03 13:36:00,516.3599853515625,516.6599731445312,516.02001953125,516.6400146484375,74202
2025-10-03 13:37:00,516.9000244140625,516.9299926757812,516.35498046875,516.4500122070312,15366
2025-10-03 13:38:00,516.8800048828125,517.289306640625,516.77001953125,516.8800048828125,34854
2025-10-03 13:39:00,516.2249755859375,517.0946044921875,516.2249755859375,516.8765258789062,32558
2025-10-03 13:40:00,516.260009765625,516.489990234375,516.02001953125,516.2789916992188,28055
2025-10-03 13:41:00,515.419921875,516.4450073242188,515.1900024414062,516.3599243164062,87238
2025-10-03 13:42:00,515.25,515.5,515.0850219726562,515.3400268554688,29989
2025-10-03 13:43:00,515.125,515.3656005859375,515.0,515.0599975585938,38727
2025-10-03 13:44:00,515.4949951171875,515.5499877929688,515.1799926757812,515.1799926757812,22541
2025-10-03 13:45:00,516.1900024414062,516.1900024414062,515.489990234375,515.5700073242188,0
2025-10-03 13:46:00,516.3900146484375,516.7000122070312,516.155029296875,516.2095947265625,326824
2025-10-03 13:47:00,516.7000122070312,516.9099731445312,516.260009765625,516.4299926757812,47553
2025-10-03 13:48:00,517.2100219726562,517.2100219726562,516.6099853515625,516.72998046875,47060
2025-10-03 13:49:00,517.3300170898438,517.594970703125,517.2000122070312,517.2000122070312,64473
2025-10-03 13:50:00,517.7999877929688,517.8499755859375,517.3400268554688,517.3400268554688,61890
2025-10-03 13:51:00,518.5549926757812,518.5900268554688,517.780029296875,517.8499755859375,113736
2025-10-03 13:52:00,518.6900024414062,518.72998046875,518.1699829101562,518.5009765625,89054
2025-10-03 13:53:00,518.9000244140625,519.1199951171875,518.6408081054688,518.6408081054688,96727
2025-10-03 13:54:00,518.4550170898438,518.9600219726562,518.4000244140625,518.9600219726562,69665
2025-10-03 13:55:00,518.60400390625,518.655029296875,518.02001953125,518.4550170898438,46652
2025-10-03 13:56:00,518.0900268554688,518.9735717773438,518.0900268554688,518.6300048828125,34063
2025-10-03 13:57:00,518.1740112304688,518.260009765625,518.0001220703125,518.0001220703125,35121
2025-10-03 13:58:00,518.7650146484375,518.77001953125,518.0900268554688,518.1400146484375,30936
2025-10-03 13:59:00,518.77001953125,518.9000244140625,518.52001953125,518.776123046875,42950
2025-10-03 14:00:00,518.7127075195312,519.1300048828125,518.6300048828125,518.8200073242188,77490
2025-10-03 14:01:00,518.2999877929688,518.6300048828125,517.880126953125,518.6199951171875,67738
2025-10-03 14:02:00,517.6749877929688,518.4799194335938,517.6303100585938,518.3900146484375,36412
2025-10-03 14:03:00,517.9600219726562,518.0750122070312,517.5700073242188,517.8250122070312,51187
2025-10-03 14:04:00,517.9000244140625,518.0900268554688,517.8099975585938,517.9400024414062,34116
2025-10-03 14:05:00,517.3200073242188,517.8800048828125,517.3200073242188,517.8200073242188,44853
2025-10-03 14:06:00,516.9099731445312,517.4000244140625,516.6599731445312,517.4000244140625,63043
2025-10-03 14:07:00,516.5798950195312,517.1199951171875,516.5599975585938,516.8900146484375,33022
2025-10-03 14:08:00,516.3699951171875,516.510009765625,516.1500244140625,516.510009765625,32465
2025-10-03 14:09:00,516.8499755859375,516.9899291992188,516.35498046875,516.35498046875,53961
2025-10-03 14:10:00,517.219970703125,517.25,516.7349853515625,516.8200073242188,96897
2025-10-03 14:11:00,517.75,517.7899780273438,517.248291015625,517.248291015625,30596
2025-10-03 14:12:00,517.7150268554688,517.7799072265625,517.4299926757812,517.7000122070312,30426
2025-10-03 14:13:00,517.72998046875,517.9000244140625,517.6799926757812,517.8200073242188,22234
2025-10-03 14:14:00,517.8599853515625,517.969970703125,517.6099853515625,517.719970703125,21812
2025-10-03 14:15:00,517.9500122070312,518.1849975585938,517.8800048828125,517.8800048828125,36386
2025-10-03 14:16:00,518.6849975585938,518.7100219726562,517.9400024414062,517.9400024414062,66007
2025-10-03 14:17:00,518.344970703125,518.6599731445312,518.135009765625,518.6599731445312,39808
2025-10-03 14:18:00,518.1599731445312,518.375,517.9600219726562,518.3400268554688,26709
2025-10-03 14:19:00,517.9694213867188,518.1444702148438,517.9400024414062,518.1099853515625,20632
2025-10-03 14:20:00,518.0599975585938,518.280029296875,517.969970703125,517.989990234375,15639
2025-10-03 14:21:00,518.0349731445312,518.1950073242188,517.969970703125,518.010009765625,20728
2025-10-03 14:22:00,518.27001953125,518.27001953125,517.9299926757812,518.0449829101562,15944
2025-10-03 14:23:00,517.97998046875,518.22998046875,517.9600219726562,518.22998046875,23341
2025-10-03 14:24:00,518.426025390625,518.426025390625,517.9249877929688,517.9400024414062,22391
2025-10-03 14:25:00,518.3099975585938,518.4000244140625,518.2133178710938,518.375,25005
2025-10-03 14:26:00,518.52001953125,518.8201293945312,518.3400268554688,518.3499755859375,35759
2025-10-03 14:27:00,518.0599975585938,518.47998046875,518.030029296875,518.47998046875,15211
2025-10-03 14:28:00,518.02001953125,518.1699829101562,518.010009765625,518.0999755859375,15076
2025-10-03 14:29:00,518.3150024414062,518.364990234375,518.010009765625,518.010009765625,15280
2025-10-03 14:30:00,518.2899780273438,518.416015625,518.2249755859375,518.2249755859375,16823
2025-10-03 14:31:00,518.60498046875,518.7000122070312,518.3099975585938,518.3099975585938,14959
2025-10-03 14:32:00,518.635009765625,518.6691284179688,518.510009765625,518.6199951171875,26400
2025-10-03 14:33:00,518.77001953125,518.7899780273438,518.52001953125,518.6199951171875,18189
2025-10-03 14:34:00,518.7050170898438,518.9099731445312,518.6799926757812,518.8350219726562,32325
2025-10-03 14:35:00,518.8200073242188,518.9099731445312,518.5399780273438,518.8099975585938,19610
2025-10-03 14:36:00,518.8200073242188,519.0399780273438,518.8099975585938,518.864990234375,31934
2025-10-03 14:37:00,519.1400756835938,519.25,518.8300170898438,518.8499755859375,47891
2025-10-03 14:38:00,519.1494750976562,519.1849975585938,518.989990234375,519.1400146484375,25122
2025-10-03 14:39:00,519.1500244140625,519.1699829101562,518.9307861328125,519.125,22944
2025-10-03 14:40:00,519.510009765625,519.760009765625,519.1799926757812,519.1799926757812,46884
2025-10-03 14:41:00,519.5999755859375,519.72998046875,519.3817138671875,519.5399780273438,26199
2025-10-03 14:42:00,519.5128784179688,519.6400146484375,519.22998046875,519.6400146484375,21771
2025-10-03 14:43:00,519.489990234375,519.6900024414062,519.3925170898438,519.469970703125,26501
2025-10-03 14:44:00,519.6400146484375,519.6400146484375,519.4255981445312,519.5399780273438,21980
2025-10-03 14:45:00,519.5700073242188,519.780029296875,519.530029296875,519.6500244140625,32388
2025-10-03 14:46:00,519.375,519.7999877929688,519.3699951171875,519.502197265625,23501
2025-10-03 14:47:00,519.489990234375,519.5800170898438,519.3499755859375,519.3499755859375,19071
2025-10-03 14:48:00,519.7849731445312,519.7999877929688,519.4450073242188,519.489990234375,21374
2025-10-03 14:49:00,519.5814819335938,519.7650146484375,519.4749755859375,519.75,17420
2025-10-03 14:50:00,519.469970703125,519.6090087890625,519.4000244140625,519.5499877929688,11852
2025-10-03 14:51:00,519.5250244140625,519.5499877929688,519.3400268554688,519.510009765625,18628
2025-10-03 14:52:00,519.5399169921875,519.5399169921875,519.260009765625,519.489990234375,22062
2025-10-03 14:53:00,519.4400024414062,519.6199951171875,519.4400024414062,519.5499877929688,13721
2025-10-03 14:54:00,519.719970703125,519.75,519.39501953125,519.39501953125,23020
2025-10-03 14:55:00,519.5900268554688,519.7000122070312,519.5,519.7000122070312,14539
2025-10-03 14:56:00,519.5800170898438,519.6699829101562,519.4299926757812,519.5999755859375,21296
2025-10-03 14:57:00,519.5908203125,519.6898803710938,519.52001953125,519.64501953125,14340
2025-10-03 14:58:00,519.5,519.5999755859375,519.4600219726562,519.5750122070312,14999
2025-10-03 14:59:00,519.780029296875,519.7999877929688,519.5599975585938,519.5599975585938,47243
2025-10-03 15:00:00,519.4215087890625,519.739990234375,519.3864135742188,519.72998046875,25170
2025-10-03 15:01:00,519.3704833984375,519.5999755859375,519.330078125,519.52001953125,27363
2025-10-03 15:02:00,519.1849975585938,519.5800170898438,519.1099853515625,519.4099731445312,36136
2025-10-03 15:03:00,518.9299926757812,519.1099853515625,518.9099731445312,519.0599975585938,18341
2025-10-03 15:04:00,519.0549926757812,519.14990234375,518.880126953125,518.880126953125,19955
2025-10-03 15:05:00,519.219970703125,519.219970703125,518.969970703125,519.0499877929688,25925
2025-10-03 15:06:00,519.1799926757812,519.3300170898438,519.0501098632812,519.1400146484375,17141
2025-10-03 15:07:00,519.22998046875,519.280029296875,519.1400146484375,519.2000122070312,22402
2025-10-03 15:08:00,519.0449829101562,519.3341064453125,519.0449829101562,519.3300170898438,21614
2025-10-03 15:09:00,519.0399780273438,519.0700073242188,518.9249877929688,519.0499877929688,14822
2025-10-03 15:10:00,519.02001953125,519.2100219726562,518.9650268554688,519.0599975585938,18911
2025-10-03 15:11:00,519.2050170898438,519.219970703125,519.0349731445312,519.0349731445312,15770
2025-10-03 15:12:00,519.2999877929688,519.364990234375,519.2000732421875,519.2000732421875,17457
2025-10-03 15:13:00,519.3499755859375,519.510009765625,519.3200073242188,519.3300170898438,27626
2025-10-03 15:14:00,519.5999755859375,519.6500244140625,519.3200073242188,519.3200073242188,13769
2025-10-03 15:15:00,519.7999877929688,519.8200073242188,519.5399780273438,519.639892578125,26249
2025-10-03 15:16:00,519.7000122070312,520.0499877929688,519.6400146484375,519.7949829101562,95093
2025-10-03 15:17:00,519.4869995117188,519.7061767578125,519.4869995117188,519.6300048828125,15207
2025-10-03 15:18:00,519.3814697265625,519.5601196289062,519.3814697265625,519.52001953125,16071
2025-10-03 15:19:00,519.7155151367188,519.739990234375,519.47998046875,519.5,15815
2025-10-03 15:20:00,519.573974609375,519.7100219726562,519.4400024414062,519.6900024414062,13618
2025-10-03 15:21:00,519.8099975585938,519.8300170898438,519.594970703125,519.594970703125,17554
2025-10-03 15:22:00,519.6900024414062,519.989990234375,519.6900024414062,519.8499755859375,14778
2025-10-03 15:23:00,519.64501953125,519.6500244140625,519.4199829101562,519.6099853515625,14883
2025-10-03 15:24:00,519.9014892578125,519.9500122070312,519.5999755859375,519.64501953125,28399
2025-10-03 15:25:00,519.8800048828125,520.0250244140625,519.8300170898438,519.8900146484375,48771
2025-10-03 15:26:00,519.9000244140625,519.9000244140625,519.5800170898438,519.8499755859375,40337
2025-10-03 15:27:00,519.6300048828125,519.9149780273438,519.6300048828125,519.9149780273438,19214
2025-10-03 15:28:00,519.3250122070312,519.6500244140625,519.3099975585938,519.6199951171875,41652
2025-10-03 15:29:00,519.6300048828125,519.6901245117188,519.3099975585938,519.335205078125,16878
2025-10-03 15:30:00,519.4500122070312,519.594970703125,519.4000244140625,519.594970703125,17497
2025-10-03 15:31:00,519.4349975585938,519.4869995117188,519.3300170898438,519.4595947265625,22381
2025-10-03 15:32:00,519.4600219726562,519.4954833984375,519.3499755859375,519.3599853515625,15203
2025-10-03 15:33:00,519.5800170898438,519.6300048828125,519.4000244140625,519.469970703125,19038
2025-10-03 15:34:00,519.5806274414062,519.6900024414062,519.530029296875,519.530029296875,15300
2025-10-03 15:35:00,519.739990234375,519.739990234375,519.5599975585938,519.6099853515625,14148
2025-10-03 15:36:00,519.6599731445312,519.77001953125,519.6300048828125,519.75,18070
2025-10-03 15:37:00,519.52001953125,519.6563720703125,519.3499755859375,519.6563720703125,17400
2025-10-03 15:38:00,519.77001953125,519.77001953125,519.4849853515625,519.5050048828125,19680
2025-10-03 15:39:00,519.5700073242188,519.8599853515625,519.5449829101562,519.75,26548
2025-10-03 15:40:00,519.3800048828125,519.5800170898438,519.3800048828125,519.5650024414062,23334
2025-10-03 15:41:00,519.3200073242188,519.510009765625,519.2750244140625,519.469970703125,17986
2025-10-03 15:42:00,519.4500122070312,519.52001953125,519.3853149414062,519.39501953125,18331
2025-10-03 15:43:00,519.6799926757812,519.6799926757812,519.469970703125,519.5,17715
2025-10-03 15:44:00,519.625,519.7000122070312,519.530029296875,519.7000122070312,17498
2025-10-03 15:45:00,519.47998046875,519.5900268554688,519.4149780273438,519.5900268554688,16583
2025-10-03 15:46:00,519.72998046875,519.72998046875,519.469970703125,519.469970703125,12878
2025-10-03 15:47:00,519.719970703125,519.75,519.6699829101562,519.719970703125,11544
2025-10-03 15:48:00,519.7100219726562,519.72998046875,519.5609130859375,519.72998046875,16569
2025-10-03 15:49:00,519.8099975585938,519.8099975585938,519.6900024414062,519.72998046875,11525
2025-10-03 15:50:00,519.9401245117188,520.0,519.8099975585938,519.8099975585938,32438
2025-10-03 15:51:00,519.8400268554688,520.0,519.7999877929688,519.9500122070312,21889
2025-10-03 15:52:00,519.760009765625,519.8900146484375,519.739990234375,519.8599853515625,13367
2025-10-03 15:53:00,519.905029296875,519.905029296875,519.7899780273438,519.7899780273438,15015
2025-10-03 15:54:00,519.7835083007812,519.9669799804688,519.6799926757812,519.9299926757812,16277
2025-10-03 15:55:00,519.6099853515625,519.7899780273438,519.5501098632812,519.760009765625,20041
2025-10-03 15:56:00,519.822998046875,519.8800048828125,519.6099853515625,519.6500244140625,16013
2025-10-03 15:57:00,519.8699951171875,519.8699951171875,519.77001953125,519.7899780273438,12812
2025-10-03 15:58:00,519.6199951171875,519.8699951171875,519.5750122070312,519.8699951171875,8998
2025-10-03 15:59:00,519.64501953125,519.6599731445312,519.5499877929688,519.6199951171875,15582
2025-10-03 16:00:00,519.8300170898438,519.9500122070312,519.6901245117188,519.6920776367188,12942
2025-10-03 16:01:00,519.9550170898438,520.0,519.8300170898438,519.864990234375,26700
2025-10-03 16:02:00,519.9650268554688,520.0,519.8599853515625,519.9500122070312,15891
2025-10-03 16:03:00,519.9400024414062,519.97998046875,519.8914184570312,519.9400024414062,10828
2025-10-03 16:04:00,520.030029296875,520.1199951171875,519.9254150390625,519.989990234375,48543
2025-10-03 16:05:00,520.1799926757812,520.2899780273438,520.0650024414062,520.1099853515625,36776
2025-10-03 16:06:00,520.219970703125,520.3599853515625,520.1649780273438,520.1649780273438,19353
2025-10-03 16:07:00,520.1400146484375,520.4299926757812,520.0800170898438,520.2100219726562,34083
2025-10-03 16:08:00,520.173583984375,520.3300170898438,520.0700073242188,520.2000122070312,19126
2025-10-03 16:09:00,519.75,520.219970703125,519.6199951171875,520.219970703125,34465
2025-10-03 16:10:00,519.8400268554688,519.85498046875,519.75,519.75,17372
2025-10-03 16:11:00,519.77001953125,519.9500122070312,519.6900024414062,519.8499755859375,24288
2025-10-03 16:12:00,519.8150024414062,519.822021484375,519.75,519.760009765625,14799
2025-10-03 16:13:00,519.72998046875,519.8400268554688,519.6605834960938,519.8400268554688,19445
2025-10-03 16:14:00,519.6649780273438,519.77880859375,519.640625,519.77880859375,14771
2025-10-03 16:15:00,519.6199951171875,519.7407836914062,519.6099853515625,519.7100219726562,14875
2025-10-03 16:16:00,520.00341796875,520.00341796875,519.5999755859375,519.5999755859375,12963
2025-10-03 16:17:00,519.8800048828125,520.0700073242188,519.8800048828125,519.9600219726562,17236
2025-10-03 16:18:00,519.9749755859375,520.030029296875,519.8699951171875,519.8699951171875,16340
2025-10-03 16:19:00,520.0599975585938,520.0980224609375,519.9749755859375,519.97998046875,13114
2025-10-03 16:20:00,520.1950073242188,520.2000122070312,520.0551147460938,520.064697265625,13895
2025-10-03 16:21:00,520.1915283203125,520.280029296875,520.1400146484375,520.2000122070312,12434
2025-10-03 16:22:00,519.97998046875,520.2098999023438,519.97998046875,520.1699829101562,16284
2025-10-03 16:23:00,519.9249877929688,519.989990234375,519.7700805664062,519.9000244140625,15512
2025-10-03 16:24:00,520.0250244140625,520.0650024414062,519.9224853515625,519.9224853515625,12399
2025-10-03 16:25:00,519.9500122070312,520.0050048828125,519.89501953125,519.989990234375,10287
2025-10-03 16:26:00,519.864990234375,519.9749755859375,519.864990234375,519.9650268554688,9984
2025-10-03 16:27:00,519.9000244140625,519.969970703125,519.8350219726562,519.8350219726562,13500
2025-10-03 16:28:00,520.0399780273438,520.0700073242188,519.8499755859375,519.905029296875,16516
2025-10-03 16:29:00,520.14501953125,520.1920166015625,520.030029296875,520.030029296875,9946
2025-10-03 16:30:00,520.2000122070312,520.2750244140625,520.0999755859375,520.14501953125,13596
2025-10-03 16:31:00,520.4650268554688,520.4650268554688,520.220703125,520.22998046875,27151
2025-10-03 16:32:00,520.25,520.489990234375,520.219970703125,520.4600219726562,25086
2025-10-03 16:33:00,520.2999877929688,520.2999877929688,520.02001953125,520.25,27792
2025-10-03 16:34:00,520.0650024414062,520.2899780273438,520.0349731445312,520.2899780273438,17699
2025-10-03 16:35:00,520.0449829101562,520.1500244140625,520.0399780273438,520.098876953125,13784
2025-10-03 16:36:00,519.997802734375,520.0700073242188,519.9099731445312,520.0009155273438,16190
2025-10-03 16:37:00,519.9450073242188,520.0399780273438,519.8765869140625,520.0150146484375,7690
2025-10-03 16:38:00,519.8800048828125,520.0150146484375,519.85009765625,519.9400024414062,7778
2025-10-03 16:39:00,519.7650146484375,519.969970703125,519.7650146484375,519.9199829101562,11682
2025-10-03 16:40:00,519.6099853515625,519.7999877929688,519.6016235351562,519.760009765625,15933
2025-10-03 16:41:00,519.760009765625,519.8699951171875,519.5800170898438,519.5800170898438,16812
2025-10-03 16:42:00,519.7999877929688,519.8099975585938,519.72998046875,519.7799072265625,211272
2025-10-03 16:43:00,520.0299072265625,520.030029296875,519.7999877929688,519.7999877929688,24033
2025-10-03 16:44:00,519.9349975585938,519.9880981445312,519.8499755859375,519.9749755859375,10334
2025-10-03 16:45:00,520.02001953125,520.1199951171875,519.9500122070312,519.9500122070312,24626
2025-10-03 16:46:00,519.9420776367188,520.0800170898438,519.9277954101562,520.0050048828125,31216
2025-10-03 16:47:00,519.8004760742188,520.0255737304688,519.7899780273438,520.0255737304688,11878
2025-10-03 16:48:00,519.72998046875,519.9099731445312,519.6900024414062,519.8200073242188,9948
2025-10-03 16:49:00,519.8350219726562,519.8350219726562,519.6900024414062,519.72998046875,11090
2025-10-03 16:50:00,519.6500244140625,519.9000244140625,519.64501953125,519.8400268554688,19552
2025-10-03 16:51:00,519.7849731445312,519.8400268554688,519.6201171875,519.644287109375,26144
2025-10-03 16:52:00,519.6699829101562,519.8200073242188,519.6699829101562,519.8099975585938,13330
2025-10-03 16:53:00,519.5700073242188,519.6900024414062,519.4600219726562,519.625,24518
2025-10-03 16:54:00,519.3250122070312,519.594970703125,519.3150024414062,519.5800170898438,40386
2025-10-03 16:55:00,519.2169799804688,519.3900146484375,519.1699829101562,519.3300170898438,38883
2025-10-03 16:56:00,519.1799926757812,519.22998046875,519.0999755859375,519.2000122070312,15673
2025-10-03 16:57:00,519.3150024414062,519.4400024414062,519.0800170898438,519.135009765625,32877
2025-10-03 16:58:00,519.0999755859375,519.3250122070312,519.0599975585938,519.2498779296875,31371
2025-10-03 16:59:00,519.1900024414062,519.239990234375,519.0499877929688,519.1699829101562,16927
2025-10-03 17:00:00,518.8099975585938,519.1199951171875,518.7849731445312,519.1199951171875,21652
2025-10-03 17:01:00,518.97998046875,519.0,518.6799926757812,518.760009765625,26954
2025-10-03 17:02:00,518.7899780273438,519.010009765625,518.7899780273438,519.0050048828125,20588
2025-10-03 17:03:00,518.6099853515625,518.8499755859375,518.489990234375,518.8300170898438,32944
2025-10-03 17:04:00,518.60498046875,518.64501953125,518.323974609375,518.6099853515625,36630
2025-10-03 17:05:00,518.4500122070312,518.5700073242188,518.3099975585938,518.5700073242188,36975
2025-10-03 17:06:00,518.5399780273438,518.6646728515625,518.3499755859375,518.4450073242188,34209
2025-10-03 17:07:00,518.7999877929688,518.9199829101562,518.5650024414062,518.5700073242188,28769
2025-10-03 17:08:00,518.6900024414062,518.8200073242188,518.5599975585938,518.7780151367188,18919
2025-10-03 17:09:00,518.7449951171875,518.8099975585938,518.5700073242188,518.6900024414062,22939
2025-10-03 17:10:00,518.6300048828125,518.77001953125,518.5300903320312,518.7100219726562,16375
2025-10-03 17:11:00,518.7990112304688,518.8499755859375,518.6500244140625,518.6500244140625,23884
2025-10-03 17:12:00,519.0399780273438,519.0399780273438,518.8400268554688,518.8499755859375,21909
2025-10-03 17:13:00,519.0399780273438,519.0700073242188,518.9201049804688,519.030029296875,16627
2025-10-03 17:14:00,519.0,519.1500244140625,518.8800048828125,519.0800170898438,314104
2025-10-03 17:15:00,518.97998046875,519.1199951171875,518.9550170898438,518.9550170898438,15903
2025-10-03 17:16:00,519.239990234375,519.3394165039062,519.0050048828125,519.010009765625,13739
2025-10-03 17:17:00,519.1199951171875,519.47998046875,519.1199951171875,519.260009765625,11813
2025-10-03 17:18:00,518.8400268554688,519.2000122070312,518.7901000976562,519.1900024414062,15704
2025-10-03 17:19:00,518.739990234375,518.8900146484375,518.739990234375,518.8599853515625,9047
2025-10-03 17:20:00,518.6900024414062,518.77001953125,518.5499877929688,518.739990234375,24831
2025-10-03 17:21:00,518.5650024414062,518.6900024414062,518.469970703125,518.6900024414062,19971
2025-10-03 17:22:00,518.5225219726562,518.7000122070312,518.3900146484375,518.5,36445
2025-10-03 17:23:00,518.489990234375,518.6099853515625,518.330078125,518.573974609375,13124
2025-10-03 17:24:00,518.2600708007812,518.5499877929688,518.260009765625,518.522216796875,15111
2025-10-03 17:25:00,518.4349975585938,518.4349975585938,518.2650146484375,518.2750244140625,19658
2025-10-03 17:26:00,518.4500122070312,518.469970703125,518.3699951171875,518.4349975585938,12799
2025-10-03 17:27:00,518.4099731445312,518.530029296875,518.3800048828125,518.47998046875,23757
2025-10-03 17:28:00,518.27001953125,518.4100952148438,518.1099853515625,518.4099731445312,18202
2025-10-03 17:29:00,518.0549926757812,518.2899780273438,518.030029296875,518.239990234375,14952
2025-10-03 17:30:00,517.8900146484375,518.030029296875,517.8099975585938,518.030029296875,33969
2025-10-03 17:31:00,518.0285034179688,518.0499877929688,517.8499755859375,517.9500122070312,13193
2025-10-03 17:32:00,518.4385986328125,518.469970703125,518.0399780273438,518.0399780273438,18186
2025-10-03 17:33:00,518.3499755859375,518.7000122070312,518.3499755859375,518.469970703125,19998
2025-10-03 17:34:00,518.1699829101562,518.489990234375,518.1624755859375,518.3800048828125,14329
2025-10-03 17:35:00,518.0499877929688,518.239990234375,518.0499877929688,518.2000122070312,11000
2025-10-03 17:36:00,517.8001098632812,518.2000122070312,517.8001098632812,518.0900268554688,16803
2025-10-03 17:37:00,517.7899780273438,517.8900146484375,517.6799926757812,517.8900146484375,20736
2025-10-03 17:38:00,517.8599853515625,517.8800048828125,517.6699829101562,517.7849731445312,15250
2025-10-03 17:39:00,517.9299926757812,517.9500122070312,517.7650146484375,517.9000244140625,15308
2025-10-03 17:40:00,517.7949829101562,518.0399780273438,517.7025146484375,517.97998046875,13724
2025-10-03 17:41:00,517.8499755859375,517.9500122070312,517.6749877929688,517.8099975585938,18577
2025-10-03 17:42:00,517.9149780273438,518.0449829101562,517.8800048828125,517.8800048828125,18021
2025-10-03 17:43:00,518.1781005859375,518.1900024414062,517.9000244140625,518.0,16725
2025-10-03 17:44:00,518.1649780273438,518.1799926757812,518.0700073242188,518.1749877929688,18184
2025-10-03 17:45:00,518.2440185546875,518.280029296875,518.1199951171875,518.1900024414062,22714
2025-10-03 17:46:00,517.969970703125,518.2650146484375,517.9199829101562,518.25,31758
2025-10-03 17:47:00,518.0,518.0599975585938,517.8599853515625,517.969970703125,26449
2025-10-03 17:48:00,517.97998046875,518.0999755859375,517.97998046875,518.0399780273438,13767
2025-10-03 17:49:00,518.1799926757812,518.1799926757812,517.97998046875,518.0657958984375,25163
2025-10-03 17:50:00,518.1300048828125,518.2196044921875,517.9500122070312,518.1699829101562,19642
2025-10-03 17:51:00,517.8200073242188,518.1699829101562,517.7349853515625,518.1699829101562,20864
2025-10-03 17:52:00,517.5900268554688,517.9099731445312,517.4910888671875,517.8699951171875,40814
2025-10-03 17:53:00,517.4500122070312,517.5891723632812,517.2999877929688,517.5499877929688,54215
2025-10-03 17:54:00,517.5864868164062,517.6099853515625,517.3099975585938,517.47998046875,31365
2025-10-03 17:55:00,517.9099731445312,517.969970703125,517.5300903320312,517.5800170898438,52415
2025-10-03 17:56:00,517.7286987304688,518.02001953125,517.6699829101562,517.8300170898438,39365
2025-10-03 17:57:00,517.6699829101562,517.97998046875,517.6699829101562,517.77001953125,25543
2025-10-03 17:58:00,517.85498046875,517.9500122070312,517.5700073242188,517.5900268554688,21763
2025-10-03 17:59:00,517.5999755859375,517.9500122070312,517.5800170898438,517.9199829101562,16567
2025-10-03 18:00:00,517.344970703125,517.6599731445312,517.2999877929688,517.6300048828125,11935
2025-10-03 18:01:00,517.4500122070312,517.47998046875,517.1099853515625,517.3300170898438,25147
2025-10-03 18:02:00,517.239990234375,517.5349731445312,517.239990234375,517.47998046875,49241
2025-10-03 18:03:00,516.9849853515625,517.2000732421875,516.875,517.2000732421875,31423
2025-10-03 18:04:00,516.75,516.9890747070312,516.75,516.9600219726562,17537
2025-10-03 18:05:00,516.85302734375,517.030029296875,516.7999877929688,516.7999877929688,22819
2025-10-03 18:06:00,516.9199829101562,516.9199829101562,516.6749877929688,516.7899780273438,17429
2025-10-03 18:07:00,517.239990234375,517.3800048828125,516.9400024414062,516.9400024414062,23820
2025-10-03 18:08:00,517.260009765625,517.3150024414062,517.0908813476562,517.25,21519
2025-10-03 18:09:00,517.5499877929688,517.5700073242188,517.3300170898438,517.3300170898438,20036
2025-10-03 18:10:00,517.7349853515625,517.739990234375,517.4299926757812,517.5499877929688,21369
2025-10-03 18:11:00,517.9249877929688,518.010009765625,517.75,517.77001953125,22008
2025-10-03 18:12:00,517.9600219726562,518.0875244140625,517.9299926757812,517.9600219726562,17504
2025-10-03 18:13:00,517.9949951171875,518.010009765625,517.885009765625,517.9400024414062,11371
2025-10-03 18:14:00,517.8800048828125,517.9498901367188,517.8302001953125,517.9299926757812,14311
2025-10-03 18:15:00,518.010009765625,518.0599975585938,517.8499755859375,517.8800048828125,12763
2025-10-03 18:16:00,518.0399780273438,518.239990234375,517.9979858398438,518.010009765625,31829
2025-10-03 18:17:00,518.3150024414062,518.3150024414062,518.0,518.0,19768
2025-10-03 18:18:00,518.4149780273438,518.4149780273438,518.239990234375,518.280029296875,19966
2025-10-03 18:19:00,518.3350219726562,518.5151977539062,518.3350219726562,518.4498901367188,32339
2025-10-03 18:20:00,518.010009765625,518.3900146484375,518.010009765625,518.3350219726562,52288
2025-10-03 18:21:00,518.3005981445312,518.3005981445312,518.0800170898438,518.0800170898438,7676
2025-10-03 18:22:00,518.385009765625,518.4199829101562,518.280029296875,518.3099975585938,36664
2025-10-03 18:23:00,518.47998046875,518.5700073242188,518.3569946289062,518.4000244140625,16619
2025-10-03 18:24:00,518.4550170898438,518.530029296875,518.385009765625,518.4719848632812,17337
2025-10-03 18:25:00,518.5,518.5399780273438,518.4155883789062,518.489990234375,21429
2025-10-03 18:26:00,518.8800048828125,518.8800048828125,518.4500122070312,518.4949951171875,16851
2025-10-03 18:27:00,518.635009765625,518.9500122070312,518.5050048828125,518.9500122070312,43348
2025-10-03 18:28:00,518.3900146484375,518.635009765625,518.3150024414062,518.635009765625,25623
2025-10-03 18:29:00,518.3699951171875,518.4199829101562,518.280029296875,518.4000244140625,19848
2025-10-03 18:30:00,518.2100219726562,518.41259765625,518.2100219726562,518.375,11551
2025-10-03 18:31:00,518.0599975585938,518.260009765625,518.0599975585938,518.2050170898438,14511
2025-10-03 18:32:00,517.77001953125,518.0800170898438,517.77001953125,518.0800170898438,16280
2025-10-03 18:33:00,517.6500244140625,517.8099975585938,517.5800170898438,517.75,22202
2025-10-03 18:34:00,517.7474975585938,517.780029296875,517.5,517.6749877929688,26177
2025-10-03 18:35:00,517.64501953125,517.8699951171875,517.630126953125,517.72998046875,14186
2025-10-03 18:36:00,517.6300048828125,517.719970703125,517.530029296875,517.614990234375,18425
2025-10-03 18:37:00,517.6599731445312,517.7000122070312,517.4650268554688,517.625,10803
2025-10-03 18:38:00,517.6699829101562,517.7449951171875,517.5900268554688,517.72998046875,14180
2025-10-03 18:39:00,517.530029296875,517.6400146484375,517.5,517.6099853515625,22775
2025-10-03 18:40:00,517.6788940429688,517.6900024414062,517.469970703125,517.5319213867188,13080
2025-10-03 18:41:00,517.6500244140625,517.8300170898438,517.6400146484375,517.6400146484375,11455
2025-10-03 18:42:00,517.5250244140625,517.6300048828125,517.489990234375,517.614990234375,9711
2025-10-03 18:43:00,517.6099853515625,517.6799926757812,517.5150146484375,517.5341796875,14001
2025-10-03 18:44:00,517.5599975585938,517.6749877929688,517.5599975585938,517.6599731445312,8613
2025-10-03 18:45:00,517.6300048828125,517.6599731445312,517.5,517.5499877929688,13291
2025-10-03 18:46:00,517.594970703125,517.6749877929688,517.5900268554688,517.6199951171875,11014
2025-10-03 18:47:00,517.5999755859375,517.6500244140625,517.530029296875,517.5650024414062,15183
2025-10-03 18:48:00,517.3499755859375,517.5999755859375,517.3400268554688,517.5999755859375,20298
2025-10-03 18:49:00,517.1300048828125,517.3800048828125,517.0700073242188,517.3599853515625,21677
2025-10-03 18:50:00,517.0599975585938,517.2825927734375,517.0599975585938,517.125,18498
2025-10-03 18:51:00,517.155029296875,517.2249755859375,517.10498046875,517.1099853515625,15023
2025-10-03 18:52:00,517.0050048828125,517.1599731445312,516.8800048828125,517.1550903320312,25592
2025-10-03 18:53:00,517.0250244140625,517.1199951171875,516.989990234375,517.0,13689
2025-10-03 18:54:00,517.2100219726562,517.2249755859375,517.0,517.0250244140625,17252
2025-10-03 18:55:00,517.0800170898438,517.3300170898438,517.0599975585938,517.260009765625,16898
2025-10-03 18:56:00,517.239990234375,517.2550048828125,517.0499877929688,517.0499877929688,17920
2025-10-03 18:57:00,517.2050170898438,517.3499755859375,517.2050170898438,517.25,10851
2025-10-03 18:58:00,517.25,517.344970703125,517.1900024414062,517.1900024414062,12584
2025-10-03 18:59:00,517.3200073242188,517.3400268554688,517.1799926757812,517.2650146484375,9758
2025-10-03 19:00:00,517.5,517.530029296875,517.3099975585938,517.3099975585938,16495
2025-10-03 19:01:00,517.4099731445312,517.4500122070312,517.3400268554688,517.4500122070312,9583
2025-10-03 19:02:00,517.239990234375,517.3814086914062,517.2100219726562,517.369873046875,13979
2025-10-03 19:03:00,517.25,517.369873046875,517.22998046875,517.260009765625,13720
2025-10-03 19:04:00,517.4400024414062,517.489990234375,517.2100830078125,517.2449951171875,16476
2025-10-03 19:05:00,517.4600219726562,517.510009765625,517.3499755859375,517.4199829101562,16904
2025-10-03 19:06:00,517.4400024414062,517.5800170898438,517.3599853515625,517.510009765625,18814
2025-10-03 19:07:00,517.5399780273438,517.5399780273438,517.3900146484375,517.4301147460938,15419
2025-10-03 19:08:00,517.64501953125,517.6799926757812,517.489990234375,517.489990234375,25314
2025-10-03 19:09:00,517.844970703125,517.8800048828125,517.6199951171875,517.655029296875,18898
2025-10-03 19:10:00,518.0700073242188,518.1500244140625,517.8499755859375,517.8499755859375,22997
2025-10-03 19:11:00,518.27001953125,518.3195190429688,518.010009765625,518.02001953125,48019
2025-10-03 19:12:00,517.97998046875,518.2249755859375,517.9600219726562,518.2249755859375,22827
2025-10-03 19:13:00,518.030029296875,518.030029296875,517.9199829101562,517.9321899414062,13991
2025-10-03 19:14:00,518.0599975585938,518.1500244140625,518.01220703125,518.0599975585938,13710
2025-10-03 19:15:00,517.9299926757812,518.1099853515625,517.9299926757812,518.0499877929688,18674
2025-10-03 19:16:00,517.9000244140625,518.0800170898438,517.8900146484375,517.9199829101562,15093
2025-10-03 19:17:00,517.9000244140625,518.02001953125,517.8800048828125,517.9299926757812,18185
2025-10-03 19:18:00,517.9500122070312,517.9650268554688,517.8800048828125,517.9000244140625,12286
2025-10-03 19:19:00,518.0900268554688,518.0900268554688,517.9656982421875,517.969970703125,22595
2025-10-03 19:20:00,517.969970703125,518.2000122070312,517.9299926757812,518.10498046875,20728
2025-10-03 19:21:00,517.8900146484375,517.969970703125,517.760009765625,517.969970703125,19350
2025-10-03 19:22:00,517.969970703125,518.0449829101562,517.8599853515625,517.8599853515625,16737
2025-10-03 19:23:00,517.8400268554688,517.9400024414062,517.7899780273438,517.9199829101562,19505
2025-10-03 19:24:00,517.9099731445312,518.010009765625,517.8179931640625,517.864990234375,14923
2025-10-03 19:25:00,517.7150268554688,517.9052124023438,517.7150268554688,517.9000244140625,21851
2025-10-03 19:26:00,517.7999877929688,517.9299926757812,517.7100219726562,517.75,22120
2025-10-03 19:27:00,517.6900024414062,517.7899780273438,517.6649780273438,517.7849731445312,518599
2025-10-03 19:28:00,517.8300170898438,517.8300170898438,517.6099853515625,517.719970703125,44688
2025-10-03 19:29:00,517.719970703125,517.8499755859375,517.6599731445312,517.7899780273438,21357
2025-10-03 19:30:00,517.6500244140625,517.739990234375,517.5800170898438,517.6900024414062,26900
2025-10-03 19:31:00,517.469970703125,517.635009765625,517.4400024414062,517.6199951171875,34136
2025-10-03 19:32:00,517.4500122070312,517.5700073242188,517.4299926757812,517.4299926757812,40744
2025-10-03 19:33:00,517.7650146484375,517.7999877929688,517.4000244140625,517.4000244140625,26331
2025-10-03 19:34:00,517.5800170898438,517.7849731445312,517.5800170898438,517.75,26267
2025-10-03 19:35:00,517.5999755859375,517.5999755859375,517.4849853515625,517.5960083007812,30008
2025-10-03 19:36:00,517.6400146484375,517.6849975585938,517.5499877929688,517.5700073242188,15784
2025-10-03 19:37:00,517.6203002929688,517.6500244140625,517.5800170898438,517.6099853515625,18281
2025-10-03 19:38:00,517.6699829101562,517.6699829101562,517.4849853515625,517.6300048828125,22236
2025-10-03 19:39:00,517.5999755859375,517.6599731445312,517.530029296875,517.6599731445312,16508
2025-10-03 19:40:00,517.6300048828125,517.719970703125,517.5650024414062,517.5999755859375,36165
2025-10-03 19:41:00,517.7899780273438,517.8200073242188,517.6099853515625,517.6599731445312,43936
2025-10-03 19:42:00,517.655029296875,517.7999877929688,517.5700073242188,517.7999877929688,20558
2025-10-03 19:43:00,517.489990234375,517.6400146484375,517.469970703125,517.6300048828125,19860
2025-10-03 19:44:00,517.4000244140625,517.5,517.3867797851562,517.4600219726562,31176
2025-10-03 19:45:00,517.6500244140625,517.7100219726562,517.3900146484375,517.39501953125,26037
2025-10-03 19:46:00,517.590087890625,517.760498046875,517.590087890625,517.6599731445312,27796
2025-10-03 19:47:00,517.5800170898438,517.6544799804688,517.5349731445312,517.60498046875,23800
2025-10-03 19:48:00,517.6400146484375,517.7100219726562,517.5499877929688,517.5900268554688,38894
2025-10-03 19:49:00,517.7559814453125,517.760009765625,517.655029296875,517.655029296875,24061
2025-10-03 19:50:00,517.3699951171875,517.719970703125,517.3699951171875,517.719970703125,65568
2025-10-03 19:51:00,517.3400268554688,517.3900146484375,517.2000122070312,517.3400268554688,50658
2025-10-03 19:52:00,517.5250244140625,517.5399780273438,517.2000122070312,517.3099975585938,57558
2025-10-03 19:53:00,517.3599853515625,517.6699829101562,517.3599853515625,517.510009765625,50453
2025-10-03 19:54:00,517.27001953125,517.6599731445312,517.219970703125,517.3800048828125,67193
2025-10-03 19:55:00,517.0599975585938,517.3499755859375,517.030029296875,517.219970703125,54640
2025-10-03 19:56:00,516.9099731445312,517.1099853515625,516.7650146484375,517.0499877929688,68817
2025-10-03 19:57:00,517.02001953125,517.1400146484375,516.7999877929688,516.8699951171875,88763
2025-10-03 19:58:00,517.0850219726562,517.25,517.0,517.010009765625,117416
2025-10-03 19:59:00,517.3499755859375,517.469970703125,516.8599853515625,517.0800170898438,290861
