Datetime,AMZN,AMZN,AMZN,AMZN,AMZN
2025-09-29 13:30:00,220.25,220.32000732421875,219.3563995361328,220.03500366210938,1611295
2025-09-29 13:31:00,220.07000732421875,220.43910217285156,219.75999450683594,220.23500061035156,217154
2025-09-29 13:32:00,220.3311004638672,220.38999938964844,219.71009826660156,220.0399932861328,158951
2025-09-29 13:33:00,220.1385040283203,220.3699951171875,220.0399932861328,220.31500244140625,111552
2025-09-29 13:34:00,220.07000732421875,220.1999969482422,220.00999450683594,220.125,76408
2025-09-29 13:35:00,219.9550018310547,220.25,219.7700958251953,220.0500030517578,168682
2025-09-29 13:36:00,220.25999450683594,220.39999389648438,219.80999755859375,219.9499969482422,115855
2025-09-29 13:37:00,220.56500244140625,220.61000061035156,220.2100067138672,220.27499389648438,186802
2025-09-29 13:38:00,220.67970275878906,220.80999755859375,220.3800048828125,220.57000732421875,134383
2025-09-29 13:39:00,220.7050018310547,220.8699951171875,220.6300048828125,220.7169952392578,86980
2025-09-29 13:40:00,220.78970336914062,220.94000244140625,220.6699981689453,220.69000244140625,117408
2025-09-29 13:41:00,221.09500122070312,221.1199951171875,220.6750030517578,220.7899932861328,164284
2025-09-29 13:42:00,221.17999267578125,221.25999450683594,221.05999755859375,221.0970001220703,156985
2025-09-29 13:43:00,221.04739379882812,221.35000610351562,221.04739379882812,221.1699981689453,119109
2025-09-29 13:44:00,220.7449951171875,221.04220581054688,220.7415008544922,221.0399932861328,135892
2025-09-29 13:45:00,220.7169952392578,221.00999450683594,220.63999938964844,220.74000549316406,119553
2025-09-29 13:46:00,220.43719482421875,220.75,220.36000061035156,220.72129821777344,126723
2025-09-29 13:47:00,220.38560485839844,220.5800018310547,220.33999633789062,220.44500732421875,87738
2025-09-29 13:48:00,220.8155059814453,220.85000610351562,220.38499450683594,220.41000366210938,93941
2025-09-29 13:49:00,220.99000549316406,221.0290069580078,220.8000946044922,220.82000732421875,111153
2025-09-29 13:50:00,221.19000244140625,221.24000549316406,220.88999938964844,221.0,144354
2025-09-29 13:51:00,221.22000122070312,221.2899932861328,221.11000061035156,221.1802978515625,132840
2025-09-29 13:52:00,221.27999877929688,221.3249969482422,221.14999389648438,221.1999969482422,105330
2025-09-29 13:53:00,221.46499633789062,221.48500061035156,221.27999877929688,221.27999877929688,104360
2025-09-29 13:54:00,221.78500366210938,221.8000030517578,221.4499969482422,221.4499969482422,103420
2025-09-29 13:55:00,221.44000244140625,221.7899932861328,221.36000061035156,221.7899932861328,94864
2025-09-29 13:56:00,221.5050048828125,221.58990478515625,221.39999389648438,221.44000244140625,96136
2025-09-29 13:57:00,221.41000366210938,221.5050048828125,221.3300018310547,221.5050048828125,59538
2025-09-29 13:58:00,221.34500122070312,221.54010009765625,221.33999633789062,221.42349243164062,50653
2025-09-29 13:59:00,221.49000549316406,221.6199951171875,221.34500122070312,221.34500122070312,55071
2025-09-29 14:00:00,221.22999572753906,221.5500030517578,221.22999572753906,221.5,80655
2025-09-29 14:01:00,221.08999633789062,221.24000549316406,221.0050048828125,221.22999572753906,81406
2025-09-29 14:02:00,221.05999755859375,221.2198944091797,221.00999450683594,221.08999633789062,54568
2025-09-29 14:03:00,221.05499267578125,221.14999389648438,220.99989318847656,221.07179260253906,56488
2025-09-29 14:04:00,221.17999267578125,221.20579528808594,221.05999755859375,221.08349609375,66589
2025-09-29 14:05:00,221.2194061279297,221.22000122070312,221.07000732421875,221.18299865722656,47611
2025-09-29 14:06:00,221.41990661621094,221.4199981689453,221.19940185546875,221.22999572753906,106187
2025-09-29 14:07:00,221.41000366210938,221.4199981689453,221.27499389648438,221.41000366210938,50850
2025-09-29 14:08:00,221.4199981689453,221.44000244140625,221.33999633789062,221.41299438476562,49141
2025-09-29 14:09:00,221.85000610351562,221.8800048828125,221.41290283203125,221.41290283203125,116180
2025-09-29 14:10:00,221.9698944091797,221.9698944091797,221.8350067138672,221.87989807128906,67022
2025-09-29 14:11:00,221.9550018310547,222.0399932861328,221.8300018310547,221.9615020751953,116797
2025-09-29 14:12:00,221.97999572753906,222.05999755859375,221.8800048828125,221.9550018310547,66752
2025-09-29 14:13:00,222.03500366210938,222.0363006591797,221.91000366210938,221.9600067138672,66593
2025-09-29 14:14:00,221.77999877929688,222.08999633789062,221.75,222.0399932861328,52363
2025-09-29 14:15:00,221.9199981689453,221.98989868164062,221.779296875,221.7899932861328,63394
2025-09-29 14:16:00,221.6649932861328,221.97140502929688,221.63999938964844,221.9199981689453,68675
2025-09-29 14:17:00,221.64010620117188,221.69000244140625,221.5500030517578,221.6699981689453,60285
2025-09-29 14:18:00,221.77090454101562,221.77999877929688,221.63999938964844,221.64999389648438,56817
2025-09-29 14:19:00,221.4001007080078,221.8000030517578,221.39999389648438,221.77999877929688,60534
2025-09-29 14:20:00,221.58009338378906,221.6199951171875,221.38999938964844,221.4199981689453,53166
2025-09-29 14:21:00,221.65379333496094,221.72999572753906,221.5749969482422,221.59500122070312,41028
2025-09-29 14:22:00,221.67469787597656,221.74000549316406,221.63299560546875,221.6750030517578,46697
2025-09-29 14:23:00,221.74000549316406,221.74000549316406,221.61000061035156,221.6804962158203,30851
2025-09-29 14:24:00,221.69500732421875,221.7899932861328,221.69000244140625,221.72000122070312,38996
2025-09-29 14:25:00,221.8300018310547,221.8300018310547,221.625,221.67999267578125,37642
2025-09-29 14:26:00,221.77029418945312,221.86099243164062,221.74000549316406,221.83999633789062,41366
2025-09-29 14:27:00,221.69000244140625,221.76449584960938,221.64999389648438,221.75999450683594,43104
2025-09-29 14:28:00,221.52999877929688,221.69000244140625,221.50999450683594,221.69000244140625,63268
2025-09-29 14:29:00,221.4300994873047,221.5399932861328,221.38499450683594,221.5399932861328,54948
2025-09-29 14:30:00,221.38499450683594,221.4499969482422,221.36000061035156,221.4499969482422,95392
2025-09-29 14:31:00,221.2449951171875,221.4499969482422,221.22999572753906,221.389892578125,68666
2025-09-29 14:32:00,221.2899932861328,221.35850524902344,221.2449951171875,221.2449951171875,61816
2025-09-29 14:33:00,221.39999389648438,221.39999389648438,221.17999267578125,221.27999877929688,50106
2025-09-29 14:34:00,221.36000061035156,221.4488067626953,221.3350067138672,221.39999389648438,57272
2025-09-29 14:35:00,221.38319396972656,221.44000244140625,221.3159942626953,221.38499450683594,40288
2025-09-29 14:36:00,221.4499969482422,221.47000122070312,221.38999938964844,221.38999938964844,62610
2025-09-29 14:37:00,221.4149932861328,221.47999572753906,221.3000030517578,221.4499969482422,42643
2025-09-29 14:38:00,221.43060302734375,221.4600067138672,221.36000061035156,221.42999267578125,42442
2025-09-29 14:39:00,221.39999389648438,221.49000549316406,221.3800048828125,221.44000244140625,73138
2025-09-29 14:40:00,221.4423065185547,221.53880310058594,221.3800048828125,221.39999389648438,77222
2025-09-29 14:41:00,221.3300018310547,221.47000122070312,221.3249969482422,221.44000244140625,38058
2025-09-29 14:42:00,221.2899932861328,221.33999633789062,221.24000549316406,221.3300018310547,46638
2025-09-29 14:43:00,221.26499938964844,221.3300018310547,221.23500061035156,221.2899932861328,48100
2025-09-29 14:44:00,221.1999969482422,221.25999450683594,221.16000366210938,221.25,53491
2025-09-29 14:45:00,221.2100067138672,221.2899932861328,221.1999969482422,221.1999969482422,28482
2025-09-29 14:46:00,221.33999633789062,221.36000061035156,221.1300048828125,221.2100067138672,77294
2025-09-29 14:47:00,221.27999877929688,221.36000061035156,221.26499938964844,221.3300018310547,31537
2025-09-29 14:48:00,221.27999877929688,221.3300018310547,221.25999450683594,221.28500366210938,32761
2025-09-29 14:49:00,221.43499755859375,221.47999572753906,221.27000427246094,221.27000427246094,54402
2025-09-29 14:50:00,221.36000061035156,221.47000122070312,221.33999633789062,221.43499755859375,48893
2025-09-29 14:51:00,221.27000427246094,221.38250732421875,221.25999450683594,221.36000061035156,35482
2025-09-29 14:52:00,221.32000732421875,221.38059997558594,221.27000427246094,221.27000427246094,57243
2025-09-29 14:53:00,221.1699981689453,221.30999755859375,221.1300048828125,221.30999755859375,63483
2025-09-29 14:54:00,221.1699981689453,221.2368927001953,221.14999389648438,221.1699981689453,36850
2025-09-29 14:55:00,221.13499450683594,221.22999572753906,221.13499450683594,221.1699981689453,28830
2025-09-29 14:56:00,221.17999267578125,221.18060302734375,221.0749969482422,221.14999389648438,42615
2025-09-29 14:57:00,221.1699981689453,221.22500610351562,221.1324005126953,221.1699981689453,41771
2025-09-29 14:58:00,221.2899932861328,221.3000030517578,221.1699981689453,221.1699981689453,39402
2025-09-29 14:59:00,221.1199951171875,221.27999877929688,221.1199951171875,221.27000427246094,43904
2025-09-29 15:00:00,220.9539031982422,221.13999938964844,220.94000244140625,221.13499450683594,79443
2025-09-29 15:01:00,220.8300018310547,220.97999572753906,220.82000732421875,220.9600067138672,77806
2025-09-29 15:02:00,220.92999267578125,220.92999267578125,220.83009338378906,220.83999633789062,52239
2025-09-29 15:03:00,220.94500732421875,221.00999450683594,220.86000061035156,220.89999389648438,59936
2025-09-29 15:04:00,221.0800018310547,221.11000061035156,220.9250030517578,220.9499969482422,43561
2025-09-29 15:05:00,221.14999389648438,221.1699981689453,221.0749969482422,221.08900451660156,30124
2025-09-29 15:06:00,221.31500244140625,221.35000610351562,221.1269989013672,221.14999389648438,45332
2025-09-29 15:07:00,221.44000244140625,221.47999572753906,221.2899932861328,221.31500244140625,57331
2025-09-29 15:08:00,221.4199981689453,221.52549743652344,221.39300537109375,221.44009399414062,43096
2025-09-29 15:09:00,221.3101043701172,221.42999267578125,221.2899932861328,221.4149932861328,39034
2025-09-29 15:10:00,221.30999755859375,221.32000732421875,221.2086944580078,221.32000732421875,26389
2025-09-29 15:11:00,221.18499755859375,221.32000732421875,221.17010498046875,221.30360412597656,28804
2025-09-29 15:12:00,221.01499938964844,221.1898956298828,220.96009826660156,221.17999267578125,31311
2025-09-29 15:13:00,220.9499969482422,221.02999877929688,220.9199981689453,221.0240020751953,39729
2025-09-29 15:14:00,220.96240234375,221.00709533691406,220.88999938964844,220.9600067138672,32688
2025-09-29 15:15:00,220.77499389648438,220.9600067138672,220.74020385742188,220.9600067138672,68671
2025-09-29 15:16:00,220.7949981689453,220.86000061035156,220.72000122070312,220.7801055908203,40524
2025-09-29 15:17:00,220.61000061035156,220.8000030517578,220.5800018310547,220.75,49748
2025-09-29 15:18:00,220.61000061035156,220.63999938964844,220.5500946044922,220.61000061035156,56649
2025-09-29 15:19:00,220.63229370117188,220.64500427246094,220.5800018310547,220.6199951171875,50411
2025-09-29 15:20:00,220.60499572753906,220.63999938964844,220.5500030517578,220.62339782714844,64334
2025-09-29 15:21:00,220.60000610351562,220.7100067138672,220.59500122070312,220.60009765625,39212
2025-09-29 15:22:00,220.67999267578125,220.718505859375,220.58999633789062,220.60000610351562,49353
2025-09-29 15:23:00,220.79010009765625,220.88999938964844,220.66000366210938,220.6781005859375,45156
2025-09-29 15:24:00,220.69329833984375,220.8800048828125,220.67999267578125,220.80499267578125,57453
2025-09-29 15:25:00,220.75,220.82000732421875,220.63999938964844,220.7100067138672,28176
2025-09-29 15:26:00,220.7550048828125,220.78990173339844,220.72000122070312,220.74000549316406,16204
2025-09-29 15:27:00,220.59500122070312,220.75999450683594,220.5800018310547,220.7550048828125,24021
2025-09-29 15:28:00,220.64999389648438,220.68739318847656,220.60009765625,220.61000061035156,23349
2025-09-29 15:29:00,220.67630004882812,220.75,220.6199951171875,220.66000366210938,26224
2025-09-29 15:30:00,220.8300018310547,220.8498992919922,220.64999389648438,220.7100067138672,32818
2025-09-29 15:31:00,220.76210021972656,220.889892578125,220.72999572753906,220.8300018310547,32339
2025-09-29 15:32:00,220.6999969482422,220.84739685058594,220.6909942626953,220.7899932861328,23465
2025-09-29 15:33:00,220.75999450683594,220.77999877929688,220.69000244140625,220.6999969482422,32083
2025-09-29 15:34:00,220.86000061035156,220.86659240722656,220.7382049560547,220.7382049560547,27754
2025-09-29 15:35:00,220.7899932861328,220.9499969482422,220.77999877929688,220.86000061035156,36533
2025-09-29 15:36:00,220.77000427246094,220.85000610351562,220.6999969482422,220.77999877929688,31393
2025-09-29 15:37:00,220.89999389648438,220.9199981689453,220.77999877929688,220.77999877929688,26823
2025-09-29 15:38:00,221.0050048828125,221.0399932861328,220.84300231933594,220.875,31880
2025-09-29 15:39:00,220.9149932861328,221.03909301757812,220.8800048828125,220.9949951171875,33196
2025-09-29 15:40:00,220.81500244140625,220.9600067138672,220.8000030517578,220.9149932861328,37507
2025-09-29 15:41:00,220.80130004882812,220.889892578125,220.78500366210938,220.8000030517578,22523
2025-09-29 15:42:00,220.8300018310547,220.86000061035156,220.7602996826172,220.78500366210938,27526
2025-09-29 15:43:00,220.9499969482422,220.97999572753906,220.80999755859375,220.8300018310547,31261
2025-09-29 15:44:00,221.03500366210938,221.05999755859375,220.9499969482422,220.95550537109375,32617
2025-09-29 15:45:00,220.92999267578125,221.060302734375,220.9199981689453,221.0399932861328,22930
2025-09-29 15:46:00,220.85049438476562,220.9499969482422,220.7899932861328,220.9199981689453,21693
2025-09-29 15:47:00,220.8300018310547,220.8800048828125,220.82000732421875,220.86000061035156,33129
2025-09-29 15:48:00,220.83999633789062,220.86000061035156,220.73500061035156,220.8300018310547,45922
2025-09-29 15:49:00,220.80999755859375,220.89999389648438,220.77000427246094,220.84910583496094,32686
2025-09-29 15:50:00,220.82859802246094,220.83999633789062,220.7100067138672,220.82000732421875,46035
2025-09-29 15:51:00,220.7899932861328,220.84129333496094,220.77999877929688,220.82000732421875,23809
2025-09-29 15:52:00,220.7100067138672,220.81089782714844,220.69000244140625,220.79730224609375,40201
2025-09-29 15:53:00,220.69000244140625,220.77099609375,220.65499877929688,220.7050018310547,31081
2025-09-29 15:54:00,220.73500061035156,220.77000427246094,220.69000244140625,220.6999969482422,34936
2025-09-29 15:55:00,220.64999389648438,220.83999633789062,220.64999389648438,220.74000549316406,31994
2025-09-29 15:56:00,220.7100067138672,220.72999572753906,220.58009338378906,220.66160583496094,23006
2025-09-29 15:57:00,220.81500244140625,220.8209991455078,220.7100067138672,220.72999572753906,24470
2025-09-29 15:58:00,220.92999267578125,220.98680114746094,220.81500244140625,220.82000732421875,29479
2025-09-29 15:59:00,221.02000427246094,221.02000427246094,220.9178924560547,220.92999267578125,25159
2025-09-29 16:00:00,221.05999755859375,221.1208038330078,221.02000427246094,221.02059936523438,35685
2025-09-29 16:01:00,220.9949951171875,221.0500030517578,220.9600067138672,221.0500030517578,22724
2025-09-29 16:02:00,221.13999938964844,221.17239379882812,220.9600067138672,221.0,33446
2025-09-29 16:03:00,221.1199951171875,221.16990661621094,221.05999755859375,221.13980102539062,17109
2025-09-29 16:04:00,221.11529541015625,221.13999938964844,221.0800018310547,221.1300048828125,17040
2025-09-29 16:05:00,221.2100067138672,221.2100067138672,221.10000610351562,221.1300048828125,25930
2025-09-29 16:06:00,221.22999572753906,221.24000549316406,221.152099609375,221.2050018310547,37528
2025-09-29 16:07:00,221.13499450683594,221.2100067138672,221.1300048828125,221.2100067138672,18905
2025-09-29 16:08:00,221.17999267578125,221.19000244140625,221.13999938964844,221.13999938964844,15583
2025-09-29 16:09:00,221.3000030517578,221.3000030517578,221.1925048828125,221.1999969482422,21336
2025-09-29 16:10:00,221.36000061035156,221.39999389648438,221.30499267578125,221.30499267578125,35472
2025-09-29 16:11:00,221.343994140625,221.38589477539062,221.3000030517578,221.35000610351562,42070
2025-09-29 16:12:00,221.46009826660156,221.51699829101562,221.32000732421875,221.35499572753906,54061
2025-09-29 16:13:00,221.50100708007812,221.5050048828125,221.4199981689453,221.4600067138672,36516
2025-09-29 16:14:00,221.50999450683594,221.52999877929688,221.39999389648438,221.4949951171875,34814
2025-09-29 16:15:00,221.4499969482422,221.52000427246094,221.4499969482422,221.50999450683594,32413
2025-09-29 16:16:00,221.47000122070312,221.47000122070312,221.32009887695312,221.4550018310547,41370
2025-09-29 16:17:00,221.3000030517578,221.47999572753906,221.27000427246094,221.4604034423828,30606
2025-09-29 16:18:00,221.40060424804688,221.42999267578125,221.30999755859375,221.30999755859375,30830
2025-09-29 16:19:00,221.4700927734375,221.47059631347656,221.375,221.41000366210938,22374
2025-09-29 16:20:00,221.44000244140625,221.49989318847656,221.39999389648438,221.47999572753906,33773
2025-09-29 16:21:00,221.39999389648438,221.4600067138672,221.37010192871094,221.42999267578125,46883
2025-09-29 16:22:00,221.5399932861328,221.5500030517578,221.3800048828125,221.41000366210938,34394
2025-09-29 16:23:00,221.55999755859375,221.6002960205078,221.50999450683594,221.5399932861328,23515
2025-09-29 16:24:00,221.5399932861328,221.5850067138672,221.50999450683594,221.55999755859375,23542
2025-09-29 16:25:00,221.43580627441406,221.5449981689453,221.43499755859375,221.5399932861328,34683
2025-09-29 16:26:00,221.375,221.4499969482422,221.3699951171875,221.44000244140625,60228
2025-09-29 16:27:00,221.2993927001953,221.41000366210938,221.27999877929688,221.3800048828125,79797
2025-09-29 16:28:00,221.3137969970703,221.3300018310547,221.25999450683594,221.2801055908203,29243
2025-09-29 16:29:00,221.36129760742188,221.38999938964844,221.27999877929688,221.33999633789062,16863
2025-09-29 16:30:00,221.63999938964844,221.67999267578125,221.35000610351562,221.35000610351562,49663
2025-09-29 16:31:00,221.52999877929688,221.6699981689453,221.52999877929688,221.64439392089844,30722
2025-09-29 16:32:00,221.5800018310547,221.5800018310547,221.47500610351562,221.53500366210938,24213
2025-09-29 16:33:00,221.63499450683594,221.64990234375,221.5601043701172,221.57000732421875,22558
2025-09-29 16:34:00,221.66000366210938,221.68499755859375,221.5800018310547,221.6300048828125,29696
2025-09-29 16:35:00,221.6197967529297,221.6699981689453,221.61000061035156,221.66000366210938,23602
2025-09-29 16:36:00,221.57859802246094,221.64990234375,221.55130004882812,221.61000061035156,16554
2025-09-29 16:37:00,221.5601043701172,221.57530212402344,221.5399932861328,221.5749969482422,14306
2025-09-29 16:38:00,221.56500244140625,221.62469482421875,221.5500946044922,221.5850067138672,19008
2025-09-29 16:39:00,221.61000061035156,221.61000061035156,221.56500244140625,221.56500244140625,17416
2025-09-29 16:40:00,221.625,221.66000366210938,221.60499572753906,221.61000061035156,20112
2025-09-29 16:41:00,221.64999389648438,221.6656036376953,221.58999633789062,221.61500549316406,43358
2025-09-29 16:42:00,221.6083984375,221.72669982910156,221.60499572753906,221.6649932861328,32359
2025-09-29 16:43:00,221.5449981689453,221.64329528808594,221.5,221.61000061035156,941793
2025-09-29 16:44:00,221.30499267578125,221.53500366210938,221.2700958251953,221.52999877929688,41100
2025-09-29 16:45:00,221.25999450683594,221.3498992919922,221.23019409179688,221.3300018310547,22796
2025-09-29 16:46:00,221.24000549316406,221.30999755859375,221.22000122070312,221.24000549316406,20538
2025-09-29 16:47:00,221.3000030517578,221.32839965820312,221.2100067138672,221.22000122070312,23173
2025-09-29 16:48:00,221.25999450683594,221.3498992919922,221.24000549316406,221.30999755859375,35440
2025-09-29 16:49:00,221.3000946044922,221.3000946044922,221.2230987548828,221.25,14254
2025-09-29 16:50:00,221.35299682617188,221.35299682617188,221.25999450683594,221.3032989501953,28059
2025-09-29 16:51:00,221.1053009033203,221.36000061035156,221.08999633789062,221.35000610351562,44707
2025-09-29 16:52:00,221.13999938964844,221.14999389648438,221.02999877929688,221.10499572753906,25820
2025-09-29 16:53:00,221.0500030517578,221.16000366210938,221.03970336914062,221.14500427246094,18257
2025-09-29 16:54:00,221.00259399414062,221.0500030517578,220.97000122070312,221.0399932861328,27171
2025-09-29 16:55:00,221.0500030517578,221.07000732421875,221.00799560546875,221.00799560546875,23689
2025-09-29 16:56:00,221.08999633789062,221.12159729003906,221.02999877929688,221.05999755859375,27725
2025-09-29 16:57:00,221.07000732421875,221.10589599609375,221.0679931640625,221.10000610351562,18499
2025-09-29 16:58:00,221.125,221.14999389648438,221.0800018310547,221.0800018310547,22214
2025-09-29 16:59:00,221.1750030517578,221.2050018310547,221.1199951171875,221.1300048828125,27138
2025-09-29 17:00:00,220.97999572753906,221.2100067138672,220.8000030517578,221.17999267578125,108292
2025-09-29 17:01:00,221.05999755859375,221.08999633789062,220.7949981689453,220.9949951171875,59238
2025-09-29 17:02:00,221.13999938964844,221.18899536132812,220.9550018310547,221.0500946044922,76837
2025-09-29 17:03:00,220.80999755859375,221.1199951171875,220.75,221.1199951171875,52484
2025-09-29 17:04:00,220.91000366210938,221.02999877929688,220.61000061035156,220.80999755859375,104906
2025-09-29 17:05:00,221.1199951171875,221.2100067138672,220.90310668945312,220.90310668945312,64124
2025-09-29 17:06:00,221.14999389648438,221.1988067626953,221.0850067138672,221.1300048828125,19511
2025-09-29 17:07:00,221.1999969482422,221.39990234375,221.1479949951172,221.14999389648438,65677
2025-09-29 17:08:00,221.11500549316406,221.1999969482422,221.0,221.18069458007812,37121
2025-09-29 17:09:00,221.0222930908203,221.10499572753906,220.99000549316406,221.10000610351562,21721
2025-09-29 17:10:00,221.0,221.07000732421875,220.9409942626953,221.0399932861328,34080
2025-09-29 17:11:00,221.10000610351562,221.1300048828125,220.98500061035156,221.0,39763
2025-09-29 17:12:00,221.1699981689453,221.24620056152344,221.1300048828125,221.1300048828125,34667
2025-09-29 17:13:00,221.10440063476562,221.1699981689453,221.02000427246094,221.1699981689453,23408
2025-09-29 17:14:00,221.05499267578125,221.11000061035156,221.01800537109375,221.10000610351562,25891
2025-09-29 17:15:00,221.02000427246094,221.0399932861328,220.9499969482422,221.0399932861328,31689
2025-09-29 17:16:00,220.99000549316406,221.11000061035156,220.9600067138672,221.05999755859375,62991
2025-09-29 17:17:00,221.08999633789062,221.10000610351562,220.9499969482422,220.99000549316406,23710
2025-09-29 17:18:00,221.22999572753906,221.25,221.0500030517578,221.11500549316406,34196
2025-09-29 17:19:00,221.1199951171875,221.22999572753906,221.1199951171875,221.218994140625,11332
2025-09-29 17:20:00,221.0800018310547,221.08999633789062,221.0449981689453,221.07000732421875,13259
2025-09-29 17:21:00,221.0500030517578,221.1199951171875,221.02099609375,221.09500122070312,13774
2025-09-29 17:22:00,221.10000610351562,221.19000244140625,221.02999877929688,221.0500030517578,33651
2025-09-29 17:23:00,221.22500610351562,221.24989318847656,221.097900390625,221.097900390625,27330
2025-09-29 17:24:00,221.28500366210938,221.30499267578125,221.16000366210938,221.2050018310547,22229
2025-09-29 17:25:00,221.4550018310547,221.4600067138672,221.25999450683594,221.28509521484375,35317
2025-09-29 17:26:00,221.60000610351562,221.6199951171875,221.4550018310547,221.4600067138672,45639
2025-09-29 17:27:00,221.75999450683594,221.7899932861328,221.58999633789062,221.58999633789062,62568
2025-09-29 17:28:00,221.8000030517578,221.8300018310547,221.68099975585938,221.7698974609375,40037
2025-09-29 17:29:00,221.77000427246094,221.8000030517578,221.6750030517578,221.7899932861328,60796
2025-09-29 17:30:00,221.73500061035156,221.8000030517578,221.71009826660156,221.77999877929688,22125
2025-09-29 17:31:00,221.63999938964844,221.7899932861328,221.63999938964844,221.73500061035156,38337
2025-09-29 17:32:00,221.63999938964844,221.63999938964844,221.5050048828125,221.6199951171875,58612
2025-09-29 17:33:00,221.5749969482422,221.677001953125,221.5449981689453,221.64999389648438,30889
2025-09-29 17:34:00,221.50999450683594,221.58999633789062,221.4499969482422,221.58529663085938,31027
2025-09-29 17:35:00,221.5800018310547,221.58999633789062,221.49000549316406,221.5050048828125,21048
2025-09-29 17:36:00,221.56919860839844,221.57000732421875,221.4600067138672,221.57000732421875,22669
2025-09-29 17:37:00,221.47000122070312,221.60499572753906,221.4600067138672,221.60499572753906,45830
2025-09-29 17:38:00,221.47000122070312,221.50999450683594,221.40379333496094,221.4600067138672,34209
2025-09-29 17:39:00,221.4783935546875,221.5,221.43499755859375,221.46009826660156,12689
2025-09-29 17:40:00,221.42999267578125,221.49000549316406,221.4199981689453,221.47999572753906,12993
2025-09-29 17:41:00,221.2100067138672,221.42999267578125,221.2100067138672,221.42999267578125,36260
2025-09-29 17:42:00,221.18060302734375,221.25,221.11050415039062,221.22999572753906,29179
2025-09-29 17:43:00,221.11000061035156,221.1815948486328,221.11000061035156,221.17999267578125,19669
2025-09-29 17:44:00,221.0399932861328,221.125,221.0,221.10000610351562,25684
2025-09-29 17:45:00,221.07000732421875,221.13999938964844,220.9987030029297,221.0,49688
2025-09-29 17:46:00,221.16000366210938,221.2021026611328,221.05999755859375,221.0850067138672,28732
2025-09-29 17:47:00,221.1999969482422,221.27000427246094,221.1649932861328,221.1649932861328,27004
2025-09-29 17:48:00,221.14999389648438,221.21299743652344,221.1199951171875,221.2050018310547,21835
2025-09-29 17:49:00,221.14999389648438,221.21299743652344,221.13499450683594,221.14999389648438,6958059
2025-09-29 17:50:00,221.1649932861328,221.193603515625,221.13999938964844,221.14999389648438,0
2025-09-29 17:51:00,221.1300048828125,221.18499755859375,221.07000732421875,221.1649932861328,30929
2025-09-29 17:52:00,221.22000122070312,221.24000549316406,221.09739685058594,221.1300048828125,25963
2025-09-29 17:53:00,221.18499755859375,221.22000122070312,221.14500427246094,221.22000122070312,24337
2025-09-29 17:54:00,221.17599487304688,221.2050018310547,221.1300048828125,221.19000244140625,20094
2025-09-29 17:55:00,221.17999267578125,221.20989990234375,221.1199951171875,221.1699981689453,17174
2025-09-29 17:56:00,221.1699981689453,221.1999969482422,221.1699981689453,221.1750030517578,11326
2025-09-29 17:57:00,221.08999633789062,221.17999267578125,221.07000732421875,221.1750030517578,23701
2025-09-29 17:58:00,221.07000732421875,221.1300048828125,221.06419372558594,221.09979248046875,23947
2025-09-29 17:59:00,221.1199951171875,221.1199951171875,221.0399932861328,221.0800018310547,22694
2025-09-29 18:00:00,220.99000549316406,221.13499450683594,220.98500061035156,221.13499450683594,27122
2025-09-29 18:01:00,221.01499938964844,221.02499389648438,220.9199981689453,220.98500061035156,36078
2025-09-29 18:02:00,221.02000427246094,221.0500030517578,220.97999572753906,221.02000427246094,39680
2025-09-29 18:03:00,221.05999755859375,221.10400390625,221.01499938964844,221.01499938964844,24774
2025-09-29 18:04:00,221.11000061035156,221.12869262695312,221.07000732421875,221.10000610351562,25888
2025-09-29 18:05:00,221.16000366210938,221.1898956298828,221.13499450683594,221.13499450683594,29283
2025-09-29 18:06:00,221.10000610351562,221.1999969482422,221.10000610351562,221.16929626464844,24780
2025-09-29 18:07:00,221.0749969482422,221.13999938964844,221.0749969482422,221.10000610351562,16926
2025-09-29 18:08:00,221.0449981689453,221.10000610351562,221.02999877929688,221.08999633789062,23468
2025-09-29 18:09:00,221.10479736328125,221.10479736328125,221.02000427246094,221.0583038330078,34730
2025-09-29 18:10:00,221.14999389648438,221.14999389648438,221.0399932861328,221.11000061035156,42529
2025-09-29 18:11:00,221.21099853515625,221.22219848632812,221.1300048828125,221.1300048828125,28521
2025-09-29 18:12:00,221.17999267578125,221.25999450683594,221.17999267578125,221.21499633789062,33065
2025-09-29 18:13:00,221.27999877929688,221.30990600585938,221.14999389648438,221.1750030517578,40842
2025-09-29 18:14:00,221.2550048828125,221.27999877929688,221.22000122070312,221.27999877929688,37604
2025-09-29 18:15:00,221.26499938964844,221.30299377441406,221.24000549316406,221.25,45601
2025-09-29 18:16:00,221.22000122070312,221.32000732421875,221.1999969482422,221.27000427246094,27320
2025-09-29 18:17:00,221.27999877929688,221.32000732421875,221.19000244140625,221.1999969482422,46281
2025-09-29 18:18:00,221.35000610351562,221.44630432128906,221.25,221.27310180664062,38415
2025-09-29 18:19:00,221.3800048828125,221.3800048828125,221.30999755859375,221.35000610351562,22287
2025-09-29 18:20:00,221.42999267578125,221.4550018310547,221.3612060546875,221.3612060546875,23709
2025-09-29 18:21:00,221.38999938964844,221.45799255371094,221.3699951171875,221.41600036621094,33927
2025-09-29 18:22:00,221.39419555664062,221.41580200195312,221.36000061035156,221.38499450683594,23158
2025-09-29 18:23:00,221.4980926513672,221.5,221.38499450683594,221.39500427246094,25668
2025-09-29 18:24:00,221.50929260253906,221.50999450683594,221.41000366210938,221.5,45665
2025-09-29 18:25:00,221.4853057861328,221.55499267578125,221.47500610351562,221.5178985595703,39870
2025-09-29 18:26:00,221.5792999267578,221.625,221.47000122070312,221.4813995361328,59849
2025-09-29 18:27:00,221.56500244140625,221.5749969482422,221.52000427246094,221.57000732421875,44577
2025-09-29 18:28:00,221.50869750976562,221.6199951171875,221.50869750976562,221.56500244140625,43339
2025-09-29 18:29:00,221.51499938964844,221.5500030517578,221.47000122070312,221.50999450683594,37099
2025-09-29 18:30:00,221.52000427246094,221.52999877929688,221.49009704589844,221.514404296875,43046
2025-09-29 18:31:00,221.44000244140625,221.54989624023438,221.42999267578125,221.5399932861328,27977
2025-09-29 18:32:00,221.39999389648438,221.4499969482422,221.3800048828125,221.4499969482422,28860
2025-09-29 18:33:00,221.4897003173828,221.4897003173828,221.39999389648438,221.39999389648438,52691
2025-09-29 18:34:00,221.49000549316406,221.5399932861328,221.4499969482422,221.47000122070312,32075
2025-09-29 18:35:00,221.46189880371094,221.49000549316406,221.44000244140625,221.49000549316406,26817
2025-09-29 18:36:00,221.4600067138672,221.5137939453125,221.4499969482422,221.4600067138672,19839
2025-09-29 18:37:00,221.56500244140625,221.5749969482422,221.4600067138672,221.47000122070312,24768
2025-09-29 18:38:00,221.49000549316406,221.57899475097656,221.49000549316406,221.57000732421875,19291
2025-09-29 18:39:00,221.43499755859375,221.4949951171875,221.42999267578125,221.4947052001953,13464
2025-09-29 18:40:00,221.39500427246094,221.4600067138672,221.35499572753906,221.43499755859375,20875
2025-09-29 18:41:00,221.52789306640625,221.55999755859375,221.38499450683594,221.40499877929688,28443
2025-09-29 18:42:00,221.67469787597656,221.67999267578125,221.52000427246094,221.52000427246094,37973
2025-09-29 18:43:00,221.89999389648438,221.89999389648438,221.6649932861328,221.6699981689453,69824
2025-09-29 18:44:00,221.92010498046875,221.9499969482422,221.83999633789062,221.9199981689453,41942
2025-09-29 18:45:00,221.97000122070312,222.02999877929688,221.89999389648438,221.9199981689453,113023
2025-09-29 18:46:00,221.97999572753906,222.0,221.93499755859375,221.97500610351562,36749
2025-09-29 18:47:00,221.97000122070312,221.99000549316406,221.88290405273438,221.97999572753906,38081
2025-09-29 18:48:00,221.8697052001953,221.97000122070312,221.8697052001953,221.97000122070312,31103
2025-09-29 18:49:00,221.91990661621094,221.9199981689453,221.84449768066406,221.8699951171875,33489
2025-09-29 18:50:00,221.7899932861328,221.91000366210938,221.7899932861328,221.89999389648438,26058
2025-09-29 18:51:00,221.7476043701172,221.82000732421875,221.69000244140625,221.80760192871094,60406
2025-09-29 18:52:00,221.71499633789062,221.75,221.69000244140625,221.7449951171875,20619
2025-09-29 18:53:00,221.6999969482422,221.71499633789062,221.67599487304688,221.7100067138672,16933
2025-09-29 18:54:00,221.71499633789062,221.74159240722656,221.67999267578125,221.6999969482422,18546
2025-09-29 18:55:00,221.66009521484375,221.71499633789062,221.64010620117188,221.70010375976562,28710
2025-09-29 18:56:00,221.72999572753906,221.74000549316406,221.66000366210938,221.66000366210938,29539
2025-09-29 18:57:00,221.756103515625,221.77920532226562,221.70449829101562,221.72999572753906,18693
2025-09-29 18:58:00,221.74000549316406,221.7866973876953,221.72000122070312,221.7550048828125,36575
2025-09-29 18:59:00,221.75,221.77000427246094,221.72999572753906,221.7490997314453,27760
2025-09-29 19:00:00,221.6999969482422,221.74830627441406,221.64999389648438,221.74009704589844,30298
2025-09-29 19:01:00,221.74000549316406,221.75999450683594,221.6999969482422,221.6999969482422,25433
2025-09-29 19:02:00,221.71499633789062,221.7899932861328,221.6999969482422,221.75999450683594,29365
2025-09-29 19:03:00,221.77000427246094,221.82000732421875,221.7100067138672,221.72000122070312,27144
2025-09-29 19:04:00,221.7740936279297,221.8000030517578,221.72999572753906,221.76499938964844,28621
2025-09-29 19:05:00,221.6999969482422,221.77000427246094,221.6750030517578,221.77000427246094,30186
2025-09-29 19:06:00,221.73500061035156,221.76499938964844,221.6999969482422,221.7187957763672,18266
2025-09-29 19:07:00,221.7277069091797,221.7899932861328,221.6999969482422,221.72999572753906,34524
2025-09-29 19:08:00,221.64999389648438,221.73500061035156,221.64999389648438,221.72500610351562,22622
2025-09-29 19:09:00,221.56500244140625,221.64390563964844,221.52000427246094,221.64390563964844,30919
2025-09-29 19:10:00,221.6199951171875,221.64999389648438,221.5679931640625,221.5679931640625,22505
2025-09-29 19:11:00,221.50579833984375,221.62530517578125,221.47000122070312,221.62530517578125,30725
2025-09-29 19:12:00,221.4199981689453,221.54029846191406,221.39999389648438,221.5,28990
2025-09-29 19:13:00,221.3800048828125,221.4062957763672,221.35000610351562,221.39999389648438,26806
2025-09-29 19:14:00,221.4600067138672,221.49000549316406,221.37579345703125,221.37579345703125,36633
2025-09-29 19:15:00,221.36000061035156,221.47000122070312,221.32000732421875,221.4550018310547,38753
2025-09-29 19:16:00,221.33999633789062,221.39999389648438,221.32000732421875,221.36000061035156,33006
2025-09-29 19:17:00,221.3699951171875,221.406494140625,221.29200744628906,221.35000610351562,35997
2025-09-29 19:18:00,221.4600067138672,221.4949951171875,221.33999633789062,221.3699951171875,34294
2025-09-29 19:19:00,221.51499938964844,221.5449981689453,221.4499969482422,221.4600067138672,32985
2025-09-29 19:20:00,221.5399932861328,221.5500030517578,221.49440002441406,221.50999450683594,30264
2025-09-29 19:21:00,221.52000427246094,221.55999755859375,221.5032958984375,221.5449981689453,32653
2025-09-29 19:22:00,221.60000610351562,221.6300048828125,221.4600067138672,221.5198974609375,26828
2025-09-29 19:23:00,221.72999572753906,221.73199462890625,221.6199951171875,221.6199951171875,27755
2025-09-29 19:24:00,221.6999969482422,221.76649475097656,221.6750030517578,221.72999572753906,23955
2025-09-29 19:25:00,221.77499389648438,221.7799072265625,221.6802978515625,221.69000244140625,33158
2025-09-29 19:26:00,221.77499389648438,221.82000732421875,221.73199462890625,221.76499938964844,25445
2025-09-29 19:27:00,221.8249969482422,221.8800048828125,221.77499389648438,221.77499389648438,36706
2025-09-29 19:28:00,221.8300018310547,221.83999633789062,221.75999450683594,221.82510375976562,26886
2025-09-29 19:29:00,221.74000549316406,221.85000610351562,221.6999969482422,221.8300018310547,46453
2025-09-29 19:30:00,221.71620178222656,221.77499389648438,221.6750030517578,221.73939514160156,30402
2025-09-29 19:31:00,221.7061004638672,221.72999572753906,221.68499755859375,221.71499633789062,27288
2025-09-29 19:32:00,221.69000244140625,221.74000549316406,221.66000366210938,221.7100067138672,25505
2025-09-29 19:33:00,221.76499938964844,221.76499938964844,221.69000244140625,221.69590759277344,31021
2025-09-29 19:34:00,221.77999877929688,221.77999877929688,221.6999969482422,221.75999450683594,25257
2025-09-29 19:35:00,221.74000549316406,221.82000732421875,221.72999572753906,221.77999877929688,33146
2025-09-29 19:36:00,221.7449951171875,221.8300018310547,221.72000122070312,221.74000549316406,24181
2025-09-29 19:37:00,221.8199005126953,221.85000610351562,221.75,221.75,37317
2025-09-29 19:38:00,221.89500427246094,221.9250030517578,221.81500244140625,221.81500244140625,76910
2025-09-29 19:39:00,221.86000061035156,221.9199981689453,221.8596954345703,221.90469360351562,34405
2025-09-29 19:40:00,221.96099853515625,222.0,221.86000061035156,221.86000061035156,62719
2025-09-29 19:41:00,222.01499938964844,222.02999877929688,221.9499969482422,221.95419311523438,65791
2025-09-29 19:42:00,221.93899536132812,222.0175018310547,221.9199981689453,222.01499938964844,40616
2025-09-29 19:43:00,221.97500610351562,221.985595703125,221.94000244140625,221.9409942626953,34176
2025-09-29 19:44:00,221.94500732421875,221.99000549316406,221.9199981689453,221.99000549316406,60370
2025-09-29 19:45:00,221.94000244140625,221.9600067138672,221.88999938964844,221.94000244140625,55286
2025-09-29 19:46:00,221.9156036376953,222.0,221.9149932861328,221.93809509277344,63443
2025-09-29 19:47:00,221.9499053955078,221.97000122070312,221.85000610351562,221.91000366210938,77302
2025-09-29 19:48:00,222.15350341796875,222.17999267578125,221.92999267578125,221.94000244140625,95879
2025-09-29 19:49:00,222.2100067138672,222.23500061035156,222.1593017578125,222.1593017578125,63702
2025-09-29 19:50:00,222.13999938964844,222.52999877929688,222.13999938964844,222.2100067138672,148946
2025-09-29 19:51:00,222.08999633789062,222.18649291992188,222.05499267578125,222.14999389648438,64574
2025-09-29 19:52:00,222.09559631347656,222.16000366210938,222.0800018310547,222.11000061035156,62627
2025-09-29 19:53:00,221.985595703125,222.11000061035156,221.97999572753906,222.08999633789062,57920
2025-09-29 19:54:00,222.05999755859375,222.07000732421875,221.97999572753906,221.99000549316406,80510
2025-09-29 19:55:00,222.0449981689453,222.1300048828125,222.02000427246094,222.0500030517578,92907
2025-09-29 19:56:00,222.0941925048828,222.1199951171875,222.00999450683594,222.0399932861328,87223
2025-09-29 19:57:00,222.13499450683594,222.15499877929688,222.0850067138672,222.10000610351562,104303
2025-09-29 19:58:00,222.16000366210938,222.16000366210938,222.0800018310547,222.13499450683594,140137
2025-09-29 19:59:00,222.1699981689453,222.17999267578125,222.07000732421875,222.16000366210938,10315244
2025-09-30 13:30:00,221.42359924316406,222.22999572753906,221.35000610351562,222.0500030517578,841913
2025-09-30 13:31:00,221.52000427246094,221.6475067138672,221.1999969482422,221.41050720214844,125470
2025-09-30 13:32:00,220.69000244140625,221.62989807128906,220.66000366210938,221.49000549316406,209704
2025-09-30 13:33:00,220.3000946044922,220.86000061035156,220.252197265625,220.6649932861328,181854
2025-09-30 13:34:00,220.2050018310547,220.49000549316406,220.05999755859375,220.30499267578125,172844
2025-09-30 13:35:00,220.3527069091797,220.44000244140625,220.13999938964844,220.23500061035156,105186
2025-09-30 13:36:00,220.3061981201172,220.44000244140625,220.22000122070312,220.3699951171875,78854
2025-09-30 13:37:00,219.97500610351562,220.41000366210938,219.8800048828125,220.3000030517578,215727
2025-09-30 13:38:00,219.86000061035156,220.15499877929688,219.82449340820312,219.97500610351562,125241
2025-09-30 13:39:00,219.7899932861328,219.89999389648438,219.6750030517578,219.85499572753906,125499
2025-09-30 13:40:00,219.78509521484375,219.9499053955078,219.69000244140625,219.8000030517578,150937
2025-09-30 13:41:00,219.5050048828125,219.83970642089844,219.4501953125,219.78680419921875,170116
2025-09-30 13:42:00,219.35499572753906,219.5399932861328,219.3300018310547,219.49000549316406,132374
2025-09-30 13:43:00,219.5050048828125,219.50990295410156,219.16000366210938,219.34750366210938,132019
2025-09-30 13:44:00,219.8450927734375,219.86000061035156,219.47000122070312,219.52000427246094,114842
2025-09-30 13:45:00,220.06509399414062,220.1999053955078,219.75999450683594,219.86000061035156,203881
2025-09-30 13:46:00,219.93499755859375,220.19000244140625,219.9199981689453,220.0800018310547,94626
2025-09-30 13:47:00,219.99000549316406,220.04989624023438,219.82150268554688,219.94000244140625,76714
2025-09-30 13:48:00,219.9199981689453,220.0482940673828,219.86000061035156,219.98500061035156,70727
2025-09-30 13:49:00,219.39169311523438,219.9199981689453,219.3699951171875,219.9199981689453,143632
2025-09-30 13:50:00,219.14999389648438,219.38999938964844,219.0399932861328,219.38999938964844,216445
2025-09-30 13:51:00,218.87010192871094,219.13999938964844,218.8699951171875,219.13999938964844,200868
2025-09-30 13:52:00,218.80499267578125,218.89999389648438,218.7100067138672,218.8699951171875,123741
2025-09-30 13:53:00,218.7799072265625,218.94000244140625,218.72000122070312,218.80499267578125,111777
2025-09-30 13:54:00,218.5500030517578,218.86000061035156,218.46009826660156,218.77999877929688,165502
2025-09-30 13:55:00,218.39999389648438,218.55999755859375,218.36000061035156,218.5489959716797,113409
2025-09-30 13:56:00,218.4600067138672,218.59959411621094,218.3800048828125,218.38999938964844,132208
2025-09-30 13:57:00,218.5906982421875,218.6300048828125,218.4199981689453,218.47999572753906,131346
2025-09-30 13:58:00,218.58999633789062,218.66000366210938,218.47000122070312,218.58360290527344,133743
2025-09-30 13:59:00,218.42999267578125,218.60000610351562,218.36000061035156,218.58999633789062,140640
2025-09-30 14:00:00,218.5749969482422,218.6199951171875,218.2899932861328,218.43499755859375,196484
2025-09-30 14:01:00,218.68930053710938,218.75,218.55999755859375,218.5782928466797,183987
2025-09-30 14:02:00,218.74000549316406,218.8800048828125,218.6699981689453,218.68499755859375,163404
2025-09-30 14:03:00,218.9691925048828,218.97999572753906,218.74000549316406,218.74000549316406,141104
2025-09-30 14:04:00,218.86500549316406,219.0800018310547,218.86500549316406,218.9600067138672,126699
2025-09-30 14:05:00,218.7899932861328,218.8800048828125,218.64039611816406,218.8699951171875,121749
2025-09-30 14:06:00,218.64999389648438,218.79969787597656,218.41000366210938,218.79969787597656,109195
2025-09-30 14:07:00,218.86500549316406,218.88999938964844,218.6300048828125,218.64999389648438,97275
2025-09-30 14:08:00,218.60000610351562,218.8800048828125,218.5500030517578,218.8800048828125,91452
2025-09-30 14:09:00,218.27000427246094,218.60000610351562,218.18099975585938,218.60000610351562,159670
2025-09-30 14:10:00,218.1562042236328,218.3292999267578,218.07200622558594,218.27000427246094,147535
2025-09-30 14:11:00,217.93980407714844,218.2899932861328,217.88999938964844,218.15499877929688,314148
2025-09-30 14:12:00,218.0749969482422,218.19000244140625,217.9149932861328,217.94000244140625,127781
2025-09-30 14:13:00,218.30999755859375,218.4398956298828,217.97999572753906,218.0800018310547,110939
2025-09-30 14:14:00,218.5800018310547,218.60980224609375,218.2899932861328,218.30999755859375,112424
2025-09-30 14:15:00,218.75999450683594,218.75999450683594,218.47000122070312,218.57000732421875,106151
2025-09-30 14:16:00,218.89999389648438,218.90530395507812,218.77000427246094,218.77999877929688,107442
2025-09-30 14:17:00,219.16000366210938,219.19000244140625,218.91000366210938,218.91000366210938,139847
2025-09-30 14:18:00,219.10000610351562,219.16000366210938,219.07000732421875,219.14999389648438,63532
2025-09-30 14:19:00,219.05270385742188,219.27000427246094,218.97760009765625,219.10000610351562,178452
2025-09-30 14:20:00,219.19000244140625,219.19000244140625,219.05039978027344,219.06300354003906,114923
2025-09-30 14:21:00,219.07000732421875,219.22999572753906,219.0590057373047,219.19679260253906,73687
2025-09-30 14:22:00,219.16700744628906,219.19009399414062,219.0500030517578,219.08999633789062,60143
2025-09-30 14:23:00,218.9550018310547,219.1699981689453,218.91000366210938,219.1699981689453,66498
2025-09-30 14:24:00,219.02999877929688,219.07000732421875,218.9600067138672,218.9600067138672,39242
2025-09-30 14:25:00,219.0800018310547,219.11000061035156,218.99000549316406,219.02000427246094,46846
2025-09-30 14:26:00,219.01499938964844,219.14999389648438,218.97999572753906,219.0886993408203,46670
2025-09-30 14:27:00,219.11500549316406,219.25,219.01499938964844,219.01499938964844,76491
2025-09-30 14:28:00,218.97869873046875,219.09759521484375,218.94000244140625,219.0850067138672,51598
2025-09-30 14:29:00,218.91000366210938,219.08999633789062,218.88999938964844,218.99000549316406,50979
2025-09-30 14:30:00,218.7498016357422,218.92999267578125,218.74000549316406,218.91000366210938,75360
2025-09-30 14:31:00,218.8988037109375,218.92999267578125,218.69000244140625,218.75999450683594,89590
2025-09-30 14:32:00,218.72000122070312,218.9499969482422,218.72000122070312,218.88999938964844,64657
2025-09-30 14:33:00,218.78500366210938,218.8800048828125,218.7100067138672,218.72999572753906,55713
2025-09-30 14:34:00,218.6300048828125,218.86000061035156,218.625,218.7899932861328,50205
2025-09-30 14:35:00,218.77499389648438,218.80999755859375,218.6300048828125,218.6300048828125,58511
2025-09-30 14:36:00,218.75,218.8300018310547,218.72500610351562,218.77999877929688,49904
2025-09-30 14:37:00,218.6699981689453,218.86929321289062,218.66140747070312,218.75999450683594,48802
2025-09-30 14:38:00,218.75999450683594,218.82000732421875,218.64999389648438,218.69000244140625,47475
2025-09-30 14:39:00,218.77999877929688,218.78990173339844,218.67999267578125,218.75,46378
2025-09-30 14:40:00,219.07000732421875,219.08999633789062,218.75999450683594,218.76499938964844,69576
2025-09-30 14:41:00,219.17010498046875,219.1999969482422,219.02999877929688,219.0800018310547,88686
2025-09-30 14:42:00,219.02000427246094,219.22999572753906,219.0,219.17359924316406,87594
2025-09-30 14:43:00,218.98500061035156,219.10000610351562,218.97000122070312,219.02000427246094,52086
2025-09-30 14:44:00,219.1199951171875,219.18130493164062,218.96009826660156,218.97000122070312,94560
2025-09-30 14:45:00,219.1699981689453,219.21499633789062,219.1199951171875,219.13800048828125,41956
2025-09-30 14:46:00,219.1479949951172,219.17999267578125,219.05999755859375,219.1750030517578,45522
2025-09-30 14:47:00,219.19500732421875,219.22000122070312,219.08670043945312,219.16000366210938,45819
2025-09-30 14:48:00,219.38999938964844,219.4600067138672,219.1999969482422,219.1999969482422,95747
2025-09-30 14:49:00,219.22999572753906,219.39999389648438,219.2100067138672,219.38999938964844,57881
2025-09-30 14:50:00,219.2100067138672,219.24000549316406,219.1201934814453,219.24000549316406,69474
2025-09-30 14:51:00,219.264404296875,219.27999877929688,219.19009399414062,219.2050018310547,54658
2025-09-30 14:52:00,219.1699981689453,219.37950134277344,219.1699981689453,219.27000427246094,64958
2025-09-30 14:53:00,219.2097930908203,219.30999755859375,219.16000366210938,219.1699981689453,87438
2025-09-30 14:54:00,219.35000610351562,219.36599731445312,219.24000549316406,219.24000549316406,73616
2025-09-30 14:55:00,219.47000122070312,219.52000427246094,219.27999877929688,219.33999633789062,70397
2025-09-30 14:56:00,219.2100067138672,219.47999572753906,219.17010498046875,219.47999572753906,61689
2025-09-30 14:57:00,219.3699951171875,219.39649963378906,219.22999572753906,219.22999572753906,57921
2025-09-30 14:58:00,219.5500030517578,219.60000610351562,219.375,219.375,118163
2025-09-30 14:59:00,219.60000610351562,219.63999938964844,219.5500030517578,219.5590057373047,74899
2025-09-30 15:00:00,219.57000732421875,219.60000610351562,219.47999572753906,219.60000610351562,80902
2025-09-30 15:01:00,219.6199951171875,219.64999389648438,219.53030395507812,219.5800018310547,42476
2025-09-30 15:02:00,219.63999938964844,219.72500610351562,219.5894012451172,219.6199951171875,90423
2025-09-30 15:03:00,219.625,219.74000549316406,219.60009765625,219.64500427246094,60042
2025-09-30 15:04:00,219.64999389648438,219.69000244140625,219.5312042236328,219.64549255371094,49256
2025-09-30 15:05:00,219.6699981689453,219.72999572753906,219.6300048828125,219.63999938964844,47914
2025-09-30 15:06:00,219.60870361328125,219.73500061035156,219.60870361328125,219.66000366210938,54808
2025-09-30 15:07:00,219.48989868164062,219.61000061035156,219.41000366210938,219.61000061035156,83950
2025-09-30 15:08:00,219.31100463867188,219.55999755859375,219.27999877929688,219.49000549316406,67679
2025-09-30 15:09:00,219.3699951171875,219.4199981689453,219.27999877929688,219.30999755859375,46719
2025-09-30 15:10:00,219.42999267578125,219.44000244140625,219.32000732421875,219.3800048828125,63120
2025-09-30 15:11:00,219.36000061035156,219.47999572753906,219.2949981689453,219.43699645996094,68300
2025-09-30 15:12:00,219.4949951171875,219.55499267578125,219.35000610351562,219.3699951171875,39384
2025-09-30 15:13:00,219.4248046875,219.6197967529297,219.4011993408203,219.49000549316406,40588
2025-09-30 15:14:00,219.2899932861328,219.41000366210938,219.27999877929688,219.41000366210938,42805
2025-09-30 15:15:00,219.3699951171875,219.3800048828125,219.27549743652344,219.27999877929688,52290
2025-09-30 15:16:00,219.3300018310547,219.3798065185547,219.2899932861328,219.3798065185547,39317
2025-09-30 15:17:00,219.3300018310547,219.4149932861328,219.27000427246094,219.3498992919922,240184
2025-09-30 15:18:00,219.39999389648438,219.47999572753906,219.32000732421875,219.3300018310547,30386
2025-09-30 15:19:00,219.3699951171875,219.39950561523438,219.25999450683594,219.39500427246094,51666
2025-09-30 15:20:00,219.17990112304688,219.42559814453125,219.10000610351562,219.35989379882812,87603
2025-09-30 15:21:00,219.1300048828125,219.2100067138672,219.02999877929688,219.17999267578125,46536
2025-09-30 15:22:00,219.25999450683594,219.27999877929688,219.1300048828125,219.1300048828125,47660
2025-09-30 15:23:00,219.22999572753906,219.31500244140625,219.14500427246094,219.27999877929688,49844
2025-09-30 15:24:00,219.08999633789062,219.22999572753906,219.04469299316406,219.22500610351562,64213
2025-09-30 15:25:00,218.89830017089844,219.13999938964844,218.8699951171875,219.10000610351562,90795
2025-09-30 15:26:00,218.8699951171875,218.97000122070312,218.8625946044922,218.89500427246094,38937
2025-09-30 15:27:00,218.80999755859375,218.89979553222656,218.67999267578125,218.89979553222656,86320
2025-09-30 15:28:00,218.6999969482422,218.8300018310547,218.68499755859375,218.81500244140625,40830
2025-09-30 15:29:00,218.7449951171875,218.80999755859375,218.65499877929688,218.6999969482422,48875
2025-09-30 15:30:00,218.80499267578125,218.87469482421875,218.72120666503906,218.73500061035156,38723
2025-09-30 15:31:00,218.89999389648438,218.91000366210938,218.77999877929688,218.80569458007812,57666
2025-09-30 15:32:00,218.96620178222656,218.97999572753906,218.8800048828125,218.91000366210938,55189
2025-09-30 15:33:00,218.94000244140625,219.05999755859375,218.9149932861328,218.9600067138672,118265
2025-09-30 15:34:00,218.83999633789062,218.97000122070312,218.8300018310547,218.9199981689453,36254
2025-09-30 15:35:00,218.7198944091797,218.85000610351562,218.64999389648438,218.85000610351562,49275
2025-09-30 15:36:00,218.73500061035156,218.75,218.64999389648438,218.72000122070312,39835
2025-09-30 15:37:00,218.75,218.75990295410156,218.6300048828125,218.75,32535
2025-09-30 15:38:00,218.75,218.7899932861328,218.69000244140625,218.72999572753906,33247
2025-09-30 15:39:00,218.7550048828125,218.7805938720703,218.72999572753906,218.75,20116
2025-09-30 15:40:00,218.85000610351562,218.860107421875,218.74530029296875,218.75,20662
2025-09-30 15:41:00,218.7899932861328,218.85499572753906,218.67999267578125,218.83999633789062,41799
2025-09-30 15:42:00,218.8300018310547,218.83999633789062,218.69000244140625,218.7899932861328,35323
2025-09-30 15:43:00,218.7449951171875,218.8961944580078,218.74000549316406,218.8300018310547,35066
2025-09-30 15:44:00,218.75999450683594,218.77999877929688,218.72000122070312,218.74000549316406,25552
2025-09-30 15:45:00,218.85989379882812,218.8699951171875,218.74000549316406,218.77999877929688,41809
2025-09-30 15:46:00,218.81500244140625,218.91000366210938,218.78909301757812,218.85980224609375,53042
2025-09-30 15:47:00,218.72000122070312,218.8699951171875,218.7100067138672,218.8300018310547,36112
2025-09-30 15:48:00,218.86000061035156,218.86000061035156,218.72000122070312,218.72999572753906,36178
2025-09-30 15:49:00,218.94500732421875,218.9600067138672,218.8350067138672,218.85000610351562,65617
2025-09-30 15:50:00,218.8800048828125,219.00999450683594,218.80999755859375,218.94020080566406,65946
2025-09-30 15:51:00,218.94129943847656,218.96499633789062,218.8800048828125,218.8800048828125,64450
2025-09-30 15:52:00,218.8800048828125,218.9499969482422,218.75,218.9429931640625,53699
2025-09-30 15:53:00,218.875,218.97000122070312,218.86000061035156,218.88999938964844,36720
2025-09-30 15:54:00,218.91639709472656,218.9250030517578,218.82009887695312,218.875,34453
2025-09-30 15:55:00,218.92999267578125,218.97500610351562,218.89999389648438,218.90359497070312,25134
2025-09-30 15:56:00,218.8699951171875,218.9499969482422,218.75,218.9102020263672,47099
2025-09-30 15:57:00,218.97500610351562,219.02000427246094,218.87449645996094,218.8800048828125,43011
2025-09-30 15:58:00,218.94000244140625,219.0500030517578,218.9232940673828,218.97000122070312,41457
2025-09-30 15:59:00,218.88499450683594,218.98199462890625,218.8800048828125,218.9199981689453,23382
2025-09-30 16:00:00,218.83999633789062,218.9499969482422,218.8300018310547,218.88499450683594,32423
2025-09-30 16:01:00,218.86000061035156,218.86000061035156,218.72999572753906,218.83999633789062,28777
2025-09-30 16:02:00,218.86000061035156,218.89999389648438,218.8300018310547,218.85000610351562,25645
2025-09-30 16:03:00,218.8000030517578,218.9600067138672,218.77000427246094,218.8699951171875,47116
2025-09-30 16:04:00,218.76499938964844,218.97500610351562,218.74000549316406,218.7899932861328,97809
2025-09-30 16:05:00,218.76980590820312,218.7949981689453,218.75,218.76499938964844,21022
2025-09-30 16:06:00,218.85299682617188,218.91000366210938,218.75999450683594,218.77000427246094,37815
2025-09-30 16:07:00,218.83999633789062,218.89999389648438,218.83999633789062,218.8800048828125,20456
2025-09-30 16:08:00,218.85000610351562,218.89500427246094,218.8000030517578,218.83999633789062,29940
2025-09-30 16:09:00,218.91000366210938,218.91529846191406,218.7899932861328,218.85400390625,27678
2025-09-30 16:10:00,218.89999389648438,218.9550018310547,218.86000061035156,218.9199981689453,33713
2025-09-30 16:11:00,218.9600067138672,218.9600067138672,218.8800048828125,218.88999938964844,24016
2025-09-30 16:12:00,218.89999389648438,218.9600067138672,218.89500427246094,218.9600067138672,27745
2025-09-30 16:13:00,218.94000244140625,219.0,218.88999938964844,218.89999389648438,40476
2025-09-30 16:14:00,218.98890686035156,218.99000549316406,218.89999389648438,218.92999267578125,31981
2025-09-30 16:15:00,218.9600067138672,219.0,218.88999938964844,218.99000549316406,31368
2025-09-30 16:16:00,218.9075927734375,218.97000122070312,218.86000061035156,218.96560668945312,33490
2025-09-30 16:17:00,218.99000549316406,219.02999877929688,218.9197998046875,218.9197998046875,45718
2025-09-30 16:18:00,219.07000732421875,219.0800018310547,218.9499969482422,218.97999572753906,41662
2025-09-30 16:19:00,219.19000244140625,219.1999969482422,219.0500030517578,219.05999755859375,91217
2025-09-30 16:20:00,219.32000732421875,219.32000732421875,219.1999969482422,219.2012939453125,64891
2025-09-30 16:21:00,219.4669952392578,219.5399932861328,219.32000732421875,219.32000732421875,74421
2025-09-30 16:22:00,219.44000244140625,219.49000549316406,219.4199981689453,219.47999572753906,43166
2025-09-30 16:23:00,219.41009521484375,219.47999572753906,219.38999938964844,219.44000244140625,38753
2025-09-30 16:24:00,219.3000030517578,219.44000244140625,219.27000427246094,219.41000366210938,41884
2025-09-30 16:25:00,219.25,219.32000732421875,219.25,219.30999755859375,22325
2025-09-30 16:26:00,219.1304931640625,219.27000427246094,219.1300048828125,219.2512969970703,41170
2025-09-30 16:27:00,219.13999938964844,219.2050018310547,219.09100341796875,219.14999389648438,28429
2025-09-30 16:28:00,219.27000427246094,219.27999877929688,219.1300048828125,219.13169860839844,39241
2025-09-30 16:29:00,219.3300018310547,219.3300018310547,219.16000366210938,219.27000427246094,25973
2025-09-30 16:30:00,219.39300537109375,219.4250030517578,219.3300018310547,219.3300018310547,35071
2025-09-30 16:31:00,219.4199981689453,219.42999267578125,219.35000610351562,219.38499450683594,41373
2025-09-30 16:32:00,219.4102020263672,219.4600067138672,219.38999938964844,219.42529296875,39787
2025-09-30 16:33:00,219.44500732421875,219.47999572753906,219.38999938964844,219.4199981689453,38487
2025-09-30 16:34:00,219.3300018310547,219.44500732421875,219.3249969482422,219.44500732421875,23736
2025-09-30 16:35:00,219.32000732421875,219.40989685058594,219.30999755859375,219.3292999267578,22368
2025-09-30 16:36:00,219.3300018310547,219.3885955810547,219.27000427246094,219.3000030517578,19415
2025-09-30 16:37:00,219.3300018310547,219.38999938964844,219.3300018310547,219.36000061035156,18623
2025-09-30 16:38:00,219.33999633789062,219.38999938964844,219.30999755859375,219.33999633789062,19145
2025-09-30 16:39:00,219.41799926757812,219.47000122070312,219.35000610351562,219.35000610351562,28941
2025-09-30 16:40:00,219.4199981689453,219.44129943847656,219.36000061035156,219.43499755859375,21049
2025-09-30 16:41:00,219.4884033203125,219.49000549316406,219.40499877929688,219.40499877929688,22832
2025-09-30 16:42:00,219.389892578125,219.51499938964844,219.37010192871094,219.49000549316406,39244
2025-09-30 16:43:00,219.44009399414062,219.4600067138672,219.36000061035156,219.3699951171875,40611
2025-09-30 16:44:00,219.48500061035156,219.5399932861328,219.44000244140625,219.4499969482422,30246
2025-09-30 16:45:00,219.19500732421875,219.47500610351562,219.0399932861328,219.47000122070312,137056
2025-09-30 16:46:00,219.0941925048828,219.22999572753906,219.08999633789062,219.17999267578125,23136
2025-09-30 16:47:00,219.05999755859375,219.10499572753906,219.0500030517578,219.09300231933594,24396
2025-09-30 16:48:00,218.9586944580078,219.05999755859375,218.9499969482422,219.05999755859375,48442
2025-09-30 16:49:00,219.0,219.00999450683594,218.9499969482422,218.9499969482422,55002
2025-09-30 16:50:00,219.03709411621094,219.07000732421875,218.97000122070312,219.0,41730
2025-09-30 16:51:00,219.05999755859375,219.05999755859375,218.99000549316406,219.02000427246094,30653
2025-09-30 16:52:00,219.1750030517578,219.17999267578125,219.05999755859375,219.06500244140625,28861
2025-09-30 16:53:00,219.0399932861328,219.22000122070312,218.98500061035156,219.1743927001953,60283
2025-09-30 16:54:00,219.05999755859375,219.0800018310547,219.0092010498047,219.0500030517578,23547
2025-09-30 16:55:00,219.02000427246094,219.0800018310547,218.99899291992188,219.05499267578125,30396
2025-09-30 16:56:00,219.00999450683594,219.0500030517578,218.98500061035156,219.00999450683594,18368
2025-09-30 16:57:00,219.02999877929688,219.05999755859375,219.0,219.01980590820312,22067
2025-09-30 16:58:00,218.85000610351562,219.02499389648438,218.80999755859375,219.02499389648438,67637
2025-09-30 16:59:00,218.82000732421875,218.86000061035156,218.80999755859375,218.86000061035156,28699
2025-09-30 17:00:00,218.7949981689453,218.8125,218.71499633789062,218.8125,48838
2025-09-30 17:01:00,218.8300018310547,218.83999633789062,218.7935028076172,218.798095703125,24189
2025-09-30 17:02:00,218.8699951171875,218.9199981689453,218.83999633789062,218.83999633789062,29997
2025-09-30 17:03:00,218.87269592285156,218.91000366210938,218.8300018310547,218.8800048828125,20998
2025-09-30 17:04:00,218.83999633789062,218.89979553222656,218.8300018310547,218.88900756835938,18003
2025-09-30 17:05:00,218.85000610351562,218.89999389648438,218.8300018310547,218.8300018310547,24604
2025-09-30 17:06:00,218.73240661621094,218.8822021484375,218.7050018310547,218.84100341796875,45890
2025-09-30 17:07:00,218.75999450683594,218.8000030517578,218.72000122070312,218.72999572753906,24515
2025-09-30 17:08:00,218.86000061035156,218.88380432128906,218.69500732421875,218.75,48419
2025-09-30 17:09:00,218.9199981689453,218.9199981689453,218.8300018310547,218.8699951171875,24489
2025-09-30 17:10:00,218.82000732421875,218.99000549316406,218.8000030517578,218.94000244140625,44263
2025-09-30 17:11:00,218.82000732421875,218.8300018310547,218.74000549316406,218.81500244140625,27062
2025-09-30 17:12:00,218.83999633789062,218.85000610351562,218.75,218.8300018310547,27167
2025-09-30 17:13:00,218.889404296875,218.9600067138672,218.8300018310547,218.8300018310547,27698
2025-09-30 17:14:00,218.92349243164062,218.9600067138672,218.8800048828125,218.89999389648438,21166
2025-09-30 17:15:00,218.97000122070312,218.98500061035156,218.8800048828125,218.92999267578125,20318
2025-09-30 17:16:00,218.97000122070312,219.07000732421875,218.9499969482422,218.96499633789062,34824
2025-09-30 17:17:00,218.97999572753906,219.0399932861328,218.97999572753906,218.97999572753906,18716
2025-09-30 17:18:00,218.97560119628906,219.00999450683594,218.95089721679688,218.99000549316406,21633
2025-09-30 17:19:00,219.0364990234375,219.0399932861328,218.9499969482422,218.97000122070312,30382
2025-09-30 17:20:00,219.03500366210938,219.05999755859375,219.0,219.03419494628906,20540
2025-09-30 17:21:00,218.82000732421875,219.02999877929688,218.80999755859375,219.02999877929688,45575
2025-09-30 17:22:00,218.9199981689453,218.9199981689453,218.82369995117188,218.83419799804688,23089
2025-09-30 17:23:00,218.9600067138672,218.99000549316406,218.9199981689453,218.9199981689453,29459
2025-09-30 17:24:00,218.9698944091797,218.97999572753906,218.88999938964844,218.97000122070312,40923
2025-09-30 17:25:00,218.98049926757812,219.05999755859375,218.9575958251953,218.9575958251953,31462
2025-09-30 17:26:00,218.99000549316406,219.039794921875,218.9499969482422,218.97000122070312,30767
2025-09-30 17:27:00,219.08999633789062,219.10000610351562,218.97999572753906,218.97999572753906,47741
2025-09-30 17:28:00,219.0800018310547,219.1300048828125,219.0399932861328,219.1300048828125,30355
2025-09-30 17:29:00,219.25999450683594,219.27999877929688,219.07000732421875,219.0800018310547,37900
2025-09-30 17:30:00,219.1699981689453,219.25,219.1699981689453,219.25,28326
2025-09-30 17:31:00,219.27000427246094,219.27000427246094,219.13499450683594,219.14999389648438,35529
2025-09-30 17:32:00,219.2021942138672,219.27999877929688,219.17999267578125,219.25050354003906,49106
2025-09-30 17:33:00,219.23500061035156,219.23989868164062,219.15499877929688,219.19500732421875,33602
2025-09-30 17:34:00,219.2364959716797,219.25999450683594,219.1699981689453,219.22999572753906,36481
2025-09-30 17:35:00,219.1999969482422,219.30999755859375,219.17999267578125,219.23500061035156,59229
2025-09-30 17:36:00,219.10499572753906,219.1999969482422,219.07000732421875,219.19000244140625,61367
2025-09-30 17:37:00,219.13999938964844,219.1699981689453,219.08999633789062,219.10499572753906,24147
2025-09-30 17:38:00,219.0800018310547,219.19000244140625,219.07000732421875,219.14999389648438,25737
2025-09-30 17:39:00,219.0800018310547,219.11700439453125,219.0644073486328,219.08670043945312,20639
2025-09-30 17:40:00,219.16000366210938,219.17999267578125,219.05999755859375,219.08999633789062,24573
2025-09-30 17:41:00,219.08999633789062,219.15069580078125,219.07020568847656,219.125,18197
2025-09-30 17:42:00,218.88929748535156,219.11000061035156,218.86000061035156,219.11000061035156,44672
2025-09-30 17:43:00,219.01010131835938,219.02999877929688,218.8686981201172,218.88999938964844,59213
2025-09-30 17:44:00,218.88699340820312,219.00999450683594,218.83999633789062,219.00999450683594,31347
2025-09-30 17:45:00,218.97999572753906,218.97999572753906,218.86000061035156,218.87269592285156,22854
2025-09-30 17:46:00,218.97999572753906,219.02999877929688,218.97500610351562,218.97500610351562,16153
2025-09-30 17:47:00,219.02000427246094,219.02000427246094,218.9499969482422,218.99899291992188,22303
2025-09-30 17:48:00,219.00559997558594,219.02000427246094,218.97999572753906,219.00999450683594,23369
2025-09-30 17:49:00,218.98500061035156,219.02000427246094,218.97940063476562,218.97999572753906,18573
2025-09-30 17:50:00,219.11000061035156,219.11000061035156,219.0,219.0,34655
2025-09-30 17:51:00,219.08999633789062,219.13999938964844,219.07009887695312,219.09500122070312,36360
2025-09-30 17:52:00,219.0050048828125,219.1300048828125,218.99009704589844,219.09019470214844,24078
2025-09-30 17:53:00,219.03500366210938,219.07000732421875,219.02969360351562,219.02999877929688,18638
2025-09-30 17:54:00,219.0500030517578,219.08999633789062,219.02000427246094,219.0500030517578,17390
2025-09-30 17:55:00,218.9199981689453,219.05999755859375,218.91000366210938,219.04640197753906,30095
2025-09-30 17:56:00,218.80560302734375,218.99000549316406,218.77000427246094,218.9199981689453,51338
2025-09-30 17:57:00,218.86500549316406,218.88949584960938,218.7899932861328,218.82000732421875,27662
2025-09-30 17:58:00,218.74000549316406,218.8798065185547,218.73500061035156,218.86900329589844,53850
2025-09-30 17:59:00,218.75,218.75,218.68499755859375,218.72999572753906,44474
2025-09-30 18:00:00,218.7050018310547,218.76040649414062,218.6699981689453,218.75,20207
2025-09-30 18:01:00,218.77000427246094,218.81500244140625,218.6846923828125,218.6999969482422,39335
2025-09-30 18:02:00,218.77000427246094,218.80999755859375,218.75439453125,218.7637939453125,29865
2025-09-30 18:03:00,218.86000061035156,218.86000061035156,218.75999450683594,218.78500366210938,28317
2025-09-30 18:04:00,218.88999938964844,218.88999938964844,218.77000427246094,218.85499572753906,23491
2025-09-30 18:05:00,218.88999938964844,218.92999267578125,218.85400390625,218.87010192871094,31102
2025-09-30 18:06:00,218.91000366210938,218.97000122070312,218.86000061035156,218.88499450683594,29732
2025-09-30 18:07:00,218.9915008544922,219.0,218.8800048828125,218.91000366210938,20471
2025-09-30 18:08:00,219.04100036621094,219.05999755859375,218.97500610351562,219.0,19523
2025-09-30 18:09:00,219.02000427246094,219.07000732421875,219.0,219.0500030517578,24810
2025-09-30 18:10:00,219.10940551757812,219.1300048828125,219.00999450683594,219.02000427246094,27866
2025-09-30 18:11:00,219.16310119628906,219.19000244140625,219.10000610351562,219.11000061035156,28316
2025-09-30 18:12:00,219.17999267578125,219.22999572753906,219.1300048828125,219.17880249023438,32698
2025-09-30 18:13:00,219.16000366210938,219.2100067138672,219.1300048828125,219.17999267578125,30882
2025-09-30 18:14:00,219.19000244140625,219.22000122070312,219.14999389648438,219.1602020263672,32335
2025-09-30 18:15:00,219.20010375976562,219.3000030517578,219.1699981689453,219.19859313964844,63148
2025-09-30 18:16:00,219.22000122070312,219.22999572753906,219.16000366210938,219.2100067138672,29327
2025-09-30 18:17:00,219.14280700683594,219.2362060546875,219.14280700683594,219.20919799804688,19676
2025-09-30 18:18:00,219.13999938964844,219.19000244140625,219.1300048828125,219.14999389648438,30227
2025-09-30 18:19:00,219.125,219.19000244140625,219.10000610351562,219.1300048828125,36334
2025-09-30 18:20:00,219.13999938964844,219.16000366210938,219.08999633789062,219.125,18475
2025-09-30 18:21:00,219.2198028564453,219.2198028564453,219.1300048828125,219.13999938964844,24228
2025-09-30 18:22:00,219.11700439453125,219.22000122070312,219.10499572753906,219.2100067138672,28219
2025-09-30 18:23:00,219.0944061279297,219.13999938964844,219.02000427246094,219.1199951171875,75209
2025-09-30 18:24:00,219.01499938964844,219.1300048828125,219.0,219.10989379882812,80235
2025-09-30 18:25:00,219.06500244140625,219.10000610351562,219.02000427246094,219.02000427246094,24919
2025-09-30 18:26:00,219.17999267578125,219.19000244140625,219.0399932861328,219.0500030517578,21034
2025-09-30 18:27:00,219.1699981689453,219.1894989013672,219.10000610351562,219.1721954345703,15300
2025-09-30 18:28:00,219.17999267578125,219.26870727539062,219.1676025390625,219.17999267578125,27083
2025-09-30 18:29:00,219.24949645996094,219.25999450683594,219.1750030517578,219.1750030517578,29315
2025-09-30 18:30:00,219.19000244140625,219.22000122070312,219.14500427246094,219.22000122070312,21586
2025-09-30 18:31:00,219.13999938964844,219.2100067138672,219.13999938964844,219.1999969482422,24452
2025-09-30 18:32:00,219.1602020263672,219.19000244140625,219.10760498046875,219.14500427246094,16866
2025-09-30 18:33:00,219.0500030517578,219.16949462890625,219.02499389648438,219.16000366210938,19035
2025-09-30 18:34:00,219.08999633789062,219.11239624023438,219.05999755859375,219.05999755859375,15498
2025-09-30 18:35:00,219.10499572753906,219.13999938964844,219.06500244140625,219.06500244140625,14656
2025-09-30 18:36:00,219.13980102539062,219.1490020751953,219.0988006591797,219.11000061035156,17594
2025-09-30 18:37:00,219.10000610351562,219.14419555664062,219.08009338378906,219.13499450683594,17292
2025-09-30 18:38:00,219.0800018310547,219.1199951171875,219.05499267578125,219.08999633789062,31362
2025-09-30 18:39:00,219.10499572753906,219.13999938964844,219.0850067138672,219.08839416503906,30892
2025-09-30 18:40:00,219.14500427246094,219.1750030517578,219.0850067138672,219.10000610351562,23101
2025-09-30 18:41:00,219.17990112304688,219.18499755859375,219.14500427246094,219.14500427246094,22104
2025-09-30 18:42:00,219.1898956298828,219.23829650878906,219.1826934814453,219.19000244140625,26866
2025-09-30 18:43:00,219.2384033203125,219.2384033203125,219.19000244140625,219.19000244140625,16894
2025-09-30 18:44:00,219.2550048828125,219.27000427246094,219.20159912109375,219.22999572753906,25246
2025-09-30 18:45:00,219.22999572753906,219.2899932861328,219.22000122070312,219.24989318847656,21404
2025-09-30 18:46:00,219.23989868164062,219.25,219.17999267578125,219.22000122070312,27456
2025-09-30 18:47:00,219.4199981689453,219.42999267578125,219.2100067138672,219.2353057861328,77066
2025-09-30 18:48:00,219.3800048828125,219.4499969482422,219.3513946533203,219.4199981689453,30982
2025-09-30 18:49:00,219.41000366210938,219.44549560546875,219.375,219.375,31561
2025-09-30 18:50:00,219.36070251464844,219.42999267578125,219.33999633789062,219.39999389648438,113404
2025-09-30 18:51:00,219.35000610351562,219.3699951171875,219.27000427246094,219.36000061035156,28121
2025-09-30 18:52:00,219.3800048828125,219.3800048828125,219.32449340820312,219.35989379882812,22918
2025-09-30 18:53:00,219.36500549316406,219.3800048828125,219.32359313964844,219.36000061035156,21558
2025-09-30 18:54:00,219.24000549316406,219.35000610351562,219.2261962890625,219.35000610351562,21491
2025-09-30 18:55:00,219.22999572753906,219.27000427246094,219.17999267578125,219.2449951171875,20910
2025-09-30 18:56:00,219.23500061035156,219.27499389648438,219.2299041748047,219.2299041748047,23347
2025-09-30 18:57:00,219.22999572753906,219.26499938964844,219.22500610351562,219.22579956054688,15166
2025-09-30 18:58:00,219.2100067138672,219.22500610351562,219.14999389648438,219.22000122070312,27828
2025-09-30 18:59:00,219.13499450683594,219.22000122070312,219.10000610351562,219.22000122070312,25897
2025-09-30 19:00:00,219.1699981689453,219.19500732421875,219.125,219.14999389648438,20450
2025-09-30 19:01:00,219.1649932861328,219.1699981689453,219.10000610351562,219.16000366210938,27229
2025-09-30 19:02:00,219.1999969482422,219.1999969482422,219.139892578125,219.1699981689453,30717
2025-09-30 19:03:00,219.13999938964844,219.26499938964844,219.13999938964844,219.2039031982422,25818
2025-09-30 19:04:00,219.11900329589844,219.13999938964844,219.0800018310547,219.1300048828125,19471
2025-09-30 19:05:00,219.15499877929688,219.19979858398438,219.11000061035156,219.11000061035156,61136
2025-09-30 19:06:00,219.1999969482422,219.2299041748047,219.14999389648438,219.1649932861328,61351
2025-09-30 19:07:00,219.27999877929688,219.3000030517578,219.1999969482422,219.2100067138672,38759
2025-09-30 19:08:00,219.2449951171875,219.2899932861328,219.22000122070312,219.26499938964844,42234
2025-09-30 19:09:00,219.19500732421875,219.27000427246094,219.19000244140625,219.2449951171875,55100
2025-09-30 19:10:00,219.32269287109375,219.35000610351562,219.19500732421875,219.19500732421875,57976
2025-09-30 19:11:00,219.31719970703125,219.32980346679688,219.2801055908203,219.3249969482422,26873
2025-09-30 19:12:00,219.33999633789062,219.39999389648438,219.30499267578125,219.31500244140625,33228
2025-09-30 19:13:00,219.3300018310547,219.35499572753906,219.30999755859375,219.34500122070312,21873
2025-09-30 19:14:00,219.375,219.38999938964844,219.3249969482422,219.3249969482422,44660
2025-09-30 19:15:00,219.38999938964844,219.4600067138672,219.3699951171875,219.38999938964844,32762
2025-09-30 19:16:00,219.3699951171875,219.41000366210938,219.33999633789062,219.38999938964844,28682
2025-09-30 19:17:00,219.4250030517578,219.44529724121094,219.36500549316406,219.36500549316406,33604
2025-09-30 19:18:00,219.36500549316406,219.44500732421875,219.35000610351562,219.42999267578125,35826
2025-09-30 19:19:00,219.39999389648438,219.41000366210938,219.35009765625,219.36500549316406,39779
2025-09-30 19:20:00,219.4700927734375,219.47999572753906,219.40499877929688,219.41000366210938,45693
2025-09-30 19:21:00,219.4499969482422,219.52999877929688,219.4499969482422,219.4799041748047,46133
2025-09-30 19:22:00,219.5050048828125,219.52000427246094,219.44000244140625,219.44000244140625,103454
2025-09-30 19:23:00,219.50509643554688,219.5189971923828,219.4300994873047,219.50990295410156,45256
2025-09-30 19:24:00,219.5449981689453,219.58999633789062,219.49200439453125,219.50579833984375,34027
2025-09-30 19:25:00,219.52000427246094,219.55999755859375,219.5,219.5399932861328,48323
2025-09-30 19:26:00,219.47999572753906,219.55999755859375,219.47999572753906,219.52999877929688,37209
2025-09-30 19:27:00,219.53500366210938,219.54429626464844,219.47000122070312,219.48849487304688,41763
2025-09-30 19:28:00,219.49000549316406,219.5399932861328,219.43099975585938,219.5399932861328,30515
2025-09-30 19:29:00,219.5968017578125,219.61500549316406,219.47000122070312,219.48019409179688,69602
2025-09-30 19:30:00,219.60000610351562,219.6999969482422,219.5850067138672,219.59500122070312,78001
2025-09-30 19:31:00,219.6649932861328,219.6699981689453,219.60000610351562,219.61000061035156,52682
2025-09-30 19:32:00,219.72000122070312,219.72000122070312,219.6300048828125,219.6750030517578,46874
2025-09-30 19:33:00,219.71470642089844,219.75,219.6699981689453,219.72000122070312,55251
2025-09-30 19:34:00,219.63999938964844,219.71470642089844,219.60499572753906,219.7100067138672,64584
2025-09-30 19:35:00,219.6699981689453,219.68499755859375,219.63499450683594,219.64500427246094,37545
2025-09-30 19:36:00,219.6658935546875,219.69000244140625,219.63999938964844,219.6750030517578,40205
2025-09-30 19:37:00,219.82530212402344,219.8350067138672,219.65499877929688,219.66000366210938,60206
2025-09-30 19:38:00,219.74000549316406,219.86929321289062,219.73500061035156,219.82179260253906,57599
2025-09-30 19:39:00,219.65989685058594,219.75999450683594,219.625,219.74620056152344,54325
2025-09-30 19:40:00,219.39999389648438,219.65499877929688,219.38499450683594,219.65499877929688,96020
2025-09-30 19:41:00,219.3699951171875,219.4149932861328,219.3249969482422,219.41000366210938,57383
2025-09-30 19:42:00,219.3300018310547,219.3997039794922,219.30999755859375,219.36000061035156,37752
2025-09-30 19:43:00,219.375,219.38499450683594,219.2899932861328,219.3300018310547,60284
2025-09-30 19:44:00,219.4398956298828,219.4550018310547,219.35440063476562,219.36000061035156,36149
2025-09-30 19:45:00,219.64349365234375,219.64999389648438,219.4149932861328,219.42999267578125,52931
2025-09-30 19:46:00,219.63009643554688,219.6699981689453,219.60000610351562,219.63999938964844,52847
2025-09-30 19:47:00,219.61000061035156,219.63999938964844,219.5500030517578,219.63499450683594,66757
2025-09-30 19:48:00,219.67999267578125,219.67999267578125,219.5800018310547,219.6199951171875,74406
2025-09-30 19:49:00,219.75,219.77639770507812,219.66000366210938,219.69500732421875,78773
2025-09-30 19:50:00,219.87869262695312,219.97999572753906,219.6999969482422,219.74000549316406,188829
2025-09-30 19:51:00,219.9600067138672,220.00999450683594,219.875,219.8800048828125,128976
2025-09-30 19:52:00,220.0,220.01499938964844,219.9199981689453,219.97000122070312,106183
2025-09-30 19:53:00,220.0800018310547,220.1699981689453,219.9676055908203,220.0,141784
2025-09-30 19:54:00,219.96499633789062,220.19000244140625,219.94000244140625,220.0800018310547,144006
2025-09-30 19:55:00,219.78500366210938,219.97500610351562,219.75,219.97000122070312,223945
2025-09-30 19:56:00,219.75999450683594,219.88999938964844,219.75999450683594,219.7899932861328,154071
2025-09-30 19:57:00,219.75,219.77000427246094,219.63499450683594,219.76499938964844,178044
2025-09-30 19:58:00,219.73800659179688,219.77999877929688,219.7050018310547,219.7550048828125,170518
2025-09-30 19:59:00,219.55999755859375,219.75,219.49000549316406,219.72999572753906,623698
2025-10-01 13:30:00,217.47000122070312,217.61000061035156,216.61000061035156,217.25999450683594,1958071
2025-10-01 13:31:00,218.50999450683594,218.52000427246094,217.47000122070312,217.52059936523438,180350
2025-10-01 13:32:00,218.85000610351562,218.9499969482422,218.33999633789062,218.50999450683594,211482
2025-10-01 13:33:00,219.2301025390625,219.2899932861328,218.5989990234375,218.88999938964844,201380
2025-10-01 13:34:00,219.22999572753906,219.36000061035156,218.82000732421875,219.24000549316406,138805
2025-10-01 13:35:00,219.25,219.2747039794922,218.8000030517578,219.2449951171875,123760
2025-10-01 13:36:00,219.72000122070312,219.72999572753906,219.1999969482422,219.25,163217
2025-10-01 13:37:00,219.6699981689453,219.8300018310547,219.5334930419922,219.7187042236328,135680
2025-10-01 13:38:00,219.07000732421875,219.6649932861328,219.05999755859375,219.66000366210938,171695
2025-10-01 13:39:00,219.16000366210938,219.1999969482422,218.9600067138672,219.0500030517578,83146
2025-10-01 13:40:00,219.3040008544922,219.31500244140625,219.02000427246094,219.14999389648438,94186
2025-10-01 13:41:00,219.1699981689453,219.32000732421875,219.1125946044922,219.31500244140625,72097
2025-10-01 13:42:00,219.21499633789062,219.22999572753906,218.97999572753906,219.19000244140625,112947
2025-10-01 13:43:00,219.05999755859375,219.25,218.97000122070312,219.22500610351562,86561
2025-10-01 13:44:00,219.2899932861328,219.33999633789062,219.05499267578125,219.05999755859375,105658
2025-10-01 13:45:00,219.34500122070312,219.4550018310547,219.27499389648438,219.2899932861328,82751
2025-10-01 13:46:00,219.27000427246094,219.6199951171875,219.22999572753906,219.3699951171875,101927
2025-10-01 13:47:00,218.8800048828125,219.27000427246094,218.82000732421875,219.25999450683594,105071
2025-10-01 13:48:00,218.45010375976562,218.99879455566406,218.45010375976562,218.89999389648438,141650
2025-10-01 13:49:00,218.24000549316406,218.4600067138672,218.17999267578125,218.4499969482422,147248
2025-10-01 13:50:00,218.28509521484375,218.35499572753906,218.13999938964844,218.24000549316406,90174
2025-10-01 13:51:00,218.2301025390625,218.3800048828125,218.17999267578125,218.2949981689453,91937
2025-10-01 13:52:00,218.2100067138672,218.25999450683594,218.1699981689453,218.22000122070312,53915
2025-10-01 13:53:00,218.24000549316406,218.2512969970703,218.08999633789062,218.2100067138672,80952
2025-10-01 13:54:00,218.27999877929688,218.3300018310547,218.17990112304688,218.25,83831
2025-10-01 13:55:00,218.22000122070312,218.30990600585938,218.1968994140625,218.2899932861328,50267
2025-10-01 13:56:00,218.6999969482422,218.6999969482422,218.22999572753906,218.22999572753906,85317
2025-10-01 13:57:00,218.86300659179688,218.8699951171875,218.60000610351562,218.6999969482422,71816
2025-10-01 13:58:00,218.83999633789062,218.92379760742188,218.80999755859375,218.86000061035156,81792
2025-10-01 13:59:00,218.80999755859375,218.8800048828125,218.6699981689453,218.85000610351562,91059
2025-10-01 14:00:00,219.2899932861328,219.35000610351562,218.6699981689453,218.7899932861328,130124
2025-10-01 14:01:00,219.50790405273438,219.55499267578125,219.27999877929688,219.27999877929688,129838
2025-10-01 14:02:00,219.58999633789062,219.74000549316406,219.36000061035156,219.50999450683594,94929
2025-10-01 14:03:00,219.5050048828125,219.6199951171875,219.4499969482422,219.60000610351562,79074
2025-10-01 14:04:00,219.77000427246094,219.8000030517578,219.52000427246094,219.52000427246094,63910
2025-10-01 14:05:00,219.9949951171875,220.0800018310547,219.74000549316406,219.75999450683594,127446
2025-10-01 14:06:00,219.9499969482422,220.0399932861328,219.80999755859375,220.0030059814453,124523
2025-10-01 14:07:00,219.89999389648438,220.0,219.88999938964844,219.97000122070312,86382
2025-10-01 14:08:00,219.9600067138672,220.0,219.83999633789062,219.9105987548828,67962
2025-10-01 14:09:00,219.9010009765625,220.00999450683594,219.8699951171875,219.97000122070312,74945
2025-10-01 14:10:00,219.94000244140625,220.0198974609375,219.79100036621094,219.89999389648438,62807
2025-10-01 14:11:00,220.02999877929688,220.0800018310547,219.8800048828125,219.94000244140625,57071
2025-10-01 14:12:00,219.85000610351562,220.0800018310547,219.85000610351562,220.02499389648438,58054
2025-10-01 14:13:00,219.80999755859375,219.86500549316406,219.70640563964844,219.8520050048828,71735
2025-10-01 14:14:00,219.74000549316406,219.88389587402344,219.6999969482422,219.80999755859375,55922
2025-10-01 14:15:00,219.72999572753906,219.89999389648438,219.7100067138672,219.7449951171875,85646
2025-10-01 14:16:00,219.75,219.8000030517578,219.66000366210938,219.7100067138672,67970
2025-10-01 14:17:00,219.69000244140625,219.7449951171875,219.6096954345703,219.7449951171875,43562
2025-10-01 14:18:00,219.72999572753906,219.82000732421875,219.6699981689453,219.71499633789062,39998
2025-10-01 14:19:00,219.77999877929688,219.81500244140625,219.6999969482422,219.72999572753906,42816
2025-10-01 14:20:00,219.97979736328125,219.97999572753906,219.75999450683594,219.77999877929688,76985
2025-10-01 14:21:00,220.12559509277344,220.1999969482422,219.97000122070312,219.97000122070312,95573
2025-10-01 14:22:00,219.86000061035156,220.1199951171875,219.85000610351562,220.1199951171875,83241
2025-10-01 14:23:00,219.82000732421875,219.9199981689453,219.78509521484375,219.86099243164062,55241
2025-10-01 14:24:00,219.6699981689453,219.88949584960938,219.66380310058594,219.82000732421875,3330655
2025-10-01 14:25:00,219.7050018310547,219.8000030517578,219.6649932861328,219.6699981689453,0
2025-10-01 14:26:00,219.72999572753906,219.77000427246094,219.5906982421875,219.6999969482422,66165
2025-10-01 14:27:00,219.60369873046875,219.72000122070312,219.5500030517578,219.7100067138672,108494
2025-10-01 14:28:00,219.6750030517578,219.75999450683594,219.57009887695312,219.60000610351562,127575
2025-10-01 14:29:00,219.42999267578125,219.67999267578125,219.3800048828125,219.6699981689453,59435
2025-10-01 14:30:00,219.42999267578125,219.52499389648438,219.38999938964844,219.4405975341797,56443
2025-10-01 14:31:00,219.2899932861328,219.4499969482422,219.2899932861328,219.4199981689453,52213
2025-10-01 14:32:00,219.4001007080078,219.41000366210938,219.20010375976562,219.3000030517578,50856
2025-10-01 14:33:00,219.36830139160156,219.5,219.35650634765625,219.41700744628906,36083
2025-10-01 14:34:00,219.3278045654297,219.41990661621094,219.25,219.3699951171875,57977
2025-10-01 14:35:00,219.32870483398438,219.38999938964844,219.25999450683594,219.33999633789062,54276
2025-10-01 14:36:00,219.31719970703125,219.4127960205078,219.27999877929688,219.3300018310547,47356
2025-10-01 14:37:00,219.41000366210938,219.41000366210938,219.25149536132812,219.3000030517578,53112
2025-10-01 14:38:00,219.27999877929688,219.4492950439453,219.25,219.4199981689453,44709
2025-10-01 14:39:00,219.1750030517578,219.30499267578125,219.1750030517578,219.27999877929688,43578
2025-10-01 14:40:00,219.0843963623047,219.1999969482422,219.0,219.1750030517578,69714
2025-10-01 14:41:00,218.99000549316406,219.06809997558594,218.93499755859375,219.05999755859375,45438
2025-10-01 14:42:00,219.21969604492188,219.2288055419922,218.9320068359375,218.98500061035156,63356
2025-10-01 14:43:00,219.05999755859375,219.2781982421875,219.05999755859375,219.22000122070312,60113
2025-10-01 14:44:00,218.97509765625,219.1300048828125,218.88999938964844,219.07000732421875,58847
2025-10-01 14:45:00,219.02000427246094,219.0500030517578,218.94000244140625,218.97999572753906,65978
2025-10-01 14:46:00,219.08999633789062,219.08999633789062,218.94000244140625,219.02999877929688,40053
2025-10-01 14:47:00,219.02000427246094,219.13999938964844,218.97999572753906,219.08999633789062,41415
2025-10-01 14:48:00,219.05499267578125,219.08999633789062,218.99000549316406,219.02000427246094,33475
2025-10-01 14:49:00,218.99600219726562,219.0500030517578,218.97000122070312,219.0399932861328,37896
2025-10-01 14:50:00,219.07000732421875,219.0998992919922,218.94500732421875,218.99000549316406,42624
2025-10-01 14:51:00,219.3800048828125,219.39999389648438,219.05999755859375,219.05999755859375,68783
2025-10-01 14:52:00,219.5800018310547,219.61000061035156,219.3699951171875,219.4069061279297,58258
2025-10-01 14:53:00,219.7274932861328,219.8000030517578,219.5800018310547,219.5800018310547,56909
2025-10-01 14:54:00,219.6649932861328,219.7487030029297,219.64999389648438,219.74850463867188,38435
2025-10-01 14:55:00,219.60009765625,219.69000244140625,219.5500030517578,219.64999389648438,37002
2025-10-01 14:56:00,219.5800018310547,219.60499572753906,219.49000549316406,219.60499572753906,38392
2025-10-01 14:57:00,219.52999877929688,219.64999389648438,219.48910522460938,219.57139587402344,52758
2025-10-01 14:58:00,219.55999755859375,219.60499572753906,219.47300720214844,219.52000427246094,44904
2025-10-01 14:59:00,219.69000244140625,219.69000244140625,219.55999755859375,219.55999755859375,54197
2025-10-01 15:00:00,219.80999755859375,219.82000732421875,219.6699981689453,219.67999267578125,43762
2025-10-01 15:01:00,219.85000610351562,219.8551025390625,219.75999450683594,219.7899932861328,50880
2025-10-01 15:02:00,219.69000244140625,219.85499572753906,219.66000366210938,219.85440063476562,49049
2025-10-01 15:03:00,219.64999389648438,219.7550048828125,219.58009338378906,219.6999969482422,62100
2025-10-01 15:04:00,219.63999938964844,219.72999572753906,219.60499572753906,219.67999267578125,33505
2025-10-01 15:05:00,219.74000549316406,219.8249969482422,219.64999389648438,219.64999389648438,50439
2025-10-01 15:06:00,219.66000366210938,219.8300018310547,219.60000610351562,219.74000549316406,81156
2025-10-01 15:07:00,219.6699981689453,219.7050018310547,219.5399932861328,219.64999389648438,68613
2025-10-01 15:08:00,219.88009643554688,219.91000366210938,219.65499877929688,219.6649932861328,84160
2025-10-01 15:09:00,219.89999389648438,219.97000122070312,219.85000610351562,219.88009643554688,58085
2025-10-01 15:10:00,219.72999572753906,219.9199981689453,219.70779418945312,219.89390563964844,42237
2025-10-01 15:11:00,219.5800018310547,219.72000122070312,219.5399932861328,219.72000122070312,48296
2025-10-01 15:12:00,219.38999938964844,219.58999633789062,219.36000061035156,219.58990478515625,40892
2025-10-01 15:13:00,219.47000122070312,219.5,219.36500549316406,219.39540100097656,63200
2025-10-01 15:14:00,219.4199981689453,219.4600067138672,219.39999389648438,219.4499969482422,75006
2025-10-01 15:15:00,219.4199981689453,219.47000122070312,219.35000610351562,219.42190551757812,82807
2025-10-01 15:16:00,219.33380126953125,219.47000122070312,219.31370544433594,219.42999267578125,171007
2025-10-01 15:17:00,219.31500244140625,219.38499450683594,219.31500244140625,219.3300018310547,37184
2025-10-01 15:18:00,219.197998046875,219.35499572753906,219.19000244140625,219.32000732421875,44412
2025-10-01 15:19:00,219.13999938964844,219.25,219.13999938964844,219.19580078125,38534
2025-10-01 15:20:00,219.21499633789062,219.25,219.1199951171875,219.1300048828125,42785
2025-10-01 15:21:00,219.19000244140625,219.2899932861328,219.1750030517578,219.22999572753906,39993
2025-10-01 15:22:00,219.41000366210938,219.4499969482422,219.23829650878906,219.23829650878906,28646
2025-10-01 15:23:00,219.4300994873047,219.5063934326172,219.3699951171875,219.39999389648438,89425
2025-10-01 15:24:00,219.3502960205078,219.4499969482422,219.3300018310547,219.44000244140625,26808
2025-10-01 15:25:00,219.375,219.38999938964844,219.27059936523438,219.33999633789062,34943
2025-10-01 15:26:00,219.30239868164062,219.3699951171875,219.2550048828125,219.3699951171875,28127
2025-10-01 15:27:00,219.24000549316406,219.3000030517578,219.201904296875,219.2899932861328,22676
2025-10-01 15:28:00,219.3000030517578,219.3800048828125,219.2301025390625,219.24000549316406,39296
2025-10-01 15:29:00,219.2386932373047,219.30999755859375,219.16000366210938,219.3000030517578,39277
2025-10-01 15:30:00,219.4600067138672,219.49000549316406,219.24000549316406,219.25,35509
2025-10-01 15:31:00,219.58619689941406,219.6300048828125,219.4499969482422,219.4552001953125,55051
2025-10-01 15:32:00,219.60000610351562,219.64100646972656,219.5800018310547,219.58999633789062,50334
2025-10-01 15:33:00,219.625,219.67999267578125,219.5050048828125,219.61000061035156,40239
2025-10-01 15:34:00,219.58999633789062,219.6300048828125,219.5800018310547,219.6199951171875,29146
2025-10-01 15:35:00,219.6699981689453,219.68629455566406,219.5399932861328,219.60000610351562,37211
2025-10-01 15:36:00,219.7100067138672,219.72999572753906,219.66000366210938,219.66549682617188,33656
2025-10-01 15:37:00,219.96499633789062,220.05499267578125,219.69000244140625,219.6999969482422,100941
2025-10-01 15:38:00,219.97000122070312,220.03329467773438,219.94000244140625,219.98500061035156,48607
2025-10-01 15:39:00,219.8800048828125,219.97999572753906,219.85009765625,219.97000122070312,48770
2025-10-01 15:40:00,219.94000244140625,220.0500030517578,219.85000610351562,219.8800048828125,371482
2025-10-01 15:41:00,220.31500244140625,220.32000732421875,219.89999389648438,219.9499969482422,103422
2025-10-01 15:42:00,220.4199981689453,220.44000244140625,220.25999450683594,220.32000732421875,69645
2025-10-01 15:43:00,220.5500030517578,220.5800018310547,220.42999267578125,220.42999267578125,76720
2025-10-01 15:44:00,220.59500122070312,220.60000610351562,220.5,220.55349731445312,59803
2025-10-01 15:45:00,220.6699981689453,220.71499633789062,220.5399932861328,220.60000610351562,63742
2025-10-01 15:46:00,220.7100067138672,220.72999572753906,220.63999938964844,220.67990112304688,103039
2025-10-01 15:47:00,220.6999969482422,220.75,220.67999267578125,220.7100067138672,57826
2025-10-01 15:48:00,220.4700927734375,220.67999267578125,220.4550018310547,220.67120361328125,72826
2025-10-01 15:49:00,220.39999389648438,220.5050048828125,220.38999938964844,220.4600067138672,62916
2025-10-01 15:50:00,220.67880249023438,220.7100067138672,220.38999938964844,220.38999938964844,39814
2025-10-01 15:51:00,220.72000122070312,220.72000122070312,220.6300048828125,220.69000244140625,50778
2025-10-01 15:52:00,220.80499267578125,220.80499267578125,220.72000122070312,220.72000122070312,55179
2025-10-01 15:53:00,220.7873992919922,220.97999572753906,220.65989685058594,220.8000030517578,134965
2025-10-01 15:54:00,220.9600067138672,220.97999572753906,220.74000549316406,220.77999877929688,83105
2025-10-01 15:55:00,221.0500030517578,221.05999755859375,220.94000244140625,220.9600067138672,109476
2025-10-01 15:56:00,220.96499633789062,221.0399932861328,220.8800048828125,221.02999877929688,51674
2025-10-01 15:57:00,220.9499969482422,220.9600067138672,220.89999389648438,220.95249938964844,57942
2025-10-01 15:58:00,220.61000061035156,220.9550018310547,220.5800018310547,220.9550018310547,82426
2025-10-01 15:59:00,220.72630310058594,220.7550048828125,220.5605010986328,220.6085968017578,39435
2025-10-01 16:00:00,220.72000122070312,220.75,220.67999267578125,220.72000122070312,50079
2025-10-01 16:01:00,220.67010498046875,220.7449951171875,220.61000061035156,220.71499633789062,40644
2025-10-01 16:02:00,220.85000610351562,220.86990356445312,220.67999267578125,220.67999267578125,43896
2025-10-01 16:03:00,220.74000549316406,220.8990936279297,220.74000549316406,220.84500122070312,47477
2025-10-01 16:04:00,220.84869384765625,220.86090087890625,220.7100067138672,220.74000549316406,35556
2025-10-01 16:05:00,221.00999450683594,221.0113067626953,220.8300018310547,220.85000610351562,60186
2025-10-01 16:06:00,221.0500030517578,221.1300048828125,221.00999450683594,221.02000427246094,48703
2025-10-01 16:07:00,221.05999755859375,221.08999633789062,221.02000427246094,221.02999877929688,52196
2025-10-01 16:08:00,221.25,221.28500366210938,221.04100036621094,221.07000732421875,63614
2025-10-01 16:09:00,221.2050018310547,221.27999877929688,221.1800994873047,221.25,61719
2025-10-01 16:10:00,221.38999938964844,221.39500427246094,221.16000366210938,221.1999969482422,69768
2025-10-01 16:11:00,221.19000244140625,221.49000549316406,221.16000366210938,221.38999938964844,115529
2025-10-01 16:12:00,221.19000244140625,221.19000244140625,221.11500549316406,221.1699981689453,62141
2025-10-01 16:13:00,221.14999389648438,221.1999969482422,221.05999755859375,221.1999969482422,46796
2025-10-01 16:14:00,220.96009826660156,221.1750030517578,220.9600067138672,221.13999938964844,47382
2025-10-01 16:15:00,221.1649932861328,221.1649932861328,220.9199981689453,220.9600067138672,52661
2025-10-01 16:16:00,221.1999969482422,221.24000549316406,221.13999938964844,221.14999389648438,45980
2025-10-01 16:17:00,221.1343994140625,221.25,221.0800018310547,221.20010375976562,37764
2025-10-01 16:18:00,221.19000244140625,221.22000122070312,221.12249755859375,221.14129638671875,33843
2025-10-01 16:19:00,221.1300048828125,221.2050018310547,221.0749969482422,221.17999267578125,42599
2025-10-01 16:20:00,221.02000427246094,221.22000122070312,221.00999450683594,221.1999969482422,31355
2025-10-01 16:21:00,221.0449981689453,221.1300048828125,221.01499938964844,221.02000427246094,42610
2025-10-01 16:22:00,221.05999755859375,221.0800018310547,220.9949951171875,221.0399932861328,34534
2025-10-01 16:23:00,220.956298828125,221.08999633789062,220.9499969482422,221.0800018310547,51241
2025-10-01 16:24:00,220.9600067138672,220.97999572753906,220.86000061035156,220.9499969482422,68496
2025-10-01 16:25:00,220.94000244140625,221.0,220.91000366210938,220.9600067138672,39512
2025-10-01 16:26:00,220.97000122070312,221.00999450683594,220.86000061035156,220.9199981689453,31549
2025-10-01 16:27:00,221.02000427246094,221.0449981689453,220.92999267578125,220.97999572753906,34835
2025-10-01 16:28:00,220.97500610351562,221.07899475097656,220.97500610351562,221.01499938964844,41124
2025-10-01 16:29:00,221.14999389648438,221.2100067138672,220.97999572753906,220.97999572753906,36300
2025-10-01 16:30:00,221.125,221.1855926513672,221.1038055419922,221.16000366210938,26207
2025-10-01 16:31:00,221.0449981689453,221.1300048828125,221.02000427246094,221.1300048828125,28834
2025-10-01 16:32:00,220.9149932861328,221.0449981689453,220.91009521484375,221.0449981689453,26378
2025-10-01 16:33:00,220.99000549316406,221.02999877929688,220.89500427246094,220.9149932861328,26900
2025-10-01 16:34:00,220.96499633789062,221.02000427246094,220.94500732421875,220.99000549316406,27101
2025-10-01 16:35:00,220.96080017089844,220.99000549316406,220.91000366210938,220.96949768066406,23415
2025-10-01 16:36:00,221.01370239257812,221.08999633789062,220.88999938964844,220.97000122070312,48119
2025-10-01 16:37:00,221.0800018310547,221.0850067138672,221.029296875,221.029296875,29325
2025-10-01 16:38:00,221.00999450683594,221.14999389648438,221.0050048828125,221.0800018310547,37728
2025-10-01 16:39:00,220.98500061035156,221.06500244140625,220.9600067138672,221.02999877929688,34600
2025-10-01 16:40:00,221.02499389648438,221.03030395507812,220.96499633789062,220.9949951171875,40313
2025-10-01 16:41:00,221.0050048828125,221.0399932861328,220.93499755859375,221.02000427246094,46374
2025-10-01 16:42:00,220.8800048828125,221.0800018310547,220.8699951171875,221.0050048828125,36936
2025-10-01 16:43:00,221.03500366210938,221.0500030517578,220.8800048828125,220.89500427246094,40923
2025-10-01 16:44:00,220.94000244140625,221.0399932861328,220.86000061035156,221.0399932861328,41332
2025-10-01 16:45:00,220.9499969482422,220.9550018310547,220.89999389648438,220.92849731445312,41758
2025-10-01 16:46:00,221.0399932861328,221.25,220.9499969482422,220.9499969482422,94845
2025-10-01 16:47:00,221.0500030517578,221.1199951171875,221.00999450683594,221.0399932861328,28420
2025-10-01 16:48:00,221.0605926513672,221.0800018310547,220.99000549316406,221.05389404296875,32269
2025-10-01 16:49:00,221.07000732421875,221.11500549316406,221.05999755859375,221.0800018310547,27521
2025-10-01 16:50:00,221.16009521484375,221.16009521484375,221.05999755859375,221.07000732421875,34798
2025-10-01 16:51:00,221.1649932861328,221.1999969482422,221.14500427246094,221.14999389648438,30446
2025-10-01 16:52:00,221.1199951171875,221.2198028564453,221.1199951171875,221.16000366210938,35143
2025-10-01 16:53:00,221.0399932861328,221.14129638671875,220.99000549316406,221.125,57684
2025-10-01 16:54:00,221.0601043701172,221.09559631347656,221.02000427246094,221.0399932861328,39205
2025-10-01 16:55:00,221.06539916992188,221.07229614257812,221.01499938964844,221.0601043701172,36159
2025-10-01 16:56:00,221.02999877929688,221.07859802246094,221.0,221.0500946044922,24189
2025-10-01 16:57:00,220.92010498046875,221.0500030517578,220.92010498046875,221.0399932861328,30848
2025-10-01 16:58:00,220.91000366210938,220.9499969482422,220.8800048828125,220.89999389648438,38532
2025-10-01 16:59:00,220.9600067138672,221.0399932861328,220.86000061035156,220.89999389648438,62773
2025-10-01 17:00:00,221.02499389648438,221.0449981689453,220.94000244140625,220.9600067138672,28096
2025-10-01 17:01:00,221.0800018310547,221.08999633789062,221.00999450683594,221.02999877929688,40149
2025-10-01 17:02:00,221.22000122070312,221.24000549316406,221.08999633789062,221.08999633789062,27354
2025-10-01 17:03:00,221.27999877929688,221.27999877929688,221.1992950439453,221.22000122070312,42964
2025-10-01 17:04:00,221.49000549316406,221.52000427246094,221.27999877929688,221.289794921875,83455
2025-10-01 17:05:00,221.6300048828125,221.6999969482422,221.4792938232422,221.49000549316406,85214
2025-10-01 17:06:00,221.7100067138672,221.72999572753906,221.58999633789062,221.63499450683594,73420
2025-10-01 17:07:00,221.67999267578125,221.72999572753906,221.60369873046875,221.7050018310547,59834
2025-10-01 17:08:00,221.76499938964844,221.77850341796875,221.61000061035156,221.67999267578125,84278
2025-10-01 17:09:00,221.67999267578125,221.77999877929688,221.66619873046875,221.76499938964844,46432
2025-10-01 17:10:00,221.6699981689453,221.6977996826172,221.61500549316406,221.6885986328125,46466
2025-10-01 17:11:00,221.80499267578125,221.80999755859375,221.65499877929688,221.66000366210938,43418
2025-10-01 17:12:00,221.77000427246094,221.86000061035156,221.74000549316406,221.80499267578125,61861
2025-10-01 17:13:00,221.7949981689453,221.83999633789062,221.75999450683594,221.75999450683594,46279
2025-10-01 17:14:00,221.75,221.80999755859375,221.7100067138672,221.7899932861328,75411
2025-10-01 17:15:00,221.75999450683594,221.8000030517578,221.74000549316406,221.74000549316406,38589
2025-10-01 17:16:00,221.9499969482422,221.95660400390625,221.67999267578125,221.75999450683594,84054
2025-10-01 17:17:00,222.0050048828125,222.05499267578125,221.9600067138672,221.9600067138672,74462
2025-10-01 17:18:00,221.75,222.00999450683594,221.74000549316406,222.0,36106
2025-10-01 17:19:00,221.67999267578125,221.7899932861328,221.6699981689453,221.74000549316406,43036
2025-10-01 17:20:00,221.55299377441406,221.69000244140625,221.5399932861328,221.69000244140625,33251
2025-10-01 17:21:00,221.48500061035156,221.56019592285156,221.41000366210938,221.55499267578125,35326
2025-10-01 17:22:00,221.52330017089844,221.52330017089844,221.4250030517578,221.49000549316406,34310
2025-10-01 17:23:00,221.44000244140625,221.5395965576172,221.4199981689453,221.50999450683594,27087
2025-10-01 17:24:00,221.4550018310547,221.49000549316406,221.3800048828125,221.44000244140625,23485
2025-10-01 17:25:00,221.57009887695312,221.6199951171875,221.45399475097656,221.47000122070312,24651
2025-10-01 17:26:00,221.55999755859375,221.69000244140625,221.5399932861328,221.58999633789062,49367
2025-10-01 17:27:00,221.59500122070312,221.64999389648438,221.5,221.5500030517578,19413
2025-10-01 17:28:00,221.5800018310547,221.63999938964844,221.52630615234375,221.58999633789062,31730
2025-10-01 17:29:00,221.5399932861328,221.6999969482422,221.52999877929688,221.5821075439453,39171
2025-10-01 17:30:00,221.50999450683594,221.55499267578125,221.38999938964844,221.5399932861328,41498
2025-10-01 17:31:00,221.3800048828125,221.50990295410156,221.3730010986328,221.5,33856
2025-10-01 17:32:00,221.4362030029297,221.4499969482422,221.30999755859375,221.3699951171875,27129
2025-10-01 17:33:00,221.5800018310547,221.5998992919922,221.42999267578125,221.42999267578125,30850
2025-10-01 17:34:00,221.54910278320312,221.6136016845703,221.52999877929688,221.57229614257812,25258
2025-10-01 17:35:00,221.5399932861328,221.57000732421875,221.52000427246094,221.55999755859375,8074994
2025-10-01 17:36:00,221.5124969482422,221.5800018310547,221.50999450683594,221.5500030517578,33716
2025-10-01 17:37:00,221.58999633789062,221.66319274902344,221.52000427246094,221.52000427246094,37811
2025-10-01 17:38:00,221.6999969482422,221.7698974609375,221.57000732421875,221.59120178222656,75041
2025-10-01 17:39:00,221.7449951171875,221.8000030517578,221.693603515625,221.70350646972656,43055
2025-10-01 17:40:00,221.72999572753906,221.83999633789062,221.6999969482422,221.74879455566406,46582
2025-10-01 17:41:00,221.67999267578125,221.75,221.67999267578125,221.73500061035156,55377
2025-10-01 17:42:00,221.66000366210938,221.77499389648438,221.6280059814453,221.6699981689453,46151
2025-10-01 17:43:00,221.6999969482422,221.73500061035156,221.6699981689453,221.6699981689453,46657
2025-10-01 17:44:00,221.68870544433594,221.74000549316406,221.6699981689453,221.73500061035156,24592
2025-10-01 17:45:00,221.75,221.77000427246094,221.69000244140625,221.69000244140625,32472
2025-10-01 17:46:00,221.74000549316406,221.82000732421875,221.72999572753906,221.76499938964844,26935
2025-10-01 17:47:00,221.6999969482422,221.74000549316406,221.6999969482422,221.74000549316406,36134
2025-10-01 17:48:00,221.7301025390625,221.75999450683594,221.69839477539062,221.6999969482422,28334
2025-10-01 17:49:00,221.7100067138672,221.78500366210938,221.7100067138672,221.75,31558
2025-10-01 17:50:00,221.7801055908203,221.7899932861328,221.6999969482422,221.7100067138672,45521
2025-10-01 17:51:00,221.81900024414062,221.8585968017578,221.77999877929688,221.78500366210938,58436
2025-10-01 17:52:00,221.7050018310547,221.84559631347656,221.7050018310547,221.82000732421875,34247
2025-10-01 17:53:00,221.63499450683594,221.75999450683594,221.6300048828125,221.7100067138672,41164
2025-10-01 17:54:00,221.5386962890625,221.63999938964844,221.52999877929688,221.6300048828125,51391
2025-10-01 17:55:00,221.4423065185547,221.52999877929688,221.44000244140625,221.52999877929688,40845
2025-10-01 17:56:00,221.5399932861328,221.5399932861328,221.3800048828125,221.42999267578125,61075
2025-10-01 17:57:00,221.5198974609375,221.5800018310547,221.50999450683594,221.5449981689453,34960
2025-10-01 17:58:00,221.47500610351562,221.52000427246094,221.44000244140625,221.5,51321
2025-10-01 17:59:00,221.4199981689453,221.5,221.4199981689453,221.47000122070312,33190
2025-10-01 18:00:00,221.52999877929688,221.5937957763672,221.4199981689453,221.42999267578125,89903
2025-10-01 18:01:00,221.64999389648438,221.6999053955078,221.5399932861328,221.5399932861328,73737
2025-10-01 18:02:00,221.34500122070312,221.6699981689453,221.34500122070312,221.64999389648438,55958
2025-10-01 18:03:00,221.3699951171875,221.4069061279297,221.32000732421875,221.35000610351562,65138
2025-10-01 18:04:00,221.47999572753906,221.49000549316406,221.3300018310547,221.36000061035156,48321
2025-10-01 18:05:00,221.47999572753906,221.48500061035156,221.42999267578125,221.47669982910156,38914
2025-10-01 18:06:00,221.4600067138672,221.5,221.42999267578125,221.48500061035156,33641
2025-10-01 18:07:00,221.5,221.5,221.38999938964844,221.4600067138672,70391
2025-10-01 18:08:00,221.52999877929688,221.52999877929688,221.45010375976562,221.50999450683594,60277
2025-10-01 18:09:00,221.6300048828125,221.64990234375,221.5399932861328,221.5399932861328,39591
2025-10-01 18:10:00,221.6199951171875,221.6898956298828,221.57000732421875,221.63999938964844,69184
2025-10-01 18:11:00,221.5399932861328,221.63499450683594,221.5,221.6199951171875,38243
2025-10-01 18:12:00,221.47999572753906,221.5457000732422,221.44000244140625,221.5399932861328,26225
2025-10-01 18:13:00,221.50999450683594,221.57000732421875,221.4741973876953,221.4741973876953,36257
2025-10-01 18:14:00,221.5948944091797,221.5980987548828,221.50999450683594,221.50999450683594,25002
2025-10-01 18:15:00,221.64999389648438,221.6699981689453,221.58999633789062,221.58999633789062,29157
2025-10-01 18:16:00,221.74000549316406,221.7449951171875,221.64999389648438,221.66000366210938,39375
2025-10-01 18:17:00,221.74899291992188,221.7812957763672,221.69500732421875,221.7301025390625,36629
2025-10-01 18:18:00,221.72999572753906,221.8209991455078,221.72999572753906,221.75990295410156,173339
2025-10-01 18:19:00,221.80499267578125,221.80499267578125,221.7100067138672,221.72500610351562,41996
2025-10-01 18:20:00,221.75999450683594,221.8300018310547,221.75,221.80499267578125,25751
2025-10-01 18:21:00,221.77000427246094,221.8000030517578,221.6999969482422,221.75999450683594,39662
2025-10-01 18:22:00,221.85000610351562,221.86000061035156,221.77000427246094,221.77000427246094,40207
2025-10-01 18:23:00,221.89999389648438,221.9499969482422,221.86000061035156,221.86500549316406,54103
2025-10-01 18:24:00,221.98590087890625,221.98590087890625,221.8800048828125,221.90060424804688,46589
2025-10-01 18:25:00,221.99000549316406,222.0,221.94869995117188,221.97500610351562,47534
2025-10-01 18:26:00,222.11000061035156,222.13999938964844,221.97999572753906,221.9949951171875,130568
2025-10-01 18:27:00,222.02000427246094,222.14999389648438,222.00999450683594,222.10159301757812,70211
2025-10-01 18:28:00,221.9199981689453,222.02000427246094,221.9199981689453,222.02000427246094,45067
2025-10-01 18:29:00,221.9600067138672,221.9600067138672,221.85000610351562,221.88999938964844,43128
2025-10-01 18:30:00,221.95249938964844,221.98500061035156,221.92999267578125,221.9550018310547,24884
2025-10-01 18:31:00,221.9676055908203,221.98500061035156,221.89999389648438,221.9600067138672,32280
2025-10-01 18:32:00,221.9600067138672,222.00999450683594,221.9499969482422,221.97999572753906,28808
2025-10-01 18:33:00,221.94000244140625,222.0399932861328,221.94000244140625,221.9600067138672,62071
2025-10-01 18:34:00,221.92999267578125,221.9600067138672,221.86500549316406,221.94000244140625,41945
2025-10-01 18:35:00,221.90499877929688,221.9499969482422,221.89010620117188,221.92999267578125,31172
2025-10-01 18:36:00,221.9600067138672,221.98500061035156,221.9149932861328,221.9199981689453,52528
2025-10-01 18:37:00,221.88499450683594,221.95680236816406,221.8704071044922,221.9499969482422,21922
2025-10-01 18:38:00,221.9600067138672,221.9600067138672,221.86700439453125,221.8852996826172,35996
2025-10-01 18:39:00,221.9600067138672,221.99000549316406,221.94000244140625,221.97000122070312,25544
2025-10-01 18:40:00,221.9405975341797,222.00999450683594,221.9405975341797,221.9541015625,42861
2025-10-01 18:41:00,221.99000549316406,222.02000427246094,221.9250030517578,221.94000244140625,35205
2025-10-01 18:42:00,222.0050048828125,222.02000427246094,221.94500732421875,222.0,64467
2025-10-01 18:43:00,221.9550018310547,222.00999450683594,221.92999267578125,222.0,47071
2025-10-01 18:44:00,221.96499633789062,222.0399932861328,221.94500732421875,221.9550018310547,66692
2025-10-01 18:45:00,221.9149932861328,221.9600067138672,221.89500427246094,221.9600067138672,30635
2025-10-01 18:46:00,221.92010498046875,221.94000244140625,221.9149932861328,221.9149932861328,24310
2025-10-01 18:47:00,221.89999389648438,221.9250030517578,221.88999938964844,221.9250030517578,37564
2025-10-01 18:48:00,221.9199981689453,221.9250030517578,221.875,221.89500427246094,49918
2025-10-01 18:49:00,221.875,221.9279022216797,221.875,221.9250030517578,38059
2025-10-01 18:50:00,221.91000366210938,221.9199981689453,221.86390686035156,221.87240600585938,36124
2025-10-01 18:51:00,221.87139892578125,221.9250030517578,221.86000061035156,221.9199981689453,23282
2025-10-01 18:52:00,221.94000244140625,221.9499969482422,221.86500549316406,221.875,36937
2025-10-01 18:53:00,221.91000366210938,221.9499969482422,221.89999389648438,221.94000244140625,46709
2025-10-01 18:54:00,221.91900634765625,221.9600067138672,221.84500122070312,221.90499877929688,57464
2025-10-01 18:55:00,221.88999938964844,221.94000244140625,221.8699951171875,221.92999267578125,54958
2025-10-01 18:56:00,221.92999267578125,221.9683074951172,221.8800048828125,221.8800048828125,37379
2025-10-01 18:57:00,221.97999572753906,221.99000549316406,221.88999938964844,221.9250030517578,586525
2025-10-01 18:58:00,221.89999389648438,222.01849365234375,221.89999389648438,221.99000549316406,44832
2025-10-01 18:59:00,221.92999267578125,221.9499969482422,221.91000366210938,221.9149932861328,32848
2025-10-01 19:00:00,221.9300994873047,222.0,221.89999389648438,221.9250030517578,58277
2025-10-01 19:01:00,221.9398956298828,221.94000244140625,221.89500427246094,221.94000244140625,27192
2025-10-01 19:02:00,221.9499969482422,221.97500610351562,221.89500427246094,221.94000244140625,49893
2025-10-01 19:03:00,221.95530700683594,221.97000122070312,221.92999267578125,221.94500732421875,33040
2025-10-01 19:04:00,221.99000549316406,222.02000427246094,221.9315948486328,221.9499969482422,110310
2025-10-01 19:05:00,221.9949951171875,222.00999450683594,221.968994140625,221.9949951171875,38333
2025-10-01 19:06:00,221.86000061035156,222.00999450683594,221.86000061035156,222.0,57528
2025-10-01 19:07:00,221.8350067138672,221.8699951171875,221.80999755859375,221.86000061035156,30492
2025-10-01 19:08:00,221.7113037109375,221.84219360351562,221.7050018310547,221.84219360351562,38988
2025-10-01 19:09:00,221.6649932861328,221.75,221.64500427246094,221.7100067138672,46123
2025-10-01 19:10:00,221.61500549316406,221.6649932861328,221.60470581054688,221.66000366210938,35213
2025-10-01 19:11:00,221.41000366210938,221.61500549316406,221.39999389648438,221.61500549316406,62761
2025-10-01 19:12:00,221.39999389648438,221.43910217285156,221.35499572753906,221.4199981689453,49726
2025-10-01 19:13:00,221.47000122070312,221.47000122070312,221.3800048828125,221.41000366210938,57842
2025-10-01 19:14:00,221.47999572753906,221.514404296875,221.4199981689453,221.4499969482422,50067
2025-10-01 19:15:00,221.3300018310547,221.47999572753906,221.310302734375,221.47030639648438,73230
2025-10-01 19:16:00,221.19000244140625,221.34300231933594,221.1699981689453,221.33489990234375,88708
2025-10-01 19:17:00,221.0800018310547,221.19000244140625,221.05999755859375,221.19000244140625,68432
2025-10-01 19:18:00,221.125,221.12869262695312,220.99000549316406,221.07000732421875,107281
2025-10-01 19:19:00,220.8634033203125,221.15499877929688,220.86000061035156,221.125,106263
2025-10-01 19:20:00,220.88499450683594,220.88999938964844,220.82000732421875,220.8699951171875,105265
2025-10-01 19:21:00,220.82000732421875,220.91000366210938,220.77999877929688,220.8800048828125,109917
2025-10-01 19:22:00,220.88999938964844,220.89999389648438,220.75,220.8166961669922,96128
2025-10-01 19:23:00,220.83999633789062,220.89999389648438,220.8000030517578,220.89999389648438,59706
2025-10-01 19:24:00,220.8179931640625,220.86500549316406,220.78370666503906,220.85000610351562,56914
2025-10-01 19:25:00,220.7899932861328,220.86000061035156,220.7449951171875,220.81500244140625,76510
2025-10-01 19:26:00,220.77999877929688,220.86000061035156,220.7301025390625,220.79989624023438,58851
2025-10-01 19:27:00,220.79299926757812,220.8000030517578,220.72000122070312,220.77999877929688,60564
2025-10-01 19:28:00,220.7899932861328,220.80999755859375,220.74000549316406,220.78439331054688,59709
2025-10-01 19:29:00,220.875,220.89999389648438,220.7899932861328,220.7899932861328,77935
2025-10-01 19:30:00,220.802001953125,220.8800048828125,220.77499389648438,220.8800048828125,66668
2025-10-01 19:31:00,220.77349853515625,220.80499267578125,220.74000549316406,220.8000030517578,60440
2025-10-01 19:32:00,220.72999572753906,220.7855987548828,220.69000244140625,220.7855987548828,60597
2025-10-01 19:33:00,220.75999450683594,220.7949981689453,220.6999969482422,220.73919677734375,63208
2025-10-01 19:34:00,220.86000061035156,220.86000061035156,220.7550048828125,220.76499938964844,80322
2025-10-01 19:35:00,220.8155059814453,220.8800048828125,220.77000427246094,220.8699951171875,73028
2025-10-01 19:36:00,220.75999450683594,220.8699951171875,220.73500061035156,220.80999755859375,77116
2025-10-01 19:37:00,220.7100067138672,220.8000030517578,220.6699981689453,220.75999450683594,56303
2025-10-01 19:38:00,220.6999969482422,220.74000549316406,220.64999389648438,220.6999053955078,64322
2025-10-01 19:39:00,220.68499755859375,220.7100067138672,220.65499877929688,220.7100067138672,62869
2025-10-01 19:40:00,220.67999267578125,220.6999969482422,220.64500427246094,220.68499755859375,86005
2025-10-01 19:41:00,220.69000244140625,220.7100067138672,220.66000366210938,220.6645965576172,59749
2025-10-01 19:42:00,220.6649932861328,220.72500610351562,220.63999938964844,220.67999267578125,92338
2025-10-01 19:43:00,220.4949951171875,220.6999969482422,220.47999572753906,220.67649841308594,124077
2025-10-01 19:44:00,220.44000244140625,220.50999450683594,220.33999633789062,220.5,91168
2025-10-01 19:45:00,220.3699951171875,220.44000244140625,220.25999450683594,220.43499755859375,114420
2025-10-01 19:46:00,220.44000244140625,220.44000244140625,220.35499572753906,220.3699951171875,105126
2025-10-01 19:47:00,220.4600067138672,220.5050048828125,220.42349243164062,220.42999267578125,79957
2025-10-01 19:48:00,220.4199981689453,220.46910095214844,220.24000549316406,220.46499633789062,141848
2025-10-01 19:49:00,220.41000366210938,220.42999267578125,220.33999633789062,220.41000366210938,83857
2025-10-01 19:50:00,220.27499389648438,220.4600067138672,220.22000122070312,220.42999267578125,140548
2025-10-01 19:51:00,220.22000122070312,220.27999877929688,220.13999938964844,220.27000427246094,157980
2025-10-01 19:52:00,220.3000030517578,220.35000610351562,220.14999389648438,220.22500610351562,103801
2025-10-01 19:53:00,220.22000122070312,220.3300018310547,220.14999389648438,220.2949981689453,160632
2025-10-01 19:54:00,220.1772003173828,220.35000610351562,219.93099975585938,220.2100067138672,256912
2025-10-01 19:55:00,220.5,220.50999450683594,220.19000244140625,220.1999969482422,287511
2025-10-01 19:56:00,220.6699981689453,220.72000122070312,220.48899841308594,220.4949951171875,313290
2025-10-01 19:57:00,220.841796875,220.85000610351562,220.58999633789062,220.6649932861328,292882
2025-10-01 19:58:00,220.82000732421875,220.8699951171875,220.77499389648438,220.84860229492188,242761
2025-10-01 19:59:00,220.60000610351562,220.82000732421875,220.60000610351562,220.82000732421875,467271
2025-10-02 13:30:00,220.63999938964844,221.22999572753906,220.61000061035156,220.9499969482422,1720632
2025-10-02 13:31:00,220.52499389648438,221.00999450683594,220.47000122070312,220.6199951171875,275530
2025-10-02 13:32:00,220.4149932861328,220.5500030517578,220.2899932861328,220.5500030517578,80555
2025-10-02 13:33:00,219.63499450683594,220.0050048828125,219.5399932861328,219.91000366210938,657869
2025-10-02 13:34:00,219.5449981689453,219.98989868164062,219.5074005126953,219.64500427246094,223752
2025-10-02 13:35:00,219.49330139160156,219.80999755859375,219.39999389648438,219.52999877929688,309390
2025-10-02 13:36:00,219.3000030517578,219.57000732421875,219.27000427246094,219.4600067138672,221950
2025-10-02 13:37:00,219.0800018310547,219.44000244140625,219.0500946044922,219.29989624023438,264132
2025-10-02 13:38:00,219.03500366210938,219.27000427246094,218.94900512695312,219.07000732421875,315545
2025-10-02 13:39:00,219.39739990234375,219.48500061035156,218.98500061035156,219.0449981689453,215700
2025-10-02 13:40:00,219.1071014404297,219.39999389648438,219.0500030517578,219.3699951171875,200247
2025-10-02 13:41:00,219.09860229492188,219.31019592285156,219.00999450683594,219.0832977294922,169113
2025-10-02 13:42:00,219.27000427246094,219.30990600585938,219.04580688476562,219.097900390625,137358
2025-10-02 13:43:00,219.17999267578125,219.27000427246094,219.11000061035156,219.25030517578125,113189
2025-10-02 13:44:00,219.60000610351562,219.60000610351562,219.14500427246094,219.1793975830078,165855
2025-10-02 13:45:00,219.69500732421875,219.77000427246094,219.50999450683594,219.60000610351562,0
2025-10-02 13:46:00,219.7799072265625,219.86990356445312,219.6300048828125,219.69000244140625,2066384
2025-10-02 13:47:00,219.82530212402344,219.86300659179688,219.64500427246094,219.77999877929688,143571
2025-10-02 13:48:00,219.81689453125,219.88999938964844,219.74000549316406,219.82000732421875,182532
2025-10-02 13:49:00,219.4499969482422,219.91000366210938,219.4199981689453,219.82000732421875,184344
2025-10-02 13:50:00,219.32000732421875,219.5299072265625,219.2801055908203,219.4499969482422,136657
2025-10-02 13:51:00,219.52000427246094,219.5500030517578,219.32440185546875,219.3300018310547,98035
2025-10-02 13:52:00,219.61000061035156,219.61000061035156,219.3300018310547,219.52999877929688,141467
2025-10-02 13:53:00,219.57000732421875,219.75,219.5399932861328,219.6300048828125,119463
2025-10-02 13:54:00,219.35000610351562,219.55999755859375,219.33999633789062,219.5399932861328,126429
2025-10-02 13:55:00,219.1999053955078,219.44000244140625,219.08999633789062,219.35989379882812,162519
2025-10-02 13:56:00,219.35899353027344,219.3800048828125,219.1199951171875,219.19000244140625,112785
2025-10-02 13:57:00,219.58999633789062,219.58999633789062,219.35000610351562,219.35000610351562,109996
2025-10-02 13:58:00,219.5800018310547,219.58999633789062,219.4550018310547,219.57000732421875,84887
2025-10-02 13:59:00,219.68499755859375,219.6992950439453,219.52999877929688,219.5800018310547,82730
2025-10-02 14:00:00,219.53070068359375,219.67999267578125,219.33999633789062,219.67999267578125,131946
2025-10-02 14:01:00,219.41000366210938,219.53990173339844,219.3300018310547,219.50999450683594,101942
2025-10-02 14:02:00,219.3218994140625,219.41000366210938,219.11500549316406,219.39999389648438,196667
2025-10-02 14:03:00,219.45449829101562,219.52000427246094,219.27059936523438,219.3249969482422,133690
2025-10-02 14:04:00,219.5800018310547,219.60000610351562,219.3350067138672,219.48500061035156,102786
2025-10-02 14:05:00,219.74000549316406,219.74000549316406,219.52450561523438,219.57000732421875,103007
2025-10-02 14:06:00,219.69500732421875,219.7498016357422,219.56500244140625,219.72999572753906,118124
2025-10-02 14:07:00,219.81350708007812,219.8699951171875,219.6199951171875,219.70970153808594,115126
2025-10-02 14:08:00,219.86500549316406,219.88999938964844,219.75010681152344,219.80999755859375,124682
2025-10-02 14:09:00,219.85000610351562,220.0399932861328,219.8000030517578,219.8699951171875,243313
2025-10-02 14:10:00,219.89500427246094,220.0500030517578,219.85000610351562,219.85000610351562,193404
2025-10-02 14:11:00,220.02999877929688,220.02999877929688,219.8000030517578,219.89869689941406,191391
2025-10-02 14:12:00,220.25929260253906,220.3000030517578,219.9300994873047,220.02000427246094,186439
2025-10-02 14:13:00,220.2194061279297,220.38999938964844,220.21730041503906,220.25,130973
2025-10-02 14:14:00,220.24000549316406,220.3000030517578,220.02999877929688,220.2100067138672,147530
2025-10-02 14:15:00,220.22000122070312,220.27000427246094,220.16000366210938,220.2386016845703,144422
2025-10-02 14:16:00,220.38499450683594,220.47000122070312,220.1649932861328,220.22999572753906,110224
2025-10-02 14:17:00,220.37899780273438,220.49000549316406,220.36000061035156,220.39999389648438,105858
2025-10-02 14:18:00,220.40499877929688,220.5,220.3300018310547,220.375,88671
2025-10-02 14:19:00,220.05499267578125,220.41000366210938,220.0449981689453,220.41000366210938,81533
2025-10-02 14:20:00,219.83999633789062,220.0749969482422,219.77000427246094,220.0500030517578,116648
2025-10-02 14:21:00,220.27000427246094,220.28529357910156,219.8800048828125,219.8800048828125,81103
2025-10-02 14:22:00,220.1999053955078,220.2899932861328,220.09500122070312,220.26499938964844,78584
2025-10-02 14:23:00,220.5,220.52000427246094,220.19000244140625,220.19580078125,123219
2025-10-02 14:24:00,220.54840087890625,220.5749969482422,220.4199981689453,220.49000549316406,94640
2025-10-02 14:25:00,220.47000122070312,220.6199951171875,220.4423065185547,220.55999755859375,124022
2025-10-02 14:26:00,220.58999633789062,220.63999938964844,220.39999389648438,220.47999572753906,121314
2025-10-02 14:27:00,220.74989318847656,220.74989318847656,220.55999755859375,220.5800018310547,127609
2025-10-02 14:28:00,220.75,220.8800048828125,220.6894073486328,220.75,97790
2025-10-02 14:29:00,220.69009399414062,220.82989501953125,220.69000244140625,220.77000427246094,91820
2025-10-02 14:30:00,220.74749755859375,220.83999633789062,220.69500732421875,220.69500732421875,108854
2025-10-02 14:31:00,220.4499969482422,220.77999877929688,220.44000244140625,220.75469970703125,86279
2025-10-02 14:32:00,220.52499389648438,220.61000061035156,220.4600067138672,220.47000122070312,95288
2025-10-02 14:33:00,220.57000732421875,220.72000122070312,220.5,220.50999450683594,113488
2025-10-02 14:34:00,220.56500244140625,220.61500549316406,220.4499969482422,220.57000732421875,111796
2025-10-02 14:35:00,220.49009704589844,220.5699005126953,220.47999572753906,220.5399932861328,75454
2025-10-02 14:36:00,220.6300048828125,220.7187957763672,220.46499633789062,220.47999572753906,67783
2025-10-02 14:37:00,220.47950744628906,220.6199951171875,220.27499389648438,220.6199951171875,193485
2025-10-02 14:38:00,220.4499969482422,220.50999450683594,220.36500549316406,220.4727020263672,67941
2025-10-02 14:39:00,220.47999572753906,220.5,220.4199981689453,220.44000244140625,50247
2025-10-02 14:40:00,220.69369506835938,220.69369506835938,220.4600067138672,220.4600067138672,68778
2025-10-02 14:41:00,220.53500366210938,220.75,220.47000122070312,220.67999267578125,72552
2025-10-02 14:42:00,220.7100067138672,220.72999572753906,220.52499389648438,220.5399932861328,55900
2025-10-02 14:43:00,220.47500610351562,220.71499633789062,220.46139526367188,220.70030212402344,71113
2025-10-02 14:44:00,220.39999389648438,220.49000549316406,220.2899932861328,220.47000122070312,95860
2025-10-02 14:45:00,220.18899536132812,220.44000244140625,220.16000366210938,220.37680053710938,76740
2025-10-02 14:46:00,220.0800018310547,220.22000122070312,220.05999755859375,220.18080139160156,84625
2025-10-02 14:47:00,220.18899536132812,220.1999969482422,220.05999755859375,220.07870483398438,84184
2025-10-02 14:48:00,220.25999450683594,220.2906036376953,220.17999267578125,220.17999267578125,56525
2025-10-02 14:49:00,220.17999267578125,220.2899932861328,220.1300048828125,220.2899932861328,56810
2025-10-02 14:50:00,220.02000427246094,220.2100067138672,220.01499938964844,220.2100067138672,65234
2025-10-02 14:51:00,220.0399932861328,220.11500549316406,220.00999450683594,220.02999877929688,56213
2025-10-02 14:52:00,220.1199951171875,220.13999938964844,220.02000427246094,220.05999755859375,59910
2025-10-02 14:53:00,220.10000610351562,220.1199951171875,220.02999877929688,220.1199951171875,55793
2025-10-02 14:54:00,219.9149932861328,220.10000610351562,219.89999389648438,220.08999633789062,103202
2025-10-02 14:55:00,219.97259521484375,220.0399932861328,219.9199981689453,219.92999267578125,44815
2025-10-02 14:56:00,220.00999450683594,220.00999450683594,219.8800048828125,219.92999267578125,99998
2025-10-02 14:57:00,220.1199951171875,220.13999938964844,219.95620727539062,220.02999877929688,61852
2025-10-02 14:58:00,220.1699981689453,220.22000122070312,220.0449981689453,220.11000061035156,53367
2025-10-02 14:59:00,220.17999267578125,220.22500610351562,220.14999389648438,220.19000244140625,69563
2025-10-02 15:00:00,220.3699951171875,220.3699951171875,220.08009338378906,220.19500732421875,117427
2025-10-02 15:01:00,220.14500427246094,220.360107421875,220.11090087890625,220.360107421875,128083
2025-10-02 15:02:00,220.02000427246094,220.14500427246094,219.98500061035156,220.13999938964844,94844
2025-10-02 15:03:00,220.11000061035156,220.14999389648438,220.00999450683594,220.00999450683594,66913
2025-10-02 15:04:00,220.1199951171875,220.2100067138672,220.05099487304688,220.1199951171875,92595
2025-10-02 15:05:00,220.2050018310547,220.35000610351562,220.1199951171875,220.1199951171875,85672
2025-10-02 15:06:00,220.4499053955078,220.47000122070312,220.22000122070312,220.22999572753906,81262
2025-10-02 15:07:00,220.4949951171875,220.5500030517578,220.44500732421875,220.44500732421875,84514
2025-10-02 15:08:00,220.57350158691406,220.5800018310547,220.4600067138672,220.47000122070312,61675
2025-10-02 15:09:00,220.60499572753906,220.63499450683594,220.5,220.58929443359375,74889
2025-10-02 15:10:00,220.7100067138672,220.71499633789062,220.57009887695312,220.60499572753906,127956
2025-10-02 15:11:00,220.760498046875,220.7899932861328,220.63999938964844,220.6999969482422,80273
2025-10-02 15:12:00,220.6199951171875,220.77999877929688,220.59500122070312,220.7449951171875,72384
2025-10-02 15:13:00,220.7050018310547,220.78500366210938,220.60000610351562,220.63999938964844,57903
2025-10-02 15:14:00,220.66220092773438,220.74000549316406,220.64999389648438,220.6999969482422,56895
2025-10-02 15:15:00,220.64019775390625,220.66000366210938,220.49009704589844,220.66000366210938,87824
2025-10-02 15:16:00,220.6199951171875,220.66000366210938,220.61500549316406,220.64999389648438,66903
2025-10-02 15:17:00,220.5800018310547,220.71620178222656,220.54010009765625,220.6199951171875,81577
2025-10-02 15:18:00,220.5749969482422,220.58999633789062,220.44500732421875,220.57000732421875,69379
2025-10-02 15:19:00,220.5800018310547,220.61000061035156,220.53500366210938,220.5749969482422,47691
2025-10-02 15:20:00,220.35000610351562,220.5500030517578,220.3300018310547,220.5500030517578,85954
2025-10-02 15:21:00,220.39999389648438,220.4886932373047,220.34300231933594,220.35000610351562,58286
2025-10-02 15:22:00,220.75,220.75,220.33999633789062,220.41000366210938,68854
2025-10-02 15:23:00,220.74000549316406,220.83990478515625,220.68299865722656,220.7449951171875,73302
2025-10-02 15:24:00,220.72999572753906,220.80999755859375,220.72000122070312,220.75,66728
2025-10-02 15:25:00,220.66000366210938,220.76499938964844,220.64999389648438,220.73500061035156,50308
2025-10-02 15:26:00,220.66000366210938,220.7093963623047,220.63499450683594,220.66000366210938,41678
2025-10-02 15:27:00,220.73500061035156,220.74000549316406,220.6300048828125,220.68499755859375,72903
2025-10-02 15:28:00,220.66000366210938,220.75,220.60000610351562,220.73500061035156,126466
2025-10-02 15:29:00,220.52999877929688,220.7799072265625,220.52499389648438,220.66000366210938,72430
2025-10-02 15:30:00,220.38999938964844,220.5399932861328,220.33090209960938,220.5,68685
2025-10-02 15:31:00,220.3699951171875,220.41000366210938,220.32000732421875,220.39500427246094,55981
2025-10-02 15:32:00,220.43089294433594,220.4344940185547,220.32000732421875,220.36000061035156,76606
2025-10-02 15:33:00,220.52499389648438,220.5399932861328,220.38999938964844,220.42999267578125,64330
2025-10-02 15:34:00,220.60000610351562,220.61000061035156,220.5133056640625,220.5198974609375,52994
2025-10-02 15:35:00,220.69000244140625,220.7100067138672,220.58999633789062,220.6092987060547,81533
2025-10-02 15:36:00,220.76449584960938,220.7899932861328,220.6750030517578,220.6750030517578,69193
2025-10-02 15:37:00,220.61500549316406,220.82000732421875,220.5500030517578,220.75999450683594,100136
2025-10-02 15:38:00,220.69000244140625,220.7449951171875,220.6199951171875,220.62600708007812,79423
2025-10-02 15:39:00,220.77980041503906,220.80999755859375,220.68429565429688,220.69000244140625,65928
2025-10-02 15:40:00,220.88760375976562,220.91000366210938,220.75,220.75999450683594,85896
2025-10-02 15:41:00,220.63999938964844,221.0299072265625,220.63999938964844,220.90499877929688,185827
2025-10-02 15:42:00,220.59500122070312,220.69309997558594,220.50010681152344,220.66000366210938,72300
2025-10-02 15:43:00,220.70010375976562,220.7198944091797,220.5886993408203,220.59500122070312,43967
2025-10-02 15:44:00,220.72000122070312,220.75999450683594,220.67999267578125,220.6999969482422,51659
2025-10-02 15:45:00,220.9250030517578,220.9597930908203,220.7050018310547,220.72000122070312,82525
2025-10-02 15:46:00,220.82000732421875,220.9199981689453,220.77999877929688,220.9199981689453,57294
2025-10-02 15:47:00,220.6678009033203,220.8300018310547,220.6414031982422,220.82000732421875,50329
2025-10-02 15:48:00,220.58999633789062,220.6699981689453,220.58999633789062,220.6699981689453,55095
2025-10-02 15:49:00,220.7100067138672,220.7906036376953,220.59010314941406,220.59559631347656,45157
2025-10-02 15:50:00,220.7949981689453,220.7949981689453,220.69259643554688,220.6999969482422,32177
2025-10-02 15:51:00,220.62010192871094,220.7899932861328,220.61000061035156,220.7899932861328,47731
2025-10-02 15:52:00,220.85000610351562,220.85000610351562,220.6136016845703,220.6300048828125,88061
2025-10-02 15:53:00,220.90499877929688,220.91000366210938,220.80499267578125,220.85000610351562,69532
2025-10-02 15:54:00,220.99000549316406,220.99000549316406,220.8699951171875,220.90859985351562,42792
2025-10-02 15:55:00,221.21499633789062,221.22000122070312,220.99000549316406,221.0,90962
2025-10-02 15:56:00,221.44000244140625,221.4600067138672,221.22000122070312,221.22000122070312,109450
2025-10-02 15:57:00,221.5113983154297,221.61000061035156,221.42999267578125,221.4499969482422,285617
2025-10-02 15:58:00,221.52059936523438,221.55999755859375,221.44000244140625,221.52000427246094,85064
2025-10-02 15:59:00,221.42999267578125,221.52999877929688,221.3800048828125,221.52000427246094,53395
2025-10-02 16:00:00,221.22999572753906,221.42999267578125,221.1699981689453,221.4290008544922,132679
2025-10-02 16:01:00,221.32000732421875,221.3249969482422,221.1999969482422,221.24000549316406,91115
2025-10-02 16:02:00,221.33999633789062,221.41000366210938,221.31500244140625,221.31500244140625,46808
2025-10-02 16:03:00,221.3699951171875,221.38499450683594,221.3249969482422,221.33999633789062,34045
2025-10-02 16:04:00,221.32000732421875,221.4199981689453,221.3000030517578,221.37989807128906,51060
2025-10-02 16:05:00,221.28500366210938,221.3249969482422,221.10000610351562,221.3249969482422,67651
2025-10-02 16:06:00,221.3249969482422,221.41000366210938,221.2899932861328,221.2899932861328,42119
2025-10-02 16:07:00,221.4199981689453,221.4199981689453,221.32000732421875,221.32000732421875,37519
2025-10-02 16:08:00,221.35000610351562,221.44000244140625,221.35000610351562,221.42999267578125,41843
2025-10-02 16:09:00,221.44000244140625,221.44000244140625,221.35000610351562,221.3699951171875,41271
2025-10-02 16:10:00,221.30999755859375,221.4199981689453,221.3000030517578,221.41000366210938,41833
2025-10-02 16:11:00,221.37100219726562,221.4199981689453,221.25999450683594,221.30999755859375,37411
2025-10-02 16:12:00,221.3800048828125,221.4149932861328,221.35000610351562,221.3699951171875,31615
2025-10-02 16:13:00,221.4073028564453,221.44000244140625,221.35499572753906,221.3699951171875,38583
2025-10-02 16:14:00,221.4113006591797,221.42999267578125,221.36000061035156,221.39999389648438,48514
2025-10-02 16:15:00,221.5800018310547,221.58999633789062,221.41250610351562,221.4199981689453,92010
2025-10-02 16:16:00,221.689697265625,221.69500732421875,221.52000427246094,221.5800018310547,95090
2025-10-02 16:17:00,221.58580017089844,221.80499267578125,221.5399932861328,221.68499755859375,108506
2025-10-02 16:18:00,221.60000610351562,221.67999267578125,221.57000732421875,221.57000732421875,65473
2025-10-02 16:19:00,221.75,221.75999450683594,221.60499572753906,221.61000061035156,71024
2025-10-02 16:20:00,221.7834930419922,221.8800048828125,221.72000122070312,221.75,75804
2025-10-02 16:21:00,221.5500030517578,221.80499267578125,221.52000427246094,221.7899932861328,70853
2025-10-02 16:22:00,221.68499755859375,221.72999572753906,221.57989501953125,221.57989501953125,51028
2025-10-02 16:23:00,221.77000427246094,221.80599975585938,221.67999267578125,221.69000244140625,47418
2025-10-02 16:24:00,221.97999572753906,221.99000549316406,221.6999969482422,221.75999450683594,134254
2025-10-02 16:25:00,222.05999755859375,222.07000732421875,221.97000122070312,221.97999572753906,176219
2025-10-02 16:26:00,222.02999877929688,222.10000610351562,222.02999877929688,222.07000732421875,119939
2025-10-02 16:27:00,222.0540008544922,222.13999938964844,222.02000427246094,222.02499389648438,96487
2025-10-02 16:28:00,222.27999877929688,222.30499267578125,222.05999755859375,222.05999755859375,127894
2025-10-02 16:29:00,222.2899932861328,222.35499572753906,222.2550048828125,222.30999755859375,124186
2025-10-02 16:30:00,222.14610290527344,222.33999633789062,222.1300048828125,222.27999877929688,85760
2025-10-02 16:31:00,222.28439331054688,222.3249969482422,222.07000732421875,222.14999389648438,154197
2025-10-02 16:32:00,222.20120239257812,222.3000030517578,222.20120239257812,222.27000427246094,64271
2025-10-02 16:33:00,222.19009399414062,222.27720642089844,222.14500427246094,222.19000244140625,65606
2025-10-02 16:34:00,222.35000610351562,222.3997039794922,222.2100067138672,222.2100067138672,107965
2025-10-02 16:35:00,222.3699951171875,222.39559936523438,222.27000427246094,222.34500122070312,84790
2025-10-02 16:36:00,222.17999267578125,222.37989807128906,222.16940307617188,222.37899780273438,67739
2025-10-02 16:37:00,222.0489959716797,222.19129943847656,222.02999877929688,222.19000244140625,68320
2025-10-02 16:38:00,222.26060485839844,222.27999877929688,222.0301055908203,222.03500366210938,85360
2025-10-02 16:39:00,222.13999938964844,222.30999755859375,222.13999938964844,222.25,75647
2025-10-02 16:40:00,222.05999755859375,222.1699981689453,222.05999755859375,222.14999389648438,56249
2025-10-02 16:41:00,222.05999755859375,222.10009765625,222.0399932861328,222.04010009765625,58425
2025-10-02 16:42:00,222.13999938964844,222.22999572753906,222.05230712890625,222.05999755859375,60415
2025-10-02 16:43:00,222.19119262695312,222.22999572753906,222.1199951171875,222.1300048828125,58238
2025-10-02 16:44:00,222.08999633789062,222.17999267578125,222.07000732421875,222.17999267578125,49487
2025-10-02 16:45:00,222.21499633789062,222.24000549316406,222.0800018310547,222.08999633789062,61510
2025-10-02 16:46:00,222.0500030517578,222.25,222.0500030517578,222.21499633789062,83931
2025-10-02 16:47:00,221.97999572753906,222.05999755859375,221.92999267578125,222.0500030517578,79939
2025-10-02 16:48:00,222.0399932861328,222.07000732421875,221.92999267578125,221.99000549316406,85113
2025-10-02 16:49:00,222.00900268554688,222.08999633789062,222.0050048828125,222.03500366210938,51867
2025-10-02 16:50:00,222.08990478515625,222.08990478515625,222.00999450683594,222.02000427246094,48979
2025-10-02 16:51:00,222.0,222.14669799804688,221.97940063476562,222.07000732421875,58077
2025-10-02 16:52:00,221.93099975585938,222.0,221.9123992919922,221.97999572753906,36111
2025-10-02 16:53:00,221.968994140625,221.968994140625,221.8699951171875,221.92999267578125,55833
2025-10-02 16:54:00,222.02450561523438,222.02999877929688,221.9499969482422,221.9600067138672,39912
2025-10-02 16:55:00,221.99000549316406,222.02499389648438,221.94000244140625,222.02499389648438,37303
2025-10-02 16:56:00,221.9644012451172,222.02000427246094,221.947998046875,221.98989868164062,40166
2025-10-02 16:57:00,221.97500610351562,221.99000549316406,221.9346923828125,221.9600067138672,32735
2025-10-02 16:58:00,221.97999572753906,222.02999877929688,221.94000244140625,221.97999572753906,55099
2025-10-02 16:59:00,222.00559997558594,222.00999450683594,221.92999267578125,221.9700927734375,59935
2025-10-02 17:00:00,221.94500732421875,222.0500030517578,221.92999267578125,222.0,66011
2025-10-02 17:01:00,221.94000244140625,222.02000427246094,221.94000244140625,221.9499969482422,38156
2025-10-02 17:02:00,221.968994140625,221.97999572753906,221.9199981689453,221.94500732421875,33523
2025-10-02 17:03:00,221.9949951171875,221.9949951171875,221.92999267578125,221.96499633789062,37512
2025-10-02 17:04:00,221.80099487304688,222.0050048828125,221.77999877929688,221.9949951171875,74914
2025-10-02 17:05:00,221.82000732421875,221.8300018310547,221.75999450683594,221.79010009765625,49483
2025-10-02 17:06:00,221.8300018310547,221.85000610351562,221.7801055908203,221.80999755859375,29404
2025-10-02 17:07:00,221.91000366210938,221.91000366210938,221.81500244140625,221.8249969482422,59652
2025-10-02 17:08:00,222.02549743652344,222.02999877929688,221.8800048828125,221.9199981689453,101953
2025-10-02 17:09:00,222.14999389648438,222.14999389648438,222.0,222.01499938964844,67502
2025-10-02 17:10:00,222.3800048828125,222.4199981689453,222.14999389648438,222.14999389648438,117933
2025-10-02 17:11:00,222.4250030517578,222.4600067138672,222.36000061035156,222.3800048828125,74193
2025-10-02 17:12:00,222.5500946044922,222.58999633789062,222.4022979736328,222.42999267578125,176028
2025-10-02 17:13:00,222.67990112304688,222.67999267578125,222.56500244140625,222.56500244140625,100524
2025-10-02 17:14:00,222.6699981689453,222.7100067138672,222.61500549316406,222.67999267578125,72323
2025-10-02 17:15:00,222.47999572753906,222.66990661621094,222.47000122070312,222.64999389648438,84365
2025-10-02 17:16:00,222.5399932861328,222.55250549316406,222.45010375976562,222.46029663085938,37078
2025-10-02 17:17:00,222.4600067138672,222.5364990234375,222.4199981689453,222.53500366210938,61754
2025-10-02 17:18:00,222.41000366210938,222.4600067138672,222.36959838867188,222.4499969482422,64462
2025-10-02 17:19:00,222.31910705566406,222.4499969482422,222.2906951904297,222.41000366210938,69148
2025-10-02 17:20:00,222.33999633789062,222.35220336914062,222.27000427246094,222.32000732421875,39186
2025-10-02 17:21:00,222.33999633789062,222.38999938964844,222.3300018310547,222.34449768066406,38800
2025-10-02 17:22:00,222.52999877929688,222.52999877929688,222.3350067138672,222.3350067138672,82287
2025-10-02 17:23:00,222.5449981689453,222.56500244140625,222.50999450683594,222.5399932861328,48894
2025-10-02 17:24:00,222.52000427246094,222.5399932861328,222.48500061035156,222.5399932861328,41522
2025-10-02 17:25:00,222.52000427246094,222.5699005126953,222.47000122070312,222.50999450683594,57710
2025-10-02 17:26:00,222.46499633789062,222.5399932861328,222.4499969482422,222.5312957763672,30675
2025-10-02 17:27:00,222.47000122070312,222.50990295410156,222.4199981689453,222.4698944091797,43884
2025-10-02 17:28:00,222.46580505371094,222.47999572753906,222.38999938964844,222.47999572753906,43465
2025-10-02 17:29:00,222.47000122070312,222.52059936523438,222.4250030517578,222.4600067138672,41081
2025-10-02 17:30:00,222.38999938964844,222.5,222.3800048828125,222.47439575195312,44368
2025-10-02 17:31:00,222.61000061035156,222.61000061035156,222.38009643554688,222.38009643554688,44661
2025-10-02 17:32:00,222.72999572753906,222.77000427246094,222.6042022705078,222.61000061035156,94953
2025-10-02 17:33:00,222.77000427246094,222.80999755859375,222.72000122070312,222.75999450683594,120878
2025-10-02 17:34:00,222.64999389648438,222.77000427246094,222.60000610351562,222.77000427246094,84528
2025-10-02 17:35:00,222.49000549316406,222.6656036376953,222.4718017578125,222.6497039794922,61415
2025-10-02 17:36:00,222.52999877929688,222.5699005126953,222.47999572753906,222.49989318847656,58482
2025-10-02 17:37:00,222.5399932861328,222.60740661621094,222.51499938964844,222.5301055908203,44410
2025-10-02 17:38:00,222.5,222.61000061035156,222.4779052734375,222.52999877929688,63150
2025-10-02 17:39:00,222.4886932373047,222.5500030517578,222.42999267578125,222.47999572753906,49899
2025-10-02 17:40:00,222.52999877929688,222.5399932861328,222.41700744628906,222.49000549316406,45405
2025-10-02 17:41:00,222.47000122070312,222.5449981689453,222.4600067138672,222.5355987548828,42128
2025-10-02 17:42:00,222.5800018310547,222.58999633789062,222.46499633789062,222.47999572753906,53993
2025-10-02 17:43:00,222.52999877929688,222.57000732421875,222.50999450683594,222.57000732421875,48202
2025-10-02 17:44:00,222.5,222.53070068359375,222.47999572753906,222.51499938964844,44432
2025-10-02 17:45:00,222.44000244140625,222.5500030517578,222.42999267578125,222.4949951171875,32932
2025-10-02 17:46:00,222.35000610351562,222.4600067138672,222.3350067138672,222.44500732421875,37953
2025-10-02 17:47:00,222.2899932861328,222.33999633789062,222.25999450683594,222.33999633789062,44787
2025-10-02 17:48:00,222.3721923828125,222.3721923828125,222.25999450683594,222.29800415039062,37759
2025-10-02 17:49:00,222.31869506835938,222.4199981689453,222.27999877929688,222.3699951171875,38671
2025-10-02 17:50:00,222.2969970703125,222.3699951171875,222.2969970703125,222.30999755859375,31625
2025-10-02 17:51:00,222.32000732421875,222.35000610351562,222.26759338378906,222.2902069091797,45855
2025-10-02 17:52:00,222.33999633789062,222.36000061035156,222.27940368652344,222.32000732421875,40116
2025-10-02 17:53:00,222.42999267578125,222.47000122070312,222.3386993408203,222.3386993408203,41890
2025-10-02 17:54:00,222.3699951171875,222.45700073242188,222.3699951171875,222.4199981689453,26963
2025-10-02 17:55:00,222.322998046875,222.40440368652344,222.30999755859375,222.3699951171875,31172
2025-10-02 17:56:00,222.35499572753906,222.38999938964844,222.30999755859375,222.3300018310547,42662
2025-10-02 17:57:00,222.4499969482422,222.5,222.3699951171875,222.3699951171875,163585
2025-10-02 17:58:00,222.33999633789062,222.49989318847656,222.32589721679688,222.4550018310547,40486
2025-10-02 17:59:00,222.25,222.3699951171875,222.23089599609375,222.3444061279297,48243
2025-10-02 18:00:00,222.2050018310547,222.25,222.1699981689453,222.24000549316406,54472
2025-10-02 18:01:00,222.1999969482422,222.27699279785156,222.19000244140625,222.22000122070312,53659
2025-10-02 18:02:00,222.3300018310547,222.36000061035156,222.17999267578125,222.1999969482422,76088
2025-10-02 18:03:00,222.23500061035156,222.33999633789062,222.23500061035156,222.32620239257812,50006
2025-10-02 18:04:00,222.25,222.281005859375,222.2050018310547,222.22000122070312,48625
2025-10-02 18:05:00,222.25999450683594,222.3300018310547,222.17999267578125,222.25,65051
2025-10-02 18:06:00,222.2050018310547,222.27000427246094,222.1699981689453,222.27000427246094,48633
2025-10-02 18:07:00,222.27000427246094,222.31500244140625,222.19000244140625,222.1999969482422,57584
2025-10-02 18:08:00,222.3350067138672,222.36000061035156,222.25,222.26930236816406,43272
2025-10-02 18:09:00,222.36500549316406,222.36500549316406,222.3090057373047,222.3498992919922,31664
2025-10-02 18:10:00,222.39999389648438,222.47999572753906,222.3699951171875,222.3699951171875,86180
2025-10-02 18:11:00,222.19000244140625,222.41000366210938,222.17999267578125,222.41000366210938,80489
2025-10-02 18:12:00,222.25,222.2799072265625,222.17999267578125,222.1999969482422,43440
2025-10-02 18:13:00,222.2200927734375,222.326904296875,222.2200927734375,222.25,42645
2025-10-02 18:14:00,222.25990295410156,222.27999877929688,222.19439697265625,222.22779846191406,67890
2025-10-02 18:15:00,222.19000244140625,222.24000549316406,222.17300415039062,222.24000549316406,50687
2025-10-02 18:16:00,222.13499450683594,222.19000244140625,222.1002960205078,222.19000244140625,44519
2025-10-02 18:17:00,222.07000732421875,222.15130615234375,222.02999877929688,222.1300048828125,87265
2025-10-02 18:18:00,222.1199951171875,222.14450073242188,222.05499267578125,222.0800018310547,50421
2025-10-02 18:19:00,222.1300048828125,222.14999389648438,222.10499572753906,222.11000061035156,31120
2025-10-02 18:20:00,222.10499572753906,222.16000366210938,222.0800018310547,222.1199951171875,39523
2025-10-02 18:21:00,222.09500122070312,222.16000366210938,222.07000732421875,222.10000610351562,56698
2025-10-02 18:22:00,222.05999755859375,222.09140014648438,222.02000427246094,222.08999633789062,54443
2025-10-02 18:23:00,221.9499969482422,222.0850067138672,221.9499969482422,222.05990600585938,124497
2025-10-02 18:24:00,221.97999572753906,222.01840209960938,221.94000244140625,221.9600067138672,39818
2025-10-02 18:25:00,222.02999877929688,222.05560302734375,221.97999572753906,221.97999572753906,40023
2025-10-02 18:26:00,222.0258026123047,222.10000610351562,221.9949951171875,222.02149963378906,49761
2025-10-02 18:27:00,222.02000427246094,222.08999633789062,222.0,222.02000427246094,49891
2025-10-02 18:28:00,222.0050048828125,222.0800018310547,221.99009704589844,222.02499389648438,71651
2025-10-02 18:29:00,221.97000122070312,222.01499938964844,221.9499969482422,222.0050048828125,48488
2025-10-02 18:30:00,221.84500122070312,221.98500061035156,221.83999633789062,221.97390747070312,70173
2025-10-02 18:31:00,221.8647003173828,221.90989685058594,221.85000610351562,221.85499572753906,53111
2025-10-02 18:32:00,221.98500061035156,222.0,221.86500549316406,221.8656005859375,51090
2025-10-02 18:33:00,221.94000244140625,222.0050048828125,221.94000244140625,221.98899841308594,27453
2025-10-02 18:34:00,221.9499969482422,221.97000122070312,221.9250030517578,221.94070434570312,32459
2025-10-02 18:35:00,221.9250030517578,221.97000122070312,221.91000366210938,221.93499755859375,39922
2025-10-02 18:36:00,221.9499969482422,221.9600067138672,221.89999389648438,221.9199981689453,46976
2025-10-02 18:37:00,222.03860473632812,222.039306640625,221.92999267578125,221.94500732421875,34435
2025-10-02 18:38:00,222.02499389648438,222.14520263671875,222.0050048828125,222.03509521484375,64777
2025-10-02 18:39:00,222.0399932861328,222.0500030517578,222.0,222.02000427246094,50101
2025-10-02 18:40:00,222.02000427246094,222.05999755859375,221.9949951171875,222.03469848632812,303396
2025-10-02 18:41:00,222.0500030517578,222.08999633789062,222.02999877929688,222.0399932861328,32839
2025-10-02 18:42:00,221.9600067138672,222.03810119628906,221.94000244140625,222.02999877929688,49575
2025-10-02 18:43:00,221.97999572753906,222.00999450683594,221.9149932861328,221.97500610351562,32521
2025-10-02 18:44:00,221.99000549316406,222.01980590820312,221.9600067138672,221.97999572753906,31181
2025-10-02 18:45:00,221.98500061035156,222.0500030517578,221.97000122070312,221.98500061035156,45973
2025-10-02 18:46:00,221.96499633789062,222.02000427246094,221.95419311523438,221.99000549316406,46296
2025-10-02 18:47:00,221.9600067138672,221.97000122070312,221.9199981689453,221.9600067138672,43561
2025-10-02 18:48:00,221.98500061035156,221.99000549316406,221.9315948486328,221.9550018310547,28759
2025-10-02 18:49:00,221.9799041748047,222.05999755859375,221.96009826660156,221.98770141601562,60689
2025-10-02 18:50:00,221.94000244140625,222.00999450683594,221.93499755859375,221.97799682617188,51601
2025-10-02 18:51:00,221.91009521484375,221.97999572753906,221.88999938964844,221.93190002441406,55642
2025-10-02 18:52:00,222.14500427246094,222.14990234375,221.9199981689453,221.9250030517578,62521
2025-10-02 18:53:00,222.3000030517578,222.3300018310547,222.14999389648438,222.14999389648438,71893
2025-10-02 18:54:00,222.23500061035156,222.3000030517578,222.21060180664062,222.2801055908203,65666
2025-10-02 18:55:00,222.2899932861328,222.3000030517578,222.19009399414062,222.24000549316406,62911
2025-10-02 18:56:00,222.2050018310547,222.3000030517578,222.19000244140625,222.3000030517578,46671
2025-10-02 18:57:00,222.3000030517578,222.32000732421875,222.2100067138672,222.2100067138672,67242
2025-10-02 18:58:00,222.27000427246094,222.30650329589844,222.25,222.2899932861328,45423
2025-10-02 18:59:00,222.2899932861328,222.36000061035156,222.27000427246094,222.27000427246094,62221
2025-10-02 19:00:00,222.16000366210938,222.2949981689453,222.125,222.27499389648438,80131
2025-10-02 19:01:00,222.10000610351562,222.15499877929688,222.0500030517578,222.14999389648438,74603
2025-10-02 19:02:00,222.16000366210938,222.1855926513672,222.10499572753906,222.11500549316406,45043
2025-10-02 19:03:00,222.15499877929688,222.22000122070312,222.13009643554688,222.14999389648438,53145
2025-10-02 19:04:00,222.13999938964844,222.19000244140625,222.11500549316406,222.16929626464844,45554
2025-10-02 19:05:00,222.05999755859375,222.13499450683594,222.05499267578125,222.1199951171875,45470
2025-10-02 19:06:00,222.03509521484375,222.1199951171875,222.0,222.06500244140625,71427
2025-10-02 19:07:00,222.02000427246094,222.05999755859375,221.97999572753906,222.02999877929688,52364
2025-10-02 19:08:00,222.11500549316406,222.1199951171875,222.02000427246094,222.02000427246094,46919
2025-10-02 19:09:00,222.10000610351562,222.1300048828125,222.0800018310547,222.11500549316406,64594
2025-10-02 19:10:00,222.03709411621094,222.08999633789062,222.00999450683594,222.08999633789062,38870
2025-10-02 19:11:00,222.05859375,222.0615997314453,221.99000549316406,222.0399932861328,68649
2025-10-02 19:12:00,221.99000549316406,222.0699005126953,221.9600067138672,222.05999755859375,50064
2025-10-02 19:13:00,222.02999877929688,222.0399932861328,221.98500061035156,221.99000549316406,51858
2025-10-02 19:14:00,222.06509399414062,222.08990478515625,222.0,222.02220153808594,73126
2025-10-02 19:15:00,222.0301055908203,222.1199951171875,222.01499938964844,222.05999755859375,67558
2025-10-02 19:16:00,222.0146942138672,222.07000732421875,222.00999450683594,222.02999877929688,41411
2025-10-02 19:17:00,221.99000549316406,222.01499938964844,221.9199981689453,222.01499938964844,48631
2025-10-02 19:18:00,221.97500610351562,222.05499267578125,221.96499633789062,222.0,50776
2025-10-02 19:19:00,222.0,222.02430725097656,221.93580627441406,221.97999572753906,68814
2025-10-02 19:20:00,222.0153045654297,222.04559326171875,221.99000549316406,222.0,46429
2025-10-02 19:21:00,221.99000549316406,222.0330047607422,221.97950744628906,222.01499938964844,48904
2025-10-02 19:22:00,221.97000122070312,222.02000427246094,221.97000122070312,222.0,77191
2025-10-02 19:23:00,221.94500732421875,221.99000549316406,221.94500732421875,221.97000122070312,67551
2025-10-02 19:24:00,221.9241943359375,221.9600067138672,221.89999389648438,221.9499969482422,34676
2025-10-02 19:25:00,221.9250030517578,221.95700073242188,221.91000366210938,221.92999267578125,31607
2025-10-02 19:26:00,221.91000366210938,221.93499755859375,221.8800048828125,221.93499755859375,43470
2025-10-02 19:27:00,221.85000610351562,221.94000244140625,221.7899932861328,221.91000366210938,92953
2025-10-02 19:28:00,221.90499877929688,221.9149932861328,221.81500244140625,221.85499572753906,48318
2025-10-02 19:29:00,221.9149932861328,221.97500610351562,221.91000366210938,221.9199981689453,76193
2025-10-02 19:30:00,221.9600067138672,221.9799041748047,221.90350341796875,221.91000366210938,64444
2025-10-02 19:31:00,221.97500610351562,221.99000549316406,221.91439819335938,221.9499969482422,44677
2025-10-02 19:32:00,221.91000366210938,222.0,221.91000366210938,221.96499633789062,70598
2025-10-02 19:33:00,221.94500732421875,221.9600067138672,221.89999389648438,221.89999389648438,45932
2025-10-02 19:34:00,221.92999267578125,221.97000122070312,221.9145965576172,221.94000244140625,45619
2025-10-02 19:35:00,221.71499633789062,221.92999267578125,221.71009826660156,221.92999267578125,107421
2025-10-02 19:36:00,221.60499572753906,221.75,221.60000610351562,221.71499633789062,84327
2025-10-02 19:37:00,221.60000610351562,221.63999938964844,221.55999755859375,221.60499572753906,97017
2025-10-02 19:38:00,221.63499450683594,221.68499755859375,221.60000610351562,221.60000610351562,65613
2025-10-02 19:39:00,221.61500549316406,221.66000366210938,221.5800018310547,221.63499450683594,91877
2025-10-02 19:40:00,221.56500244140625,221.67999267578125,221.56500244140625,221.6020050048828,89905
2025-10-02 19:41:00,221.61000061035156,221.63999938964844,221.53030395507812,221.57000732421875,101707
2025-10-02 19:42:00,221.66000366210938,221.6999969482422,221.59109497070312,221.61000061035156,82718
2025-10-02 19:43:00,221.62899780273438,221.69000244140625,221.6199951171875,221.66000366210938,56918
2025-10-02 19:44:00,221.6699981689453,221.6999969482422,221.5915069580078,221.625,80101
2025-10-02 19:45:00,221.69000244140625,221.7449951171875,221.64999389648438,221.67999267578125,118975
2025-10-02 19:46:00,221.6750030517578,221.71499633789062,221.64419555664062,221.68190002441406,84464
2025-10-02 19:47:00,221.6562042236328,221.67750549316406,221.60000610351562,221.6750030517578,63788
2025-10-02 19:48:00,221.67999267578125,221.67999267578125,221.6199951171875,221.65499877929688,86813
2025-10-02 19:49:00,221.74000549316406,221.75,221.66859436035156,221.69000244140625,112690
2025-10-02 19:50:00,221.61000061035156,221.77000427246094,221.3800048828125,221.75,273726
2025-10-02 19:51:00,221.72999572753906,221.72999572753906,221.58999633789062,221.60000610351562,167763
2025-10-02 19:52:00,222.00999450683594,222.00999450683594,221.6815948486328,221.7292022705078,179971
2025-10-02 19:53:00,222.0399932861328,222.13999938964844,222.0,222.02000427246094,145075
2025-10-02 19:54:00,222.11000061035156,222.14990234375,221.99000549316406,222.0399932861328,146676
2025-10-02 19:55:00,222.19500732421875,222.3000030517578,222.11000061035156,222.1300048828125,247265
2025-10-02 19:56:00,222.33999633789062,222.35000610351562,222.19000244140625,222.2100067138672,211398
2025-10-02 19:57:00,222.4149932861328,222.4398956298828,222.3350067138672,222.33999633789062,233603
2025-10-02 19:58:00,222.4499969482422,222.5,222.41000366210938,222.4199981689453,290603
2025-10-02 19:59:00,222.41000366210938,222.5,222.39999389648438,222.44500732421875,667857
2025-10-03 13:30:00,223.6999969482422,223.86500549316406,223.17999267578125,223.42999267578125,1550601
2025-10-03 13:31:00,223.9250030517578,224.1999969482422,223.72999572753906,223.75,304836
2025-10-03 13:32:00,223.52940368652344,224.0850067138672,223.5,223.91000366210938,225145
2025-10-03 13:33:00,223.44000244140625,223.57000732421875,223.16000366210938,223.50999450683594,275944
2025-10-03 13:34:00,223.6699981689453,223.6699981689453,223.38999938964844,223.4499969482422,167453
2025-10-03 13:35:00,223.4748992919922,223.6699981689453,223.32000732421875,223.64999389648438,77476
2025-10-03 13:36:00,222.97000122070312,223.0800018310547,222.8800048828125,223.0800018310547,360400
2025-10-03 13:37:00,222.95899963378906,223.00999450683594,222.81640625,222.97000122070312,141016
2025-10-03 13:38:00,223.39779663085938,223.41000366210938,222.97999572753906,222.97999572753906,178965
2025-10-03 13:39:00,223.38999938964844,223.47999572753906,223.32000732421875,223.38999938964844,119606
2025-10-03 13:40:00,223.25,223.4290008544922,223.08999633789062,223.39300537109375,146287
2025-10-03 13:41:00,222.53030395507812,223.2899932861328,222.38009643554688,223.26759338378906,335938
2025-10-03 13:42:00,222.68460083007812,222.7799072265625,222.49000549316406,222.52999877929688,136721
2025-10-03 13:43:00,222.67999267578125,222.72999572753906,222.57000732421875,222.67730712890625,116974
2025-10-03 13:44:00,222.69000244140625,222.82989501953125,222.66000366210938,222.68890380859375,198280
2025-10-03 13:45:00,222.8350067138672,222.96629333496094,222.64999389648438,222.64999389648438,0
2025-10-03 13:46:00,222.8800048828125,222.92999267578125,222.75,222.83999633789062,1374225
2025-10-03 13:47:00,223.0749969482422,223.08999633789062,222.83270263671875,222.86000061035156,149172
2025-10-03 13:48:00,222.99000549316406,223.1199951171875,222.94000244140625,223.05999755859375,82897
2025-10-03 13:49:00,222.9550018310547,223.02999877929688,222.91000366210938,223.0,81207
2025-10-03 13:50:00,223.19500732421875,223.25,222.94500732421875,222.97000122070312,126508
2025-10-03 13:51:00,223.38999938964844,223.41000366210938,223.1699981689453,223.19500732421875,115906
2025-10-03 13:52:00,223.6645050048828,223.7100067138672,223.38999938964844,223.38999938964844,181410
2025-10-03 13:53:00,223.57000732421875,223.74000549316406,223.4600067138672,223.67140197753906,138048
2025-10-03 13:54:00,223.4739990234375,223.6199951171875,223.45010375976562,223.57989501953125,92000
2025-10-03 13:55:00,223.50999450683594,223.69500732421875,223.39999389648438,223.4600067138672,131350
2025-10-03 13:56:00,223.36000061035156,223.59500122070312,223.30999755859375,223.5050048828125,106305
2025-10-03 13:57:00,223.32000732421875,223.47999572753906,223.26100158691406,223.35499572753906,126489
2025-10-03 13:58:00,223.4499969482422,223.52000427246094,223.31500244140625,223.3300018310547,125084
2025-10-03 13:59:00,223.77999877929688,223.8249969482422,223.4499969482422,223.4499969482422,105527
2025-10-03 14:00:00,223.39999389648438,223.8249969482422,223.33009338378906,223.77999877929688,141490
2025-10-03 14:01:00,223.29310607910156,223.40499877929688,223.10000610351562,223.39999389648438,169058
2025-10-03 14:02:00,223.18409729003906,223.58999633789062,223.11500549316406,223.30999755859375,208888
2025-10-03 14:03:00,223.05470275878906,223.21499633789062,223.01950073242188,223.16000366210938,133466
2025-10-03 14:04:00,222.92999267578125,223.0399932861328,222.8699951171875,223.0399932861328,213034
2025-10-03 14:05:00,222.72999572753906,222.9199981689453,222.67999267578125,222.9199981689453,150858
2025-10-03 14:06:00,222.78680419921875,222.86900329589844,222.625,222.74000549316406,149867
2025-10-03 14:07:00,222.63999938964844,222.86500549316406,222.6199951171875,222.77999877929688,177315
2025-10-03 14:08:00,222.50010681152344,222.64999389648438,222.41000366210938,222.64720153808594,190906
2025-10-03 14:09:00,222.73500061035156,222.76260375976562,222.4499969482422,222.52000427246094,117392
2025-10-03 14:10:00,222.6699981689453,222.8455047607422,222.61000061035156,222.75,127308
2025-10-03 14:11:00,222.74549865722656,222.77000427246094,222.5399932861328,222.66000366210938,129387
2025-10-03 14:12:00,222.64700317382812,222.75999450683594,222.5800018310547,222.74000549316406,107655
2025-10-03 14:13:00,222.6750030517578,222.8300018310547,222.64999389648438,222.67999267578125,76397
2025-10-03 14:14:00,222.6699981689453,222.77000427246094,222.66000366210938,222.67999267578125,121554
2025-10-03 14:15:00,222.6699981689453,222.72000122070312,222.6300048828125,222.6699981689453,75781
2025-10-03 14:16:00,222.92999267578125,222.94349670410156,222.67649841308594,222.67649841308594,120465
2025-10-03 14:17:00,223.16000366210938,223.17999267578125,222.92999267578125,222.94000244140625,165451
2025-10-03 14:18:00,223.36520385742188,223.36520385742188,223.14500427246094,223.1584014892578,163428
2025-10-03 14:19:00,223.08509826660156,223.4199981689453,223.0749969482422,223.36000061035156,143150
2025-10-03 14:20:00,223.13999938964844,223.20440673828125,223.02000427246094,223.0800018310547,101686
2025-10-03 14:21:00,223.19000244140625,223.22000122070312,223.1199951171875,223.13999938964844,80595
2025-10-03 14:22:00,223.38999938964844,223.39999389648438,223.16000366210938,223.17999267578125,84849
2025-10-03 14:23:00,223.21420288085938,223.42999267578125,223.1999969482422,223.3800048828125,79721
2025-10-03 14:24:00,223.26339721679688,223.3000030517578,223.14999389648438,223.1999969482422,88750
2025-10-03 14:25:00,223.3300018310547,223.3300018310547,223.22999572753906,223.27000427246094,57810
2025-10-03 14:26:00,223.5399932861328,223.58999633789062,223.3300018310547,223.33900451660156,146881
2025-10-03 14:27:00,223.38499450683594,223.59100341796875,223.3470001220703,223.5399932861328,125266
2025-10-03 14:28:00,223.42010498046875,223.4770965576172,223.3300018310547,223.38999938964844,89472
2025-10-03 14:29:00,223.49000549316406,223.5449981689453,223.42999267578125,223.42999267578125,63822
2025-10-03 14:30:00,223.47000122070312,223.50999450683594,223.40440368652344,223.47000122070312,64950
2025-10-03 14:31:00,223.52000427246094,223.64300537109375,223.46499633789062,223.46499633789062,83777
2025-10-03 14:32:00,223.10000610351562,223.5399932861328,223.02000427246094,223.52999877929688,241570
2025-10-03 14:33:00,222.91000366210938,223.14500427246094,222.8800048828125,223.125,144002
2025-10-03 14:34:00,222.97500610351562,223.0,222.8769989013672,222.92999267578125,105087
2025-10-03 14:35:00,223.02499389648438,223.08099365234375,222.93380737304688,222.97500610351562,198924
2025-10-03 14:36:00,222.8800048828125,223.1699981689453,222.86000061035156,223.02999877929688,109695
2025-10-03 14:37:00,222.9199981689453,222.97999572753906,222.8699951171875,222.88999938964844,54371
2025-10-03 14:38:00,222.77999877929688,222.9199981689453,222.72999572753906,222.89999389648438,90040
2025-10-03 14:39:00,222.85000610351562,222.9149932861328,222.74000549316406,222.76449584960938,63493
2025-10-03 14:40:00,222.9199981689453,222.97000122070312,222.8000030517578,222.86000061035156,73657
2025-10-03 14:41:00,222.97999572753906,223.0,222.91490173339844,222.91490173339844,79463
2025-10-03 14:42:00,222.94000244140625,223.0050048828125,222.89999389648438,222.97999572753906,111065
2025-10-03 14:43:00,222.7200927734375,222.9600067138672,222.72000122070312,222.92999267578125,108033
2025-10-03 14:44:00,222.73399353027344,222.75999450683594,222.65499877929688,222.72999572753906,69358
2025-10-03 14:45:00,222.77999877929688,222.84500122070312,222.7200927734375,222.74000549316406,70783
2025-10-03 14:46:00,222.8000030517578,222.8800048828125,222.7550048828125,222.7899932861328,45638
2025-10-03 14:47:00,222.8800048828125,222.90280151367188,222.77999877929688,222.7989959716797,59453
2025-10-03 14:48:00,222.8699951171875,222.9290008544922,222.82200622558594,222.8699951171875,55166
2025-10-03 14:49:00,222.89230346679688,222.89999389648438,222.78500366210938,222.86000061035156,55501
2025-10-03 14:50:00,222.89169311523438,222.91000366210938,222.84219360351562,222.89500427246094,55278
2025-10-03 14:51:00,222.918701171875,222.97000122070312,222.82000732421875,222.89979553222656,48896
2025-10-03 14:52:00,222.97000122070312,223.0,222.88009643554688,222.91000366210938,82279
2025-10-03 14:53:00,222.8800048828125,222.97500610351562,222.83999633789062,222.97500610351562,45959
2025-10-03 14:54:00,222.96499633789062,222.99000549316406,222.85000610351562,222.875,32231
2025-10-03 14:55:00,222.91619873046875,222.97000122070312,222.90499877929688,222.9550018310547,43584
2025-10-03 14:56:00,222.85000610351562,222.92999267578125,222.8350067138672,222.89999389648438,46326
2025-10-03 14:57:00,222.75010681152344,222.89999389648438,222.75,222.85000610351562,52794
2025-10-03 14:58:00,222.82000732421875,222.88499450683594,222.75,222.75,50008
2025-10-03 14:59:00,222.7899932861328,222.86000061035156,222.78500366210938,222.83999633789062,69742
2025-10-03 15:00:00,222.77000427246094,222.82000732421875,222.6999969482422,222.80999755859375,76664
2025-10-03 15:01:00,222.74000549316406,222.8000030517578,222.69500732421875,222.7949981689453,47353
2025-10-03 15:02:00,222.64500427246094,222.80999755859375,222.59500122070312,222.7449951171875,94723
2025-10-03 15:03:00,222.6999969482422,222.7366943359375,222.60000610351562,222.64500427246094,58709
2025-10-03 15:04:00,222.72000122070312,222.7949981689453,222.70449829101562,222.72999572753906,34667
2025-10-03 15:05:00,222.9833984375,222.99549865722656,222.69000244140625,222.71099853515625,69277
2025-10-03 15:06:00,222.9600067138672,222.99000549316406,222.906005859375,222.97999572753906,49325
2025-10-03 15:07:00,222.97000122070312,222.9949951171875,222.9199981689453,222.97000122070312,40582
2025-10-03 15:08:00,222.91000366210938,223.0,222.91000366210938,222.97500610351562,88636
2025-10-03 15:09:00,222.88900756835938,222.9250030517578,222.85000610351562,222.90499877929688,33193
2025-10-03 15:10:00,222.83999633789062,222.91189575195312,222.75999450683594,222.89500427246094,43710
2025-10-03 15:11:00,222.89500427246094,222.93499755859375,222.83999633789062,222.86000061035156,44255
2025-10-03 15:12:00,222.9550018310547,222.9600067138672,222.8800048828125,222.89999389648438,33083
2025-10-03 15:13:00,222.92999267578125,222.97999572753906,222.8800048828125,222.95509338378906,51041
2025-10-03 15:14:00,222.83099365234375,222.95379638671875,222.8300018310547,222.92160034179688,48751
2025-10-03 15:15:00,222.8350067138672,222.88999938964844,222.81500244140625,222.82000732421875,32846
2025-10-03 15:16:00,222.8177947998047,222.89999389648438,222.77999877929688,222.8300018310547,44203
2025-10-03 15:17:00,222.77000427246094,222.8209991455078,222.7050018310547,222.82000732421875,43924
2025-10-03 15:18:00,222.8000030517578,222.8300018310547,222.73500061035156,222.77000427246094,46203
2025-10-03 15:19:00,222.86000061035156,222.90029907226562,222.77999877929688,222.8050994873047,38622
2025-10-03 15:20:00,222.72999572753906,222.88999938964844,222.7050018310547,222.8699951171875,42771
2025-10-03 15:21:00,222.76499938964844,222.80999755859375,222.73500061035156,222.7550048828125,42116
2025-10-03 15:22:00,222.66000366210938,222.8300018310547,222.66000366210938,222.77000427246094,67478
2025-10-03 15:23:00,222.63499450683594,222.72999572753906,222.6300048828125,222.66000366210938,58225
2025-10-03 15:24:00,222.67100524902344,222.72000122070312,222.6300048828125,222.63499450683594,76178
2025-10-03 15:25:00,222.69000244140625,222.7100067138672,222.64500427246094,222.6558074951172,56606
2025-10-03 15:26:00,222.6750030517578,222.68499755859375,222.55999755859375,222.68499755859375,125554
2025-10-03 15:27:00,222.5399932861328,222.69000244140625,222.5301055908203,222.6750030517578,53114
2025-10-03 15:28:00,222.4499969482422,222.5399932861328,222.43499755859375,222.5399932861328,107926
2025-10-03 15:29:00,222.5863037109375,222.60000610351562,222.4600067138672,222.4600067138672,54208
2025-10-03 15:30:00,222.6999969482422,222.75999450683594,222.55999755859375,222.5850067138672,105174
2025-10-03 15:31:00,222.72000122070312,222.7899932861328,222.7100067138672,222.7100067138672,63677
2025-10-03 15:32:00,222.67010498046875,222.75,222.6699981689453,222.72000122070312,48732
2025-10-03 15:33:00,222.625,222.7100067138672,222.60000610351562,222.67999267578125,74631
2025-10-03 15:34:00,222.6699981689453,222.7050018310547,222.6300048828125,222.6300048828125,42659
2025-10-03 15:35:00,222.72999572753906,222.7429962158203,222.66000366210938,222.6750030517578,75297
2025-10-03 15:36:00,222.66000366210938,222.77999877929688,222.66000366210938,222.72999572753906,65377
2025-10-03 15:37:00,222.59500122070312,222.72000122070312,222.5500030517578,222.66000366210938,111266
2025-10-03 15:38:00,222.75,222.7550048828125,222.5850067138672,222.59500122070312,53139
2025-10-03 15:39:00,222.77999877929688,222.8300018310547,222.72000122070312,222.75999450683594,72289
2025-10-03 15:40:00,222.67999267578125,222.78970336914062,222.67730712890625,222.77999877929688,58093
2025-10-03 15:41:00,222.85000610351562,222.8800048828125,222.6999969482422,222.6999969482422,68076
2025-10-03 15:42:00,222.8000030517578,222.8800048828125,222.7899932861328,222.86500549316406,71237
2025-10-03 15:43:00,222.82220458984375,222.822998046875,222.74000549316406,222.8000030517578,42854
2025-10-03 15:44:00,222.89999389648438,222.89999389648438,222.8249969482422,222.8350067138672,63402
2025-10-03 15:45:00,222.97500610351562,223.0,222.860107421875,222.88980102539062,78448
2025-10-03 15:46:00,222.9550018310547,222.99000549316406,222.9320068359375,222.9801025390625,48881
2025-10-03 15:47:00,222.9481964111328,222.9600067138672,222.86000061035156,222.9600067138672,22950
2025-10-03 15:48:00,222.99000549316406,223.0,222.88999938964844,222.94000244140625,52950
2025-10-03 15:49:00,222.99000549316406,223.03990173339844,222.9698028564453,222.99000549316406,132866
2025-10-03 15:50:00,222.97999572753906,223.0,222.97000122070312,222.98500061035156,122145
2025-10-03 15:51:00,222.9499969482422,223.0399932861328,222.94000244140625,222.98500061035156,99214
2025-10-03 15:52:00,222.827392578125,222.97000122070312,222.8249969482422,222.97000122070312,45345
2025-10-03 15:53:00,222.88999938964844,222.91000366210938,222.80499267578125,222.8325958251953,60303
2025-10-03 15:54:00,222.88009643554688,222.89999389648438,222.8300018310547,222.8800048828125,28518
2025-10-03 15:55:00,222.75790405273438,222.8699951171875,222.72999572753906,222.8699951171875,49298
2025-10-03 15:56:00,222.84320068359375,222.88999938964844,222.74000549316406,222.74000549316406,64509
2025-10-03 15:57:00,222.8350067138672,222.9199981689453,222.82000732421875,222.85000610351562,34508
2025-10-03 15:58:00,222.7550048828125,222.83999633789062,222.74899291992188,222.82000732421875,51502
2025-10-03 15:59:00,222.6999969482422,222.76499938964844,222.6699981689453,222.75,85575
2025-10-03 16:00:00,222.7362060546875,222.75999450683594,222.67999267578125,222.67999267578125,49365
2025-10-03 16:01:00,222.83810424804688,222.83999633789062,222.74000549316406,222.74000549316406,59687
2025-10-03 16:02:00,222.81500244140625,222.8939971923828,222.81500244140625,222.8350067138672,43853
2025-10-03 16:03:00,222.82220458984375,222.85470581054688,222.80499267578125,222.81500244140625,42571
2025-10-03 16:04:00,222.77999877929688,222.8800048828125,222.77999877929688,222.83999633789062,65051
2025-10-03 16:05:00,222.7899932861328,222.8000030517578,222.71499633789062,222.77999877929688,69469
2025-10-03 16:06:00,222.8323974609375,222.8323974609375,222.67999267578125,222.77499389648438,90724
2025-10-03 16:07:00,222.8300018310547,222.8699951171875,222.7899932861328,222.8350067138672,50479
2025-10-03 16:08:00,222.86000061035156,222.86000061035156,222.75999450683594,222.82000732421875,42833
2025-10-03 16:09:00,222.8665008544922,222.8699951171875,222.8000030517578,222.86500549316406,35880
2025-10-03 16:10:00,222.93870544433594,222.93870544433594,222.860107421875,222.8800048828125,55059
2025-10-03 16:11:00,222.9149932861328,222.9600067138672,222.86500549316406,222.94000244140625,46758
2025-10-03 16:12:00,222.92999267578125,222.94000244140625,222.89999389648438,222.92999267578125,33080
2025-10-03 16:13:00,222.9600067138672,223.0,222.91009521484375,222.94000244140625,63193
2025-10-03 16:14:00,222.94369506835938,223.0,222.91000366210938,222.9600067138672,96821
2025-10-03 16:15:00,222.89999389648438,222.9550018310547,222.8699951171875,222.9499969482422,59342
2025-10-03 16:16:00,222.875,222.9199981689453,222.8647003173828,222.91000366210938,62741
2025-10-03 16:17:00,222.68299865722656,222.8699951171875,222.67930603027344,222.8699951171875,89450
2025-10-03 16:18:00,222.68499755859375,222.74000549316406,222.6750030517578,222.69000244140625,57745
2025-10-03 16:19:00,222.6699981689453,222.69000244140625,222.63999938964844,222.68179321289062,41832
2025-10-03 16:20:00,222.57000732421875,222.6999969482422,222.5449981689453,222.6699981689453,61466
2025-10-03 16:21:00,222.50999450683594,222.5800018310547,222.4700927734375,222.5718994140625,67143
2025-10-03 16:22:00,222.41000366210938,222.5,222.41000366210938,222.5,118631
2025-10-03 16:23:00,222.3000030517578,222.41000366210938,222.27000427246094,222.41000366210938,94865
2025-10-03 16:24:00,222.19679260253906,222.30380249023438,222.1699981689453,222.2899932861328,149280
2025-10-03 16:25:00,222.2949981689453,222.3249969482422,222.1699981689453,222.1999969482422,97255
2025-10-03 16:26:00,222.2465057373047,222.3000030517578,222.1999969482422,222.2949981689453,59520
2025-10-03 16:27:00,222.14500427246094,222.25990295410156,222.1300048828125,222.25,124019
2025-10-03 16:28:00,222.14990234375,222.2100067138672,222.11000061035156,222.14999389648438,85747
2025-10-03 16:29:00,222.1800994873047,222.22000122070312,222.1300048828125,222.14500427246094,78445
2025-10-03 16:30:00,222.15750122070312,222.1999969482422,222.14999389648438,222.18850708007812,52353
2025-10-03 16:31:00,222.1300048828125,222.17849731445312,222.0749969482422,222.16000366210938,82763
2025-10-03 16:32:00,222.1699981689453,222.1999969482422,222.10499572753906,222.13999938964844,58090
2025-10-03 16:33:00,221.97000122070312,222.16099548339844,221.96499633789062,222.156494140625,135295
2025-10-03 16:34:00,222.07000732421875,222.11500549316406,221.9499969482422,221.9600067138672,120000
2025-10-03 16:35:00,222.0,222.0850067138672,221.98500061035156,222.0655059814453,85180
2025-10-03 16:36:00,222.0500030517578,222.0800018310547,222.0041046142578,222.00999450683594,67300
2025-10-03 16:37:00,222.05999755859375,222.14219665527344,222.0583953857422,222.07000732421875,85721
2025-10-03 16:38:00,222.1221923828125,222.14999389648438,222.0399932861328,222.07000732421875,95318
2025-10-03 16:39:00,222.13999938964844,222.16990661621094,222.0800018310547,222.1300048828125,48098
2025-10-03 16:40:00,222.19500732421875,222.2449951171875,222.08740234375,222.1300048828125,91246
2025-10-03 16:41:00,222.36000061035156,222.41000366210938,222.19500732421875,222.19500732421875,96280
2025-10-03 16:42:00,222.3520050048828,222.4152069091797,222.3300018310547,222.35000610351562,50902
2025-10-03 16:43:00,222.3800048828125,222.39990234375,222.29010009765625,222.36000061035156,81113
2025-10-03 16:44:00,222.2949981689453,222.41009521484375,222.27000427246094,222.38900756835938,63910
2025-10-03 16:45:00,222.31500244140625,222.33999633789062,222.24000549316406,222.2899932861328,49041
2025-10-03 16:46:00,222.3513946533203,222.38999938964844,222.30499267578125,222.30999755859375,76004
2025-10-03 16:47:00,222.27000427246094,222.38999938964844,222.25,222.36199951171875,38748
2025-10-03 16:48:00,222.19900512695312,222.28990173339844,222.16000366210938,222.27499389648438,59179
2025-10-03 16:49:00,222.14450073242188,222.1999053955078,222.0500030517578,222.19000244140625,73966
2025-10-03 16:50:00,222.13499450683594,222.2050018310547,222.10009765625,222.14419555664062,60566
2025-10-03 16:51:00,222.14999389648438,222.2100067138672,222.10000610351562,222.13499450683594,53579
2025-10-03 16:52:00,222.22999572753906,222.24989318847656,222.14129638671875,222.14999389648438,30615
2025-10-03 16:53:00,222.289306640625,222.289306640625,222.19000244140625,222.22000122070312,51628
2025-10-03 16:54:00,222.22000122070312,222.2899932861328,222.13499450683594,222.28379821777344,78212
2025-10-03 16:55:00,222.13499450683594,222.2274932861328,222.11000061035156,222.22000122070312,49281
2025-10-03 16:56:00,222.11000061035156,222.13499450683594,222.04580688476562,222.13499450683594,41660
2025-10-03 16:57:00,222.1750030517578,222.1999969482422,222.1199951171875,222.1199951171875,47929
2025-10-03 16:58:00,222.09010314941406,222.17999267578125,222.07000732421875,222.1750030517578,60190
2025-10-03 16:59:00,222.05999755859375,222.08999633789062,222.02000427246094,222.08999633789062,58407
2025-10-03 17:00:00,221.8800048828125,222.07000732421875,221.8699951171875,222.0399932861328,133899
2025-10-03 17:01:00,221.82000732421875,221.8800048828125,221.73500061035156,221.8800048828125,93565
2025-10-03 17:02:00,221.5749969482422,221.8249969482422,221.5399932861328,221.82000732421875,100438
2025-10-03 17:03:00,221.08999633789062,221.5800018310547,221.02000427246094,221.5800018310547,193520
2025-10-03 17:04:00,221.2100067138672,221.2100067138672,220.89999389648438,221.0800018310547,243491
2025-10-03 17:05:00,220.7899932861328,221.27000427246094,220.72999572753906,221.2100067138672,244871
2025-10-03 17:06:00,220.89849853515625,221.06539916992188,220.77999877929688,220.77999877929688,156373
2025-10-03 17:07:00,220.89999389648438,221.10440063476562,220.8800048828125,220.8800048828125,143328
2025-10-03 17:08:00,221.0749969482422,221.0749969482422,220.8300018310547,220.91000366210938,87956
2025-10-03 17:09:00,221.11000061035156,221.13999938964844,220.97500610351562,221.0500946044922,87228
2025-10-03 17:10:00,221.19000244140625,221.19000244140625,221.04139709472656,221.10000610351562,71925
2025-10-03 17:11:00,221.44000244140625,221.44000244140625,221.19000244140625,221.19000244140625,77709
2025-10-03 17:12:00,221.50100708007812,221.53309631347656,221.41000366210938,221.44000244140625,94718
2025-10-03 17:13:00,221.5399932861328,221.58999633789062,221.44000244140625,221.50990295410156,91288
2025-10-03 17:14:00,221.4149932861328,221.55999755859375,221.39089965820312,221.5500030517578,54280
2025-10-03 17:15:00,221.1699981689453,221.4149932861328,221.16099548339844,221.41000366210938,106980
2025-10-03 17:16:00,221.14999389648438,221.2299041748047,221.1199951171875,221.1699981689453,62611
2025-10-03 17:17:00,221.08489990234375,221.22000122070312,221.0709991455078,221.14999389648438,45808
2025-10-03 17:18:00,220.89999389648438,221.12100219726562,220.85000610351562,221.09579467773438,88599
2025-10-03 17:19:00,220.77999877929688,220.95260620117188,220.75999450683594,220.9199981689453,94256
2025-10-03 17:20:00,220.6999969482422,220.80999755859375,220.6649932861328,220.7899932861328,126823
2025-10-03 17:21:00,220.58999633789062,220.72999572753906,220.4600067138672,220.7100067138672,157128
2025-10-03 17:22:00,220.7550048828125,220.80999755859375,220.51319885253906,220.60079956054688,145498
2025-10-03 17:23:00,220.7429962158203,220.8489990234375,220.71099853515625,220.78550720214844,85206
2025-10-03 17:24:00,220.63299560546875,220.8000030517578,220.61929321289062,220.75999450683594,67951
2025-10-03 17:25:00,220.63999938964844,220.6999053955078,220.55999755859375,220.65499877929688,62778
2025-10-03 17:26:00,220.63999938964844,220.69000244140625,220.6168975830078,220.6199951171875,48082
2025-10-03 17:27:00,220.57049560546875,220.6699981689453,220.50999450683594,220.64999389648438,67215
2025-10-03 17:28:00,220.56500244140625,220.67999267578125,220.47000122070312,220.5749969482422,118001
2025-10-03 17:29:00,220.38999938964844,220.5800018310547,220.3800048828125,220.55999755859375,66773
2025-10-03 17:30:00,220.28500366210938,220.3800048828125,220.13999938964844,220.3800048828125,114986
2025-10-03 17:31:00,220.24099731445312,220.3300018310547,220.2198028564453,220.3061065673828,79340
2025-10-03 17:32:00,220.47000122070312,220.49000549316406,220.25,220.2523956298828,83239
2025-10-03 17:33:00,220.47000122070312,220.58999633789062,220.44000244140625,220.46499633789062,75873
2025-10-03 17:34:00,220.44000244140625,220.52000427246094,220.4199981689453,220.49749755859375,50023
2025-10-03 17:35:00,220.44000244140625,220.4949951171875,220.42999267578125,220.4600067138672,72847
2025-10-03 17:36:00,220.4499969482422,220.52999877929688,220.40499877929688,220.47000122070312,66446
2025-10-03 17:37:00,220.43499755859375,220.52499389648438,220.4199981689453,220.47000122070312,42781
2025-10-03 17:38:00,220.48399353027344,220.506103515625,220.38999938964844,220.43499755859375,68246
2025-10-03 17:39:00,220.4438934326172,220.5,220.39999389648438,220.48500061035156,46443
2025-10-03 17:40:00,220.27999877929688,220.456298828125,220.22999572753906,220.44419860839844,62305
2025-10-03 17:41:00,220.3300018310547,220.35000610351562,220.2100067138672,220.27999877929688,80390
2025-10-03 17:42:00,220.31210327148438,220.3699951171875,220.30020141601562,220.33999633789062,51297
2025-10-03 17:43:00,220.3000030517578,220.31300354003906,220.1699981689453,220.3000030517578,84540
2025-10-03 17:44:00,220.3699951171875,220.37100219726562,220.1999969482422,220.30099487304688,66984
2025-10-03 17:45:00,220.62840270996094,220.6417999267578,220.3699951171875,220.3699951171875,108347
2025-10-03 17:46:00,220.3802032470703,220.6649932861328,220.37159729003906,220.63999938964844,96711
2025-10-03 17:47:00,220.44650268554688,220.4949951171875,220.32000732421875,220.41000366210938,72244
2025-10-03 17:48:00,220.36000061035156,220.49099731445312,220.33999633789062,220.4499969482422,50952
2025-10-03 17:49:00,220.4250030517578,220.4250030517578,220.3105010986328,220.3737030029297,51081
2025-10-03 17:50:00,220.30999755859375,220.4250030517578,220.25999450683594,220.41000366210938,55656
2025-10-03 17:51:00,220.07000732421875,220.35499572753906,220.02000427246094,220.33999633789062,113706
2025-10-03 17:52:00,219.91000366210938,220.1118927001953,219.83090209960938,220.10000610351562,271881
2025-10-03 17:53:00,219.9199981689453,219.97000122070312,219.8000030517578,219.8802947998047,109285
2025-10-03 17:54:00,219.8699951171875,219.972900390625,219.7989959716797,219.94659423828125,54937
2025-10-03 17:55:00,220.2899932861328,220.34219360351562,219.84010314941406,219.85000610351562,136699
2025-10-03 17:56:00,220.30999755859375,220.32000732421875,220.1999969482422,220.3000030517578,67696
2025-10-03 17:57:00,220.32000732421875,220.47999572753906,220.27000427246094,220.3300018310547,79667
2025-10-03 17:58:00,220.3249969482422,220.37950134277344,220.25,220.3000030517578,51191
2025-10-03 17:59:00,220.29100036621094,220.38999938964844,220.27000427246094,220.3300018310547,65545
2025-10-03 18:00:00,220.19749450683594,220.33999633789062,220.19749450683594,220.28500366210938,52372
2025-10-03 18:01:00,220.2949981689453,220.32000732421875,220.10499572753906,220.19500732421875,79729
2025-10-03 18:02:00,220.24000549316406,220.35000610351562,220.22999572753906,220.30499267578125,54838
2025-10-03 18:03:00,220.11000061035156,220.24000549316406,220.0500030517578,220.24000549316406,42360
2025-10-03 18:04:00,219.93280029296875,220.10000610351562,219.93280029296875,220.10000610351562,69866
2025-10-03 18:05:00,219.97000122070312,220.00999450683594,219.88999938964844,219.93580627441406,52691
2025-10-03 18:06:00,219.92999267578125,219.9600067138672,219.88999938964844,219.9600067138672,49091
2025-10-03 18:07:00,219.92999267578125,220.00999450683594,219.92010498046875,219.92999267578125,57601
2025-10-03 18:08:00,219.8699951171875,219.97000122070312,219.85000610351562,219.94000244140625,74885
2025-10-03 18:09:00,219.97999572753906,220.00990295410156,219.875,219.875,51149
2025-10-03 18:10:00,220.125,220.1300048828125,219.91000366210938,219.9949951171875,68067
2025-10-03 18:11:00,220.27499389648438,220.2949981689453,220.08509826660156,220.12010192871094,92767
2025-10-03 18:12:00,220.20970153808594,220.2899932861328,220.17999267578125,220.26499938964844,71362
2025-10-03 18:13:00,220.15499877929688,220.1999969482422,220.11000061035156,220.1999969482422,89322
2025-10-03 18:14:00,220.02999877929688,220.13999938964844,220.0,220.13999938964844,53373
2025-10-03 18:15:00,219.97999572753906,220.0959014892578,219.9199981689453,220.01499938964844,67516
2025-10-03 18:16:00,220.07000732421875,220.0800018310547,219.97000122070312,219.97999572753906,740165
2025-10-03 18:17:00,220.33999633789062,220.36500549316406,220.0500030517578,220.05999755859375,72102
2025-10-03 18:18:00,220.3155059814453,220.33099365234375,220.25999450683594,220.3300018310547,60538
2025-10-03 18:19:00,220.35499572753906,220.3699951171875,220.2550048828125,220.30999755859375,52699
2025-10-03 18:20:00,220.27999877929688,220.42950439453125,220.24099731445312,220.3592987060547,64238
2025-10-03 18:21:00,220.25929260253906,220.3350067138672,220.22999572753906,220.2845001220703,49520
2025-10-03 18:22:00,220.32000732421875,220.35000610351562,220.20150756835938,220.25,48551
2025-10-03 18:23:00,220.16000366210938,220.3249969482422,220.15499877929688,220.31500244140625,63347
2025-10-03 18:24:00,220.22000122070312,220.24989318847656,220.154296875,220.16000366210938,92388
2025-10-03 18:25:00,220.35240173339844,220.3699951171875,220.2100067138672,220.22259521484375,58050
2025-10-03 18:26:00,220.34500122070312,220.38499450683594,220.2864990234375,220.33999633789062,146597
2025-10-03 18:27:00,220.30999755859375,220.39999389648438,220.27999877929688,220.35000610351562,40877
2025-10-03 18:28:00,220.21859741210938,220.31500244140625,220.2100067138672,220.30499267578125,49722
2025-10-03 18:29:00,220.21310424804688,220.27000427246094,220.1999969482422,220.2100067138672,28672
2025-10-03 18:30:00,220.2100067138672,220.27999877929688,220.19000244140625,220.24000549316406,48045
2025-10-03 18:31:00,220.1562957763672,220.22999572753906,220.1300048828125,220.22000122070312,80397
2025-10-03 18:32:00,219.93499755859375,220.1699981689453,219.92999267578125,220.1699981689453,108042
2025-10-03 18:33:00,219.87010192871094,219.9600067138672,219.77999877929688,219.94000244140625,158881
2025-10-03 18:34:00,219.9499969482422,219.97999572753906,219.8300018310547,219.8800048828125,38974
2025-10-03 18:35:00,219.78370666503906,219.97000122070312,219.77499389648438,219.94000244140625,84498
2025-10-03 18:36:00,219.73129272460938,219.80999755859375,219.6999969482422,219.77999877929688,79358
2025-10-03 18:37:00,219.70489501953125,219.7698974609375,219.66000366210938,219.75,74143
2025-10-03 18:38:00,219.718994140625,219.77000427246094,219.66000366210938,219.72000122070312,66172
2025-10-03 18:39:00,219.6999969482422,219.74000549316406,219.6199951171875,219.7198028564453,70921
2025-10-03 18:40:00,219.6699981689453,219.72999572753906,219.58999633789062,219.7165985107422,93404
2025-10-03 18:41:00,219.77999877929688,219.9149932861328,219.6699981689453,219.6699981689453,86581
2025-10-03 18:42:00,219.6300048828125,219.7949981689453,219.58999633789062,219.7624969482422,80828
2025-10-03 18:43:00,219.63099670410156,219.6999969482422,219.58999633789062,219.62899780273438,62908
2025-10-03 18:44:00,219.58999633789062,219.67999267578125,219.55999755859375,219.6300048828125,99308
2025-10-03 18:45:00,219.5800018310547,219.60000610351562,219.51499938964844,219.5800018310547,55099
2025-10-03 18:46:00,219.60000610351562,219.63999938964844,219.5500030517578,219.5800018310547,59290
2025-10-03 18:47:00,219.64999389648438,219.64999389648438,219.5449981689453,219.60000610351562,54414
2025-10-03 18:48:00,219.58999633789062,219.67630004882812,219.57000732421875,219.65499877929688,78168
2025-10-03 18:49:00,219.50999450683594,219.59539794921875,219.47999572753906,219.58999633789062,107835
2025-10-03 18:50:00,219.56500244140625,219.6300048828125,219.51499938964844,219.51499938964844,69997
2025-10-03 18:51:00,219.60699462890625,219.64500427246094,219.56500244140625,219.5850067138672,44799
2025-10-03 18:52:00,219.57000732421875,219.6300048828125,219.52999877929688,219.60989379882812,60834
2025-10-03 18:53:00,219.64500427246094,219.6999969482422,219.5749969482422,219.5749969482422,63325
2025-10-03 18:54:00,219.6999969482422,219.73989868164062,219.61000061035156,219.6699981689453,46270
2025-10-03 18:55:00,219.8000030517578,219.8350067138672,219.6999969482422,219.6999969482422,123754
2025-10-03 18:56:00,219.82119750976562,219.83999633789062,219.71499633789062,219.7949981689453,68492
2025-10-03 18:57:00,219.78500366210938,219.875,219.77000427246094,219.8249969482422,63947
2025-10-03 18:58:00,219.75,219.83999633789062,219.7436981201172,219.7899932861328,82495
2025-10-03 18:59:00,219.72000122070312,219.75999450683594,219.69000244140625,219.74000549316406,81487
2025-10-03 19:00:00,219.7863006591797,219.8007049560547,219.72999572753906,219.72999572753906,75334
2025-10-03 19:01:00,219.69189453125,219.82000732421875,219.68499755859375,219.78500366210938,45500
2025-10-03 19:02:00,219.66700744628906,219.716796875,219.6300048828125,219.6999053955078,62500
2025-10-03 19:03:00,219.67999267578125,219.75999450683594,219.64999389648438,219.6649932861328,60064
2025-10-03 19:04:00,219.68499755859375,219.72000122070312,219.6699981689453,219.67999267578125,44325
2025-10-03 19:05:00,219.77999877929688,219.77999877929688,219.63999938964844,219.67999267578125,67160
2025-10-03 19:06:00,219.7187042236328,219.7899932861328,219.68499755859375,219.77999877929688,59548
2025-10-03 19:07:00,219.7050018310547,219.75,219.68499755859375,219.72999572753906,735398
2025-10-03 19:08:00,219.64500427246094,219.71400451660156,219.64500427246094,219.701904296875,37250
2025-10-03 19:09:00,219.73550415039062,219.7449951171875,219.64500427246094,219.64500427246094,38091
2025-10-03 19:10:00,219.7899932861328,219.83990478515625,219.72999572753906,219.73500061035156,45983
2025-10-03 19:11:00,219.92990112304688,219.92990112304688,219.78819274902344,219.7899932861328,96508
2025-10-03 19:12:00,219.82000732421875,219.93980407714844,219.7899932861328,219.93980407714844,98506
2025-10-03 19:13:00,219.8249969482422,219.8800048828125,219.8000946044922,219.81849670410156,49391
2025-10-03 19:14:00,219.72000122070312,219.83999633789062,219.71499633789062,219.83999633789062,43080
2025-10-03 19:15:00,219.6614990234375,219.82000732421875,219.6540985107422,219.72500610351562,56570
2025-10-03 19:16:00,219.72999572753906,219.77999877929688,219.6593017578125,219.6593017578125,51958
2025-10-03 19:17:00,219.77000427246094,219.81350708007812,219.73550415039062,219.73550415039062,42596
2025-10-03 19:18:00,219.7100067138672,219.77000427246094,219.69000244140625,219.760498046875,79343
2025-10-03 19:19:00,219.77499389648438,219.77999877929688,219.7100067138672,219.72000122070312,58319
2025-10-03 19:20:00,219.67999267578125,219.8000030517578,219.64999389648438,219.77999877929688,84183
2025-10-03 19:21:00,219.6199951171875,219.69000244140625,219.59010314941406,219.6750030517578,78175
2025-10-03 19:22:00,219.7100067138672,219.77000427246094,219.63999938964844,219.64259338378906,77628
2025-10-03 19:23:00,219.67999267578125,219.6999969482422,219.64999389648438,219.6999969482422,55938
2025-10-03 19:24:00,219.63999938964844,219.6800994873047,219.6300048828125,219.6800994873047,46501
2025-10-03 19:25:00,219.72000122070312,219.72500610351562,219.63009643554688,219.64500427246094,53994
2025-10-03 19:26:00,219.7790069580078,219.8000030517578,219.6699981689453,219.7100067138672,94626
2025-10-03 19:27:00,219.6649932861328,219.78500366210938,219.6649932861328,219.78500366210938,54725
2025-10-03 19:28:00,219.6219024658203,219.72000122070312,219.60000610351562,219.6649932861328,100123
2025-10-03 19:29:00,219.64999389648438,219.69000244140625,219.59500122070312,219.625,70143
2025-10-03 19:30:00,219.61500549316406,219.69000244140625,219.5800018310547,219.66000366210938,74567
2025-10-03 19:31:00,219.58999633789062,219.64610290527344,219.56500244140625,219.60000610351562,76167
2025-10-03 19:32:00,219.5334930419922,219.61500549316406,219.49000549316406,219.58999633789062,134691
2025-10-03 19:33:00,219.66639709472656,219.69000244140625,219.50999450683594,219.52999877929688,103648
2025-10-03 19:34:00,219.56500244140625,219.6663055419922,219.5500030517578,219.66000366210938,89072
2025-10-03 19:35:00,219.5657958984375,219.61500549316406,219.52000427246094,219.56500244140625,86816
2025-10-03 19:36:00,219.52999877929688,219.61000061035156,219.52999877929688,219.55999755859375,72622
2025-10-03 19:37:00,219.55999755859375,219.61599731445312,219.52499389648438,219.52499389648438,85920
2025-10-03 19:38:00,219.58999633789062,219.59500122070312,219.5,219.56500244140625,86973
2025-10-03 19:39:00,219.6199951171875,219.63499450683594,219.55999755859375,219.59500122070312,102283
2025-10-03 19:40:00,219.67779541015625,219.69000244140625,219.60409545898438,219.625,100963
2025-10-03 19:41:00,219.7449951171875,219.75999450683594,219.67999267578125,219.67999267578125,138191
2025-10-03 19:42:00,219.77499389648438,219.8000030517578,219.7100067138672,219.7449951171875,106884
2025-10-03 19:43:00,219.7418975830078,219.7899932861328,219.69070434570312,219.7799072265625,82988
2025-10-03 19:44:00,219.75,219.8000030517578,219.71499633789062,219.74630737304688,89686
2025-10-03 19:45:00,219.8336944580078,219.86839294433594,219.7449951171875,219.75,95779
2025-10-03 19:46:00,219.78379821777344,219.85499572753906,219.72000122070312,219.8300018310547,102677
2025-10-03 19:47:00,219.82000732421875,219.83999633789062,219.77999877929688,219.7899932861328,77997
2025-10-03 19:48:00,219.83999633789062,219.86729431152344,219.75999450683594,219.82000732421875,80011
2025-10-03 19:49:00,219.89500427246094,219.89999389648438,219.83399963378906,219.8350067138672,111195
2025-10-03 19:50:00,219.75999450683594,219.88999938964844,219.7050018310547,219.88999938964844,175113
2025-10-03 19:51:00,219.77000427246094,219.77830505371094,219.63999938964844,219.74000549316406,176543
2025-10-03 19:52:00,219.84500122070312,219.87100219726562,219.75,219.75,128951
2025-10-03 19:53:00,219.88499450683594,219.97000122070312,219.82000732421875,219.83999633789062,172332
2025-10-03 19:54:00,219.90499877929688,219.97500610351562,219.86000061035156,219.88499450683594,209341
2025-10-03 19:55:00,219.59500122070312,219.9199981689453,219.58999633789062,219.91000366210938,239520
2025-10-03 19:56:00,219.50999450683594,219.59500122070312,219.4600067138672,219.59500122070312,252790
2025-10-03 19:57:00,219.4550018310547,219.52999877929688,219.41000366210938,219.51010131835938,354882
2025-10-03 19:58:00,219.42999267578125,219.5,219.4149932861328,219.4550018310547,370823
2025-10-03 19:59:00,219.49000549316406,219.5,219.33999633789062,219.42999267578125,745778
