Datetime,GOOGL,GOOGL,GOOGL,GOOGL,GOOGL
2025-09-29 13:30:00,247.57000732421875,248.1750030517578,247.2100067138672,247.7949981689453,721193
2025-09-29 13:31:00,247.67999267578125,248.11000061035156,247.50999450683594,247.5800018310547,92495
2025-09-29 13:32:00,247.59500122070312,248.0,247.38999938964844,247.6999969482422,69395
2025-09-29 13:33:00,247.58740234375,247.64500427246094,247.25,247.59019470214844,69702
2025-09-29 13:34:00,247.93499755859375,247.9499969482422,247.63479614257812,247.66000366210938,49567
2025-09-29 13:35:00,248.38999938964844,248.52099609375,247.91000366210938,247.97000122070312,65781
2025-09-29 13:36:00,247.89999389648438,248.40989685058594,247.89999389648438,248.40589904785156,91333
2025-09-29 13:37:00,248.19500732421875,248.30999755859375,247.74000549316406,247.86000061035156,47616
2025-09-29 13:38:00,248.44500732421875,248.5,248.20989990234375,248.20989990234375,44262
2025-09-29 13:39:00,248.65499877929688,248.69000244140625,248.3300018310547,248.4499969482422,39695
2025-09-29 13:40:00,249.0,249.05999755859375,248.6199951171875,248.6199951171875,70407
2025-09-29 13:41:00,248.9499969482422,249.0850067138672,248.74000549316406,248.98500061035156,48141
2025-09-29 13:42:00,249.2100067138672,249.27000427246094,248.86000061035156,248.92999267578125,47664
2025-09-29 13:43:00,249.19500732421875,249.4199981689453,249.07130432128906,249.2100067138672,55071
2025-09-29 13:44:00,249.47999572753906,249.49000549316406,249.0399932861328,249.1199951171875,78149
2025-09-29 13:45:00,250.00999450683594,250.0800018310547,249.4250030517578,249.4600067138672,185957
2025-09-29 13:46:00,250.16000366210938,250.2899932861328,250.00999450683594,250.00999450683594,103830
2025-09-29 13:47:00,250.31700134277344,250.3800048828125,250.0500030517578,250.1699981689453,118855
2025-09-29 13:48:00,250.52999877929688,250.60879516601562,250.1024932861328,250.3300018310547,83101
2025-09-29 13:49:00,250.71539306640625,250.73500061035156,250.4324951171875,250.52499389648438,45608
2025-09-29 13:50:00,250.9199981689453,250.97000122070312,250.4196014404297,250.75,138416
2025-09-29 13:51:00,250.77999877929688,251.08900451660156,250.77999877929688,250.88999938964844,126697
2025-09-29 13:52:00,250.64999389648438,250.92999267578125,250.53500366210938,250.79730224609375,82766
2025-09-29 13:53:00,250.98989868164062,250.98989868164062,250.63999938964844,250.66000366210938,71253
2025-09-29 13:54:00,250.83709716796875,251.1486053466797,250.77499389648438,251.0,93336
2025-09-29 13:55:00,250.74000549316406,250.86410522460938,250.55999755859375,250.86000061035156,72446
2025-09-29 13:56:00,250.85000610351562,250.88999938964844,250.46499633789062,250.731201171875,69351
2025-09-29 13:57:00,250.45449829101562,250.8800048828125,250.38999938964844,250.86000061035156,50176
2025-09-29 13:58:00,249.91000366210938,250.49000549316406,249.8350067138672,250.4199981689453,86929
2025-09-29 13:59:00,249.77999877929688,250.0800018310547,249.77999877929688,249.88499450683594,89124
2025-09-29 14:00:00,249.71499633789062,249.9600067138672,249.52000427246094,249.7949981689453,112587
2025-09-29 14:01:00,249.75,249.843994140625,249.5,249.72999572753906,1848424
2025-09-29 14:02:00,249.8350067138672,250.25,249.77999877929688,249.77999877929688,0
2025-09-29 14:03:00,250.0,250.0399932861328,249.8699951171875,249.8699951171875,39767
2025-09-29 14:04:00,249.77499389648438,249.9600067138672,249.72000122070312,249.72000122070312,87405
2025-09-29 14:05:00,249.69500732421875,249.7899932861328,249.61000061035156,249.6999969482422,46871
2025-09-29 14:06:00,249.7480010986328,249.90460205078125,249.50999450683594,249.72000122070312,60037
2025-09-29 14:07:00,250.05999755859375,250.0749969482422,249.69500732421875,249.74000549316406,44097
2025-09-29 14:08:00,250.22000122070312,250.22999572753906,249.9600067138672,250.10000610351562,54469
2025-09-29 14:09:00,250.74000549316406,250.8000030517578,250.17999267578125,250.24000549316406,127943
2025-09-29 14:10:00,250.62269592285156,250.75999450683594,250.55690002441406,250.75,60513
2025-09-29 14:11:00,250.58999633789062,250.639892578125,250.42999267578125,250.639892578125,27247
2025-09-29 14:12:00,250.4600067138672,250.6999969482422,250.4600067138672,250.58999633789062,39815
2025-09-29 14:13:00,250.35000610351562,250.42999267578125,250.11000061035156,250.41000366210938,34098
2025-09-29 14:14:00,250.41000366210938,250.44500732421875,250.22999572753906,250.36500549316406,41432
2025-09-29 14:15:00,250.68499755859375,250.75689697265625,250.39500427246094,250.4499969482422,44478
2025-09-29 14:16:00,250.50999450683594,250.7790069580078,250.48500061035156,250.70989990234375,45825
2025-09-29 14:17:00,250.16000366210938,250.5,250.07000732421875,250.5,45715
2025-09-29 14:18:00,249.6999969482422,250.16000366210938,249.63999938964844,250.16000366210938,57008
2025-09-29 14:19:00,249.13999938964844,249.71499633789062,249.02000427246094,249.6800994873047,72113
2025-09-29 14:20:00,249.29859924316406,249.38999938964844,249.0,249.19000244140625,51082
2025-09-29 14:21:00,249.52999877929688,249.5500030517578,249.27000427246094,249.2899932861328,27208
2025-09-29 14:22:00,249.52000427246094,249.56500244140625,249.42999267578125,249.5,35393
2025-09-29 14:23:00,249.60049438476562,249.6300048828125,249.35159301757812,249.52999877929688,35611
2025-09-29 14:24:00,249.60000610351562,249.6999969482422,249.49000549316406,249.61000061035156,36906
2025-09-29 14:25:00,249.7100067138672,249.7823028564453,249.57000732421875,249.6199951171875,43296
2025-09-29 14:26:00,249.5399932861328,249.6999969482422,249.47000122070312,249.6999969482422,39453
2025-09-29 14:27:00,249.40960693359375,249.56500244140625,249.36000061035156,249.56500244140625,19863
2025-09-29 14:28:00,249.5399932861328,249.5449981689453,249.35299682617188,249.4499969482422,17870
2025-09-29 14:29:00,249.360595703125,249.60000610351562,249.3000030517578,249.55999755859375,21576
2025-09-29 14:30:00,249.2095947265625,249.47999572753906,249.17999267578125,249.3800048828125,24900
2025-09-29 14:31:00,249.0074005126953,249.25,249.0,249.18499755859375,24198
2025-09-29 14:32:00,249.04820251464844,249.1750030517578,249.00999450683594,249.01499938964844,21679
2025-09-29 14:33:00,248.8800048828125,249.06500244140625,248.85000610351562,249.05999755859375,25756
2025-09-29 14:34:00,248.79319763183594,248.9600067138672,248.75999450683594,248.89999389648438,40475
2025-09-29 14:35:00,248.716796875,248.80999755859375,248.61000061035156,248.7899932861328,33629
2025-09-29 14:36:00,248.52589416503906,248.7628936767578,248.52589416503906,248.74000549316406,24294
2025-09-29 14:37:00,248.4738006591797,248.60400390625,248.46270751953125,248.52999877929688,21336
2025-09-29 14:38:00,248.55999755859375,248.5800018310547,248.42739868164062,248.47500610351562,30443
2025-09-29 14:39:00,248.4499053955078,248.5800018310547,248.40499877929688,248.57000732421875,24756
2025-09-29 14:40:00,248.5850067138672,248.58999633789062,248.36000061035156,248.4499969482422,23553
2025-09-29 14:41:00,248.77000427246094,248.82000732421875,248.5749969482422,248.58999633789062,54572
2025-09-29 14:42:00,248.4499969482422,248.75160217285156,248.39999389648438,248.74000549316406,39853
2025-09-29 14:43:00,248.35000610351562,248.5399932861328,248.27000427246094,248.44500732421875,31162
2025-09-29 14:44:00,248.26260375976562,248.30999755859375,248.1999969482422,248.30999755859375,15857
2025-09-29 14:45:00,248.30999755859375,248.36500549316406,248.2100067138672,248.27999877929688,38035
2025-09-29 14:46:00,248.3699951171875,248.4163055419922,248.2449951171875,248.30999755859375,34404
2025-09-29 14:47:00,248.34500122070312,248.4409942626953,248.25999450683594,248.36500549316406,31286
2025-09-29 14:48:00,248.177001953125,248.25999450683594,248.16000366210938,248.25999450683594,22796
2025-09-29 14:49:00,248.15170288085938,248.25,248.1300048828125,248.1750030517578,21579
2025-09-29 14:50:00,248.16000366210938,248.22500610351562,248.0500030517578,248.14999389648438,22353
2025-09-29 14:51:00,248.16000366210938,248.25999450683594,248.10000610351562,248.16000366210938,29937
2025-09-29 14:52:00,248.25,248.30499267578125,248.11000061035156,248.1143035888672,56026
2025-09-29 14:53:00,247.99000549316406,248.25,247.94000244140625,248.24000549316406,43247
2025-09-29 14:54:00,248.0050048828125,248.02999877929688,247.9600067138672,247.99099731445312,20208
2025-09-29 14:55:00,247.92999267578125,248.02999877929688,247.88389587402344,248.02499389648438,15354
2025-09-29 14:56:00,247.82000732421875,247.94500732421875,247.74000549316406,247.93209838867188,38516
2025-09-29 14:57:00,247.97000122070312,247.9799041748047,247.77999877929688,247.8000030517578,29735
2025-09-29 14:58:00,248.0,248.00999450683594,247.89999389648438,247.97000122070312,31318
2025-09-29 14:59:00,247.95590209960938,248.0299072265625,247.9199981689453,247.97999572753906,24565
2025-09-29 15:00:00,248.11000061035156,248.22000122070312,247.94000244140625,247.9499969482422,31714
2025-09-29 15:01:00,248.06500244140625,248.2899932861328,248.02999877929688,248.1199951171875,38750
2025-09-29 15:02:00,248.0800018310547,248.1699981689453,247.99000549316406,248.07000732421875,24112
2025-09-29 15:03:00,248.05999755859375,248.13999938964844,248.02999877929688,248.10000610351562,19258
2025-09-29 15:04:00,248.0500030517578,248.1300048828125,248.02000427246094,248.10000610351562,16104
2025-09-29 15:05:00,248.13999938964844,248.24000549316406,248.0,248.0,21712
2025-09-29 15:06:00,247.9600067138672,248.15499877929688,247.86000061035156,248.14500427246094,41061
2025-09-29 15:07:00,247.9302978515625,248.0399932861328,247.89999389648438,247.970703125,23831
2025-09-29 15:08:00,247.9149932861328,248.02000427246094,247.8979034423828,247.92999267578125,13720
2025-09-29 15:09:00,247.8699951171875,247.97000122070312,247.80999755859375,247.91000366210938,21909
2025-09-29 15:10:00,247.7899932861328,247.85000610351562,247.72000122070312,247.85000610351562,17054
2025-09-29 15:11:00,247.77999877929688,247.88499450683594,247.75,247.82000732421875,27630
2025-09-29 15:12:00,247.75,247.80999755859375,247.69000244140625,247.77000427246094,24011
2025-09-29 15:13:00,247.72450256347656,247.72450256347656,247.625,247.6699981689453,28180
2025-09-29 15:14:00,247.5850067138672,247.74989318847656,247.57449340820312,247.6649932861328,16074
2025-09-29 15:15:00,247.5500030517578,247.60000610351562,247.47000122070312,247.5800018310547,26550
2025-09-29 15:16:00,247.66000366210938,247.7100067138672,247.47000122070312,247.5500946044922,20663
2025-09-29 15:17:00,247.58999633789062,247.6898956298828,247.49000549316406,247.63999938964844,18632
2025-09-29 15:18:00,247.72999572753906,247.74989318847656,247.5850067138672,247.60000610351562,22467
2025-09-29 15:19:00,247.86000061035156,247.88499450683594,247.72459411621094,247.74000549316406,29106
2025-09-29 15:20:00,247.9600067138672,247.97000122070312,247.74000549316406,247.8699951171875,25446
2025-09-29 15:21:00,248.0399932861328,248.0800018310547,247.94000244140625,247.97000122070312,53134
2025-09-29 15:22:00,248.07000732421875,248.1999969482422,247.94000244140625,248.02999877929688,33845
2025-09-29 15:23:00,248.26539611816406,248.28500366210938,248.0800018310547,248.0800018310547,21084
2025-09-29 15:24:00,248.1199951171875,248.36000061035156,248.10000610351562,248.26499938964844,40513
2025-09-29 15:25:00,248.00999450683594,248.17999267578125,247.9199981689453,248.17469787597656,18865
2025-09-29 15:26:00,247.97999572753906,248.00999450683594,247.93499755859375,247.98500061035156,13578
2025-09-29 15:27:00,247.73159790039062,247.97000122070312,247.70150756835938,247.97000122070312,17721
2025-09-29 15:28:00,247.8350067138672,247.84500122070312,247.72999572753906,247.72999572753906,28985
2025-09-29 15:29:00,247.94000244140625,247.9499969482422,247.7550048828125,247.7899932861328,112447
2025-09-29 15:30:00,248.0050048828125,248.07000732421875,247.85009765625,247.91000366210938,47014
2025-09-29 15:31:00,248.03990173339844,248.0399932861328,247.92999267578125,247.97250366210938,27177
2025-09-29 15:32:00,248.08999633789062,248.13999938964844,247.9949951171875,248.05999755859375,35875
2025-09-29 15:33:00,248.14999389648438,248.22000122070312,248.00999450683594,248.08999633789062,34637
2025-09-29 15:34:00,248.17779541015625,248.197998046875,248.03500366210938,248.1699981689453,21564
2025-09-29 15:35:00,247.88499450683594,248.1999969482422,247.86000061035156,248.1999969482422,18813
2025-09-29 15:36:00,247.96499633789062,247.99000549316406,247.83999633789062,247.83999633789062,23039
2025-09-29 15:37:00,248.05999755859375,248.08990478515625,247.9600067138672,247.96499633789062,19309
2025-09-29 15:38:00,248.0800018310547,248.13999938964844,248.0399932861328,248.05999755859375,17663
2025-09-29 15:39:00,248.07000732421875,248.11000061035156,247.94000244140625,248.0500030517578,28651
2025-09-29 15:40:00,248.125,248.19000244140625,248.05999755859375,248.0749969482422,29827
2025-09-29 15:41:00,247.97999572753906,248.14999389648438,247.97000122070312,248.1199951171875,21964
2025-09-29 15:42:00,248.11570739746094,248.24000549316406,248.0,248.0,31332
2025-09-29 15:43:00,248.14999389648438,248.17999267578125,248.0399932861328,248.14999389648438,18755
2025-09-29 15:44:00,248.3800048828125,248.3800048828125,248.17999267578125,248.17999267578125,20784
2025-09-29 15:45:00,248.256103515625,248.3800048828125,248.22999572753906,248.36500549316406,15434
2025-09-29 15:46:00,248.38999938964844,248.38999938964844,248.25,248.25,17443
2025-09-29 15:47:00,248.47999572753906,248.54989624023438,248.38499450683594,248.38589477539062,38334
2025-09-29 15:48:00,248.3000030517578,248.48500061035156,248.25,248.48500061035156,47388
2025-09-29 15:49:00,248.30999755859375,248.3800048828125,248.26010131835938,248.27000427246094,27246
2025-09-29 15:50:00,248.34500122070312,248.39999389648438,248.28469848632812,248.3350067138672,22834
2025-09-29 15:51:00,248.2949981689453,248.39999389648438,248.2899932861328,248.36000061035156,14658
2025-09-29 15:52:00,248.27999877929688,248.36000061035156,248.27999877929688,248.30999755859375,11454
2025-09-29 15:53:00,248.42999267578125,248.42999267578125,248.23590087890625,248.2830047607422,19727
2025-09-29 15:54:00,248.4405059814453,248.4700927734375,248.3975067138672,248.47000122070312,25027
2025-09-29 15:55:00,248.24000549316406,248.48129272460938,248.22000122070312,248.44000244140625,47894
2025-09-29 15:56:00,248.22999572753906,248.30999755859375,248.1999969482422,248.25,18201
2025-09-29 15:57:00,248.24000549316406,248.24000549316406,248.1699981689453,248.24000549316406,18636
2025-09-29 15:58:00,248.2100067138672,248.4123992919922,248.2100067138672,248.25999450683594,30843
2025-09-29 15:59:00,248.25999450683594,248.25999450683594,248.14500427246094,248.22000122070312,12916
2025-09-29 16:00:00,248.30999755859375,248.36000061035156,248.25999450683594,248.27000427246094,23147
2025-09-29 16:01:00,248.2100067138672,248.30999755859375,248.17999267578125,248.30999755859375,39575
2025-09-29 16:02:00,248.26499938964844,248.30999755859375,248.14999389648438,248.22000122070312,28321
2025-09-29 16:03:00,248.08999633789062,248.25999450683594,248.02000427246094,248.25999450683594,27680
2025-09-29 16:04:00,248.125,248.22000122070312,248.10000610351562,248.10000610351562,17483
2025-09-29 16:05:00,248.13999938964844,248.19000244140625,248.1009979248047,248.14999389648438,18006
2025-09-29 16:06:00,248.14500427246094,248.25999450683594,248.10000610351562,248.1342010498047,32982
2025-09-29 16:07:00,248.0446014404297,248.1999969482422,248.0446014404297,248.13999938964844,21294
2025-09-29 16:08:00,248.1699981689453,248.19000244140625,248.02000427246094,248.07000732421875,20600
2025-09-29 16:09:00,248.11000061035156,248.1699981689453,248.0800018310547,248.1699981689453,9712
2025-09-29 16:10:00,248.41000366210938,248.44000244140625,248.10000610351562,248.10000610351562,20759
2025-09-29 16:11:00,248.3800048828125,248.48989868164062,248.35040283203125,248.40499877929688,22350
2025-09-29 16:12:00,248.25999450683594,248.4600067138672,248.25999450683594,248.38999938964844,16163
2025-09-29 16:13:00,248.26499938964844,248.27000427246094,248.1699981689453,248.25,21673
2025-09-29 16:14:00,248.42999267578125,248.4770965576172,248.25,248.25999450683594,20988
2025-09-29 16:15:00,248.5500030517578,248.57000732421875,248.4199981689453,248.42999267578125,16548
2025-09-29 16:16:00,248.36500549316406,248.5500030517578,248.33999633789062,248.5500030517578,15026
2025-09-29 16:17:00,248.03880310058594,248.3699951171875,248.02000427246094,248.3699951171875,24115
2025-09-29 16:18:00,248.16000366210938,248.16000366210938,248.02999877929688,248.0500030517578,19991
2025-09-29 16:19:00,248.33839416503906,248.35000610351562,248.17999267578125,248.17999267578125,15328
2025-09-29 16:20:00,248.25999450683594,248.36500549316406,248.22000122070312,248.35000610351562,13225
2025-09-29 16:21:00,248.25999450683594,248.30999755859375,248.1999969482422,248.2449951171875,12521
2025-09-29 16:22:00,248.43499755859375,248.43499755859375,248.27000427246094,248.27000427246094,12776
2025-09-29 16:23:00,248.41000366210938,248.5,248.41000366210938,248.44000244140625,13312
2025-09-29 16:24:00,248.4499969482422,248.4499969482422,248.4250030517578,248.4250030517578,7187
2025-09-29 16:25:00,248.39500427246094,248.4600067138672,248.35000610351562,248.4600067138672,12613
2025-09-29 16:26:00,248.3800048828125,248.4499969482422,248.35000610351562,248.38999938964844,15195
2025-09-29 16:27:00,248.33999633789062,248.4499969482422,248.32000732421875,248.3699951171875,17039
2025-09-29 16:28:00,248.3249969482422,248.41000366210938,248.27000427246094,248.3300018310547,31062
2025-09-29 16:29:00,248.27000427246094,248.3249969482422,248.22000122070312,248.3249969482422,43358
2025-09-29 16:30:00,248.27000427246094,248.32000732421875,248.1999969482422,248.25999450683594,17230
2025-09-29 16:31:00,248.22999572753906,248.30999755859375,248.22500610351562,248.27000427246094,18892
2025-09-29 16:32:00,248.30999755859375,248.33999633789062,248.22000122070312,248.25,17578
2025-09-29 16:33:00,248.32000732421875,248.38999938964844,248.3000030517578,248.3300018310547,12754
2025-09-29 16:34:00,248.36000061035156,248.3800048828125,248.27999877929688,248.32000732421875,13782
2025-09-29 16:35:00,248.32000732421875,248.36500549316406,248.27000427246094,248.36500549316406,13824
2025-09-29 16:36:00,248.22000122070312,248.3300018310547,248.1699981689453,248.3300018310547,15799
2025-09-29 16:37:00,248.11000061035156,248.1999969482422,248.08999633789062,248.19500732421875,25371
2025-09-29 16:38:00,248.13999938964844,248.17999267578125,248.08999633789062,248.10499572753906,15512
2025-09-29 16:39:00,248.08999633789062,248.1999969482422,248.0800018310547,248.1300048828125,13389
2025-09-29 16:40:00,248.0500030517578,248.11000061035156,248.02999877929688,248.10000610351562,19121
2025-09-29 16:41:00,248.0449981689453,248.08999633789062,248.0399932861328,248.0399932861328,14192
2025-09-29 16:42:00,248.02999877929688,248.14930725097656,248.0,248.0800018310547,14698
2025-09-29 16:43:00,247.87899780273438,248.07000732421875,247.83999633789062,248.03500366210938,35686
2025-09-29 16:44:00,247.75010681152344,247.89999389648438,247.74020385742188,247.8800048828125,21774
2025-09-29 16:45:00,247.80999755859375,247.82000732421875,247.6999969482422,247.75999450683594,22319
2025-09-29 16:46:00,247.75,247.9499969482422,247.72000122070312,247.8000030517578,24794
2025-09-29 16:47:00,247.8000030517578,247.86000061035156,247.73410034179688,247.75,19693
2025-09-29 16:48:00,247.8000030517578,247.80999755859375,247.72999572753906,247.7899932861328,34183
2025-09-29 16:49:00,247.80499267578125,247.8323974609375,247.74000549316406,247.7899932861328,9833
2025-09-29 16:50:00,247.83999633789062,247.86500549316406,247.7899932861328,247.8000030517578,14244
2025-09-29 16:51:00,247.77000427246094,247.82859802246094,247.74000549316406,247.82859802246094,20233
2025-09-29 16:52:00,247.8300018310547,247.83990478515625,247.75,247.75,18058
2025-09-29 16:53:00,247.8105010986328,247.83999633789062,247.74879455566406,247.82000732421875,25475
2025-09-29 16:54:00,247.72000122070312,247.81500244140625,247.67999267578125,247.80499267578125,22537
2025-09-29 16:55:00,247.8000030517578,247.80740356445312,247.66000366210938,247.72999572753906,15595
2025-09-29 16:56:00,247.73500061035156,247.80999755859375,247.72500610351562,247.7949981689453,14761
2025-09-29 16:57:00,247.7100067138672,247.7299041748047,247.6699981689453,247.72500610351562,14217
2025-09-29 16:58:00,247.72999572753906,247.91000366210938,247.7100067138672,247.7100067138672,24212
2025-09-29 16:59:00,247.6699981689453,247.74000549316406,247.60000610351562,247.74000549316406,23535
2025-09-29 17:00:00,247.5500030517578,247.66000366210938,247.42999267578125,247.66000366210938,29045
2025-09-29 17:01:00,247.4199981689453,247.55999755859375,247.4199981689453,247.52999877929688,34628
2025-09-29 17:02:00,247.16000366210938,247.43499755859375,246.52999877929688,247.43499755859375,247509
2025-09-29 17:03:00,245.8300018310547,247.16000366210938,245.52999877929688,247.14999389648438,241068
2025-09-29 17:04:00,246.07000732421875,246.3300018310547,244.9550018310547,245.92999267578125,302377
2025-09-29 17:05:00,246.36000061035156,246.5500030517578,245.55999755859375,246.05999755859375,135398
2025-09-29 17:06:00,246.9499969482422,246.97999572753906,246.35000610351562,246.39999389648438,44246
2025-09-29 17:07:00,246.97000122070312,247.1300048828125,246.89999389648438,246.94000244140625,51445
2025-09-29 17:08:00,246.94729614257812,247.05999755859375,246.86000061035156,246.98500061035156,38525
2025-09-29 17:09:00,246.7100067138672,246.9600067138672,246.59060668945312,246.9600067138672,50307
2025-09-29 17:10:00,246.5449981689453,246.75999450683594,246.52000427246094,246.7279052734375,19612
2025-09-29 17:11:00,246.1199951171875,246.5305938720703,246.1199951171875,246.4873046875,50522
2025-09-29 17:12:00,246.47000122070312,246.47000122070312,245.97850036621094,246.15440368652344,49912
2025-09-29 17:13:00,246.0399932861328,246.47000122070312,245.92999267578125,246.45309448242188,100333
2025-09-29 17:14:00,246.05160522460938,246.18499755859375,245.91000366210938,246.05999755859375,78686
2025-09-29 17:15:00,246.02000427246094,246.0800018310547,245.75,246.02999877929688,67177
2025-09-29 17:16:00,245.73060607910156,246.13999938964844,245.4199981689453,246.0500030517578,113378
2025-09-29 17:17:00,245.88999938964844,245.97000122070312,245.72999572753906,245.75999450683594,55202
2025-09-29 17:18:00,245.81280517578125,245.9499969482422,245.4600067138672,245.8800048828125,69428
2025-09-29 17:19:00,245.72000122070312,246.0,245.72000122070312,245.8249969482422,39414
2025-09-29 17:20:00,245.91000366210938,245.92669677734375,245.63999938964844,245.69000244140625,47279
2025-09-29 17:21:00,245.7100067138672,246.02000427246094,245.63999938964844,245.8699951171875,51592
2025-09-29 17:22:00,245.58999633789062,245.9499053955078,245.58999633789062,245.73480224609375,82170
2025-09-29 17:23:00,245.7100067138672,245.72000122070312,245.50999450683594,245.5500030517578,41704
2025-09-29 17:24:00,245.63999938964844,245.77000427246094,245.52999877929688,245.7100067138672,45527
2025-09-29 17:25:00,245.5850067138672,245.69000244140625,245.4199981689453,245.63999938964844,51614
2025-09-29 17:26:00,245.7100067138672,245.80499267578125,245.5500030517578,245.57449340820312,34120
2025-09-29 17:27:00,245.47999572753906,245.72549438476562,245.44009399414062,245.6999969482422,31354
2025-09-29 17:28:00,245.41000366210938,245.52499389648438,245.3000030517578,245.4801025390625,37885
2025-09-29 17:29:00,245.47500610351562,245.57069396972656,245.3699951171875,245.41000366210938,39324
2025-09-29 17:30:00,245.33999633789062,245.47999572753906,245.27999877929688,245.4600067138672,34916
2025-09-29 17:31:00,245.1699981689453,245.3000030517578,245.0399932861328,245.3000030517578,63761
2025-09-29 17:32:00,244.9600067138672,245.17599487304688,244.89999389648438,245.16000366210938,68212
2025-09-29 17:33:00,244.94500732421875,245.16000366210938,244.89999389648438,244.9600067138672,45059
2025-09-29 17:34:00,244.58050537109375,245.00999450683594,244.57000732421875,244.95970153808594,64940
2025-09-29 17:35:00,244.39999389648438,244.62989807128906,244.33999633789062,244.58999633789062,74144
2025-09-29 17:36:00,244.24949645996094,244.52999877929688,244.22000122070312,244.41000366210938,132104
2025-09-29 17:37:00,244.3699951171875,244.61000061035156,244.24000549316406,244.27999877929688,132610
2025-09-29 17:38:00,244.52490234375,244.5800018310547,244.30499267578125,244.35000610351562,62234
2025-09-29 17:39:00,244.82000732421875,244.86000061035156,244.52000427246094,244.52999877929688,99957
2025-09-29 17:40:00,244.99029541015625,245.16000366210938,244.77999877929688,244.82000732421875,131017
2025-09-29 17:41:00,244.99000549316406,245.02000427246094,244.66000366210938,244.97999572753906,77225
2025-09-29 17:42:00,244.89500427246094,245.3000030517578,244.82000732421875,244.9600067138672,84698
2025-09-29 17:43:00,244.86390686035156,244.95590209960938,244.5800018310547,244.88499450683594,34871
2025-09-29 17:44:00,244.75,244.8446044921875,244.67999267578125,244.83999633789062,30354
2025-09-29 17:45:00,244.60000610351562,244.74130249023438,244.52000427246094,244.74130249023438,35897
2025-09-29 17:46:00,244.6092987060547,244.64990234375,244.5,244.60000610351562,42346
2025-09-29 17:47:00,244.5749969482422,244.66000366210938,244.47999572753906,244.60499572753906,32446
2025-09-29 17:48:00,244.4499969482422,244.60000610351562,244.42999267578125,244.58360290527344,46425
2025-09-29 17:49:00,244.58999633789062,244.67269897460938,244.44000244140625,244.4550018310547,53702
2025-09-29 17:50:00,244.4199981689453,244.64999389648438,244.30059814453125,244.6199951171875,40363
2025-09-29 17:51:00,244.5749969482422,244.61000061035156,244.38999938964844,244.4149932861328,30495
2025-09-29 17:52:00,244.88999938964844,244.91000366210938,244.5850067138672,244.5850067138672,40622
2025-09-29 17:53:00,244.6750030517578,244.91000366210938,244.58999633789062,244.91000366210938,59580
2025-09-29 17:54:00,244.80999755859375,244.85000610351562,244.55999755859375,244.68800354003906,85192
2025-09-29 17:55:00,244.5399932861328,244.80589294433594,244.52499389648438,244.79100036621094,44740
2025-09-29 17:56:00,244.72999572753906,244.77000427246094,244.50999450683594,244.5364990234375,44457
2025-09-29 17:57:00,244.70260620117188,244.8300018310547,244.60000610351562,244.74000549316406,46034
2025-09-29 17:58:00,244.60000610351562,244.70230102539062,244.52999877929688,244.69000244140625,27623
2025-09-29 17:59:00,244.75999450683594,244.75999450683594,244.5800018310547,244.6199951171875,24650
2025-09-29 18:00:00,245.0749969482422,245.0800018310547,244.75469970703125,244.75469970703125,31348
2025-09-29 18:01:00,245.15139770507812,245.16000366210938,245.02999877929688,245.0800018310547,29047
2025-09-29 18:02:00,245.05999755859375,245.20799255371094,245.05999755859375,245.14500427246094,20139
2025-09-29 18:03:00,245.1956024169922,245.2050018310547,245.0749969482422,245.0841064453125,23667
2025-09-29 18:04:00,245.50999450683594,245.52999877929688,245.1999969482422,245.22000122070312,33113
2025-09-29 18:05:00,245.5605010986328,245.67999267578125,245.506103515625,245.53990173339844,32098
2025-09-29 18:06:00,245.47000122070312,245.58999633789062,245.47000122070312,245.5500030517578,28757
2025-09-29 18:07:00,245.47500610351562,245.50999450683594,245.39999389648438,245.4600067138672,25327
2025-09-29 18:08:00,245.50999450683594,245.5500030517578,245.41000366210938,245.4600067138672,32434
2025-09-29 18:09:00,245.44000244140625,245.5800018310547,245.42999267578125,245.4906005859375,26227
2025-09-29 18:10:00,245.39999389648438,245.4600067138672,245.30999755859375,245.4600067138672,24572
2025-09-29 18:11:00,245.37989807128906,245.4199981689453,245.2729949951172,245.36000061035156,16216
2025-09-29 18:12:00,245.36000061035156,245.47999572753906,245.32000732421875,245.35499572753906,23025
2025-09-29 18:13:00,245.35000610351562,245.44000244140625,245.3249969482422,245.3699951171875,12322
2025-09-29 18:14:00,245.46499633789062,245.46499633789062,245.2899932861328,245.35000610351562,19603
2025-09-29 18:15:00,245.4600067138672,245.47999572753906,245.35000610351562,245.47000122070312,27458
2025-09-29 18:16:00,245.38999938964844,245.4600067138672,245.3802032470703,245.43499755859375,15925
2025-09-29 18:17:00,245.32000732421875,245.37989807128906,245.24000549316406,245.3699951171875,10984
2025-09-29 18:18:00,245.32000732421875,245.34500122070312,245.27499389648438,245.27999877929688,9260
2025-09-29 18:19:00,245.27999877929688,245.3000030517578,245.14999389648438,245.3000030517578,16829
2025-09-29 18:20:00,245.44000244140625,245.47000122070312,245.27499389648438,245.27499389648438,26919
2025-09-29 18:21:00,245.52000427246094,245.52999877929688,245.4499969482422,245.4499969482422,14780
2025-09-29 18:22:00,245.49000549316406,245.5399932861328,245.47999572753906,245.52000427246094,11307
2025-09-29 18:23:00,245.44000244140625,245.47000122070312,245.38999938964844,245.44500732421875,15153
2025-09-29 18:24:00,245.47000122070312,245.49000549316406,245.4250030517578,245.44000244140625,10090
2025-09-29 18:25:00,245.33140563964844,245.5050048828125,245.3300018310547,245.47999572753906,17037
2025-09-29 18:26:00,245.47000122070312,245.5,245.3000030517578,245.3000030517578,15719
2025-09-29 18:27:00,245.41940307617188,245.47979736328125,245.33999633789062,245.4340057373047,20401
2025-09-29 18:28:00,245.38999938964844,245.4199981689453,245.35000610351562,245.4199981689453,11661
2025-09-29 18:29:00,245.53909301757812,245.53990173339844,245.3800048828125,245.39500427246094,21329
2025-09-29 18:30:00,245.50140380859375,245.572998046875,245.47760009765625,245.52999877929688,19627
2025-09-29 18:31:00,245.4969940185547,245.55999755859375,245.4199981689453,245.4949951171875,12794
2025-09-29 18:32:00,245.5,245.52999877929688,245.41000366210938,245.4949951171875,13713
2025-09-29 18:33:00,245.47999572753906,245.5500030517578,245.47000122070312,245.5399932861328,11586
2025-09-29 18:34:00,245.33299255371094,245.50999450683594,245.3300018310547,245.4700927734375,14393
2025-09-29 18:35:00,245.3699951171875,245.3800048828125,245.3000030517578,245.32000732421875,25043
2025-09-29 18:36:00,245.38999938964844,245.39129638671875,245.3350067138672,245.3699951171875,14167
2025-09-29 18:37:00,245.25999450683594,245.39999389648438,245.25,245.38999938964844,15846
2025-09-29 18:38:00,245.1750030517578,245.27999877929688,245.14500427246094,245.25999450683594,23538
2025-09-29 18:39:00,245.17999267578125,245.17999267578125,245.10000610351562,245.1746063232422,17629
2025-09-29 18:40:00,245.10000610351562,245.17999267578125,245.02999877929688,245.1750030517578,19228
2025-09-29 18:41:00,245.24000549316406,245.25,245.11000061035156,245.11000061035156,23164
2025-09-29 18:42:00,245.1999969482422,245.27999877929688,245.13999938964844,245.24000549316406,19567
2025-09-29 18:43:00,245.28280639648438,245.41000366210938,245.17999267578125,245.19500732421875,18186
2025-09-29 18:44:00,245.30499267578125,245.30999755859375,245.2100067138672,245.3000030517578,23428
2025-09-29 18:45:00,245.35000610351562,245.4199981689453,245.3000030517578,245.32000732421875,20775
2025-09-29 18:46:00,245.38999938964844,245.39999389648438,245.3350067138672,245.33999633789062,19428
2025-09-29 18:47:00,245.2899932861328,245.42999267578125,245.26499938964844,245.38999938964844,31003
2025-09-29 18:48:00,245.27000427246094,245.2899932861328,245.22999572753906,245.2899932861328,24548
2025-09-29 18:49:00,245.14999389648438,245.27000427246094,245.14500427246094,245.25999450683594,15049
2025-09-29 18:50:00,245.17999267578125,245.1999969482422,245.09500122070312,245.1300048828125,14654
2025-09-29 18:51:00,245.1649932861328,245.24000549316406,245.1199951171875,245.19000244140625,17357
2025-09-29 18:52:00,245.13999938964844,245.1699981689453,245.0850067138672,245.1699981689453,17089
2025-09-29 18:53:00,245.05499267578125,245.10499572753906,245.0399932861328,245.10499572753906,11997
2025-09-29 18:54:00,244.9250030517578,245.06480407714844,244.91000366210938,245.06480407714844,19223
2025-09-29 18:55:00,244.97000122070312,244.99000549316406,244.88999938964844,244.92999267578125,22860
2025-09-29 18:56:00,244.9705047607422,245.0216064453125,244.9001007080078,244.9600067138672,40837
2025-09-29 18:57:00,245.00999450683594,245.07000732421875,244.9600067138672,244.97869873046875,26853
2025-09-29 18:58:00,245.0399932861328,245.10000610351562,245.00999450683594,245.00999450683594,34917
2025-09-29 18:59:00,244.9199981689453,245.0500030517578,244.9149932861328,245.0399932861328,28014
2025-09-29 19:00:00,244.7967987060547,244.93060302734375,244.77499389648438,244.89999389648438,32257
2025-09-29 19:01:00,244.5850067138672,244.7899932861328,244.5399932861328,244.77999877929688,38239
2025-09-29 19:02:00,244.47999572753906,244.68499755859375,244.4600067138672,244.5850067138672,40496
2025-09-29 19:03:00,244.5050048828125,244.6300048828125,244.4499969482422,244.4499969482422,27842
2025-09-29 19:04:00,244.4499969482422,244.5500030517578,244.44000244140625,244.52000427246094,38084
2025-09-29 19:05:00,244.07000732421875,244.47000122070312,244.07000732421875,244.4600067138672,40851
2025-09-29 19:06:00,243.92999267578125,244.11000061035156,243.4499969482422,244.08999633789062,116951
2025-09-29 19:07:00,243.9499969482422,244.0,243.77000427246094,243.82000732421875,66766
2025-09-29 19:08:00,243.44500732421875,244.02000427246094,243.42999267578125,243.9499969482422,68533
2025-09-29 19:09:00,243.6300048828125,243.6300048828125,243.24000549316406,243.4499969482422,120565
2025-09-29 19:10:00,243.74000549316406,243.7550048828125,243.5800018310547,243.67999267578125,68470
2025-09-29 19:11:00,243.5500030517578,243.83999633789062,243.5500030517578,243.7449951171875,33825
2025-09-29 19:12:00,243.47000122070312,243.58999633789062,243.3000030517578,243.56300354003906,80190
2025-09-29 19:13:00,243.5800018310547,243.66000366210938,243.3699951171875,243.48500061035156,70798
2025-09-29 19:14:00,243.6300048828125,243.69650268554688,243.5399932861328,243.5800018310547,42061
2025-09-29 19:15:00,243.5800018310547,243.67999267578125,243.3699951171875,243.6300048828125,65682
2025-09-29 19:16:00,243.4600067138672,243.64999389648438,243.38999938964844,243.5800018310547,7292152
2025-09-29 19:17:00,243.5,243.57000732421875,243.38999938964844,243.47000122070312,0
2025-09-29 19:18:00,243.53480529785156,243.63999938964844,243.36000061035156,243.49000549316406,47195
2025-09-29 19:19:00,243.6199951171875,243.67999267578125,243.3800048828125,243.52999877929688,39680
2025-09-29 19:20:00,243.85000610351562,243.8699951171875,243.60000610351562,243.60000610351562,24837
2025-09-29 19:21:00,243.56500244140625,243.8300018310547,243.5399932861328,243.8300018310547,37680
2025-09-29 19:22:00,243.57989501953125,243.58999633789062,243.4600067138672,243.5399932861328,54046
2025-09-29 19:23:00,243.5,243.6199951171875,243.4600067138672,243.5749969482422,46023
2025-09-29 19:24:00,243.38999938964844,243.5,243.3699951171875,243.49000549316406,50196
2025-09-29 19:25:00,243.47000122070312,243.5,243.27810668945312,243.38099670410156,43739
2025-09-29 19:26:00,243.4134979248047,243.50999450683594,243.36000061035156,243.47500610351562,41671
2025-09-29 19:27:00,243.5449981689453,243.6699981689453,243.41000366210938,243.42210388183594,39297
2025-09-29 19:28:00,243.5,243.5540008544922,243.38999938964844,243.5540008544922,36718
2025-09-29 19:29:00,243.32000732421875,243.58999633789062,243.30999755859375,243.51499938964844,34293
2025-09-29 19:30:00,243.12130737304688,243.3350067138672,243.02000427246094,243.3300018310547,75492
2025-09-29 19:31:00,242.89500427246094,243.14999389648438,242.86500549316406,243.11000061035156,73084
2025-09-29 19:32:00,242.88999938964844,243.0399932861328,242.8300018310547,242.90699768066406,55090
2025-09-29 19:33:00,243.0399932861328,243.05929565429688,242.85000610351562,242.8699951171875,65618
2025-09-29 19:34:00,242.88999938964844,243.08999633789062,242.85000610351562,243.02999877929688,40937
2025-09-29 19:35:00,242.83999633789062,242.9593963623047,242.77000427246094,242.93499755859375,58553
2025-09-29 19:36:00,242.93499755859375,242.99000549316406,242.82000732421875,242.83999633789062,44635
2025-09-29 19:37:00,242.9499969482422,243.0198974609375,242.8946075439453,242.89999389648438,42626
2025-09-29 19:38:00,243.02999877929688,243.08999633789062,242.89999389648438,242.96400451660156,57977
2025-09-29 19:39:00,243.07000732421875,243.1300048828125,243.02000427246094,243.02499389648438,45991
2025-09-29 19:40:00,243.47000122070312,243.52000427246094,243.05999755859375,243.07000732421875,74999
2025-09-29 19:41:00,243.64500427246094,243.7100067138672,243.47000122070312,243.49000549316406,72814
2025-09-29 19:42:00,243.5,243.66000366210938,243.4362030029297,243.6300048828125,52096
2025-09-29 19:43:00,243.2949981689453,243.5,243.27000427246094,243.49000549316406,43251
2025-09-29 19:44:00,243.38999938964844,243.41000366210938,243.22999572753906,243.27499389648438,58626
2025-09-29 19:45:00,243.72000122070312,243.77000427246094,243.39999389648438,243.41029357910156,45541
2025-09-29 19:46:00,243.78500366210938,243.86000061035156,243.660400390625,243.72000122070312,56103
2025-09-29 19:47:00,243.92999267578125,243.97000122070312,243.77999877929688,243.78500366210938,61578
2025-09-29 19:48:00,243.89300537109375,243.95599365234375,243.82000732421875,243.9499969482422,57716
2025-09-29 19:49:00,243.85000610351562,243.91000366210938,243.77999877929688,243.87379455566406,48164
2025-09-29 19:50:00,243.81649780273438,244.27000427246094,243.75,243.8300018310547,109479
2025-09-29 19:51:00,243.7449951171875,243.85000610351562,243.6540985107422,243.8300018310547,61205
2025-09-29 19:52:00,243.69000244140625,243.83309936523438,243.66000366210938,243.75999450683594,88917
2025-09-29 19:53:00,243.61000061035156,243.75999450683594,243.5399932861328,243.6999969482422,90288
2025-09-29 19:54:00,243.6999969482422,243.72000122070312,243.41000366210938,243.60000610351562,103821
2025-09-29 19:55:00,243.92999267578125,243.92999267578125,243.64999389648438,243.67999267578125,153878
2025-09-29 19:56:00,243.69000244140625,243.94900512695312,242.97000122070312,243.9199981689453,307152
2025-09-29 19:57:00,243.90499877929688,243.9600067138672,243.67999267578125,243.6999969482422,154164
2025-09-29 19:58:00,244.0,244.0,243.8000030517578,243.90499877929688,8680378
2025-09-29 19:59:00,244.0399932861328,244.16000366210938,243.97000122070312,244.0,0
2025-09-30 13:30:00,242.17999267578125,243.2200927734375,242.08999633789062,242.9824981689453,838643
2025-09-30 13:31:00,241.8699951171875,242.58999633789062,241.8699951171875,242.16009521484375,169675
2025-09-30 13:32:00,241.84500122070312,242.36500549316406,241.5800018310547,241.91000366210938,115809
2025-09-30 13:33:00,241.33990478515625,241.89999389648438,241.1300048828125,241.82000732421875,137087
2025-09-30 13:34:00,241.13499450683594,241.38999938964844,240.80999755859375,241.24000549316406,149670
2025-09-30 13:35:00,241.2100067138672,241.5399932861328,241.0449981689453,241.13499450683594,85160
2025-09-30 13:36:00,240.64500427246094,241.36000061035156,240.60000610351562,241.1999969482422,202033
2025-09-30 13:37:00,239.92999267578125,240.92999267578125,239.91000366210938,240.6300048828125,303592
2025-09-30 13:38:00,239.41000366210938,240.2012939453125,239.3300018310547,239.9499969482422,202631
2025-09-30 13:39:00,239.6199951171875,239.73989868164062,239.2449951171875,239.39999389648438,158525
2025-09-30 13:40:00,239.94000244140625,240.0,239.52999877929688,239.63999938964844,141311
2025-09-30 13:41:00,240.3699951171875,240.4199981689453,239.78370666503906,239.94569396972656,108442
2025-09-30 13:42:00,240.4600067138672,240.72999572753906,240.25970458984375,240.37030029296875,124750
2025-09-30 13:43:00,240.81500244140625,240.8383026123047,240.32000732421875,240.4600067138672,78049
2025-09-30 13:44:00,240.6300048828125,240.89500427246094,240.47999572753906,240.85499572753906,66180
2025-09-30 13:45:00,240.66000366210938,241.0399932861328,240.28500366210938,240.625,97642
2025-09-30 13:46:00,240.8990020751953,241.02999877929688,240.66000366210938,240.67999267578125,57587
2025-09-30 13:47:00,241.02000427246094,241.11000061035156,240.75999450683594,240.94000244140625,60868
2025-09-30 13:48:00,240.61500549316406,241.0500030517578,240.52000427246094,241.0500030517578,61461
2025-09-30 13:49:00,240.4600067138672,240.61500549316406,240.22999572753906,240.59129333496094,74239
2025-09-30 13:50:00,240.32000732421875,240.47000122070312,240.2100067138672,240.44000244140625,69459
2025-09-30 13:51:00,240.05499267578125,240.35000610351562,239.9199981689453,240.35000610351562,76359
2025-09-30 13:52:00,240.18499755859375,240.1999053955078,239.9499969482422,240.0500030517578,42447
2025-09-30 13:53:00,239.99020385742188,240.30999755859375,239.9499969482422,240.1999969482422,51414
2025-09-30 13:54:00,240.25,240.375,239.89999389648438,239.9700927734375,59337
2025-09-30 13:55:00,240.27999877929688,240.36000061035156,240.11219787597656,240.22999572753906,36066
2025-09-30 13:56:00,240.25010681152344,240.39999389648438,240.24000549316406,240.2550048828125,27975
2025-09-30 13:57:00,240.63499450683594,240.63999938964844,240.26499938964844,240.26499938964844,67286
2025-09-30 13:58:00,240.6999969482422,240.78799438476562,240.63999938964844,240.64999389648438,48805
2025-09-30 13:59:00,240.6699981689453,240.87989807128906,240.5500030517578,240.72000122070312,76127
2025-09-30 14:00:00,240.6699981689453,240.91000366210938,240.64999389648438,240.67999267578125,55818
2025-09-30 14:01:00,240.76820373535156,240.7899932861328,240.57000732421875,240.69000244140625,49803
2025-09-30 14:02:00,241.00999450683594,241.07000732421875,240.7100067138672,240.75999450683594,56256
2025-09-30 14:03:00,241.1027069091797,241.1199951171875,240.8000030517578,241.00999450683594,68084
2025-09-30 14:04:00,241.07000732421875,241.2550048828125,241.02499389648438,241.1199951171875,101818
2025-09-30 14:05:00,241.02000427246094,241.16000366210938,240.89999389648438,241.0749969482422,59866
2025-09-30 14:06:00,240.66000366210938,241.00509643554688,240.66000366210938,241.00509643554688,58750
2025-09-30 14:07:00,240.49000549316406,240.72999572753906,240.36500549316406,240.6649932861328,44810
2025-09-30 14:08:00,240.6199951171875,240.6199951171875,240.4250030517578,240.49000549316406,39418
2025-09-30 14:09:00,240.55999755859375,240.6999969482422,240.5,240.6300048828125,41868
2025-09-30 14:10:00,240.72999572753906,240.73989868164062,240.55999755859375,240.58999633789062,37471
2025-09-30 14:11:00,239.9499969482422,240.75999450683594,239.7100067138672,240.72349548339844,241751
2025-09-30 14:12:00,240.14999389648438,240.14999389648438,239.38999938964844,239.97000122070312,181465
2025-09-30 14:13:00,240.22999572753906,240.39999389648438,239.9499969482422,240.13999938964844,80667
2025-09-30 14:14:00,240.36639404296875,240.39990234375,240.23300170898438,240.24000549316406,27836
2025-09-30 14:15:00,240.27000427246094,240.4799041748047,240.1999969482422,240.33999633789062,71215
2025-09-30 14:16:00,240.38999938964844,240.44000244140625,240.24000549316406,240.2899932861328,48517
2025-09-30 14:17:00,240.5500030517578,240.6199951171875,240.3699951171875,240.375,67284
2025-09-30 14:18:00,240.43499755859375,240.5399932861328,240.27999877929688,240.5399932861328,34805
2025-09-30 14:19:00,240.3699951171875,240.5399932861328,240.27499389648438,240.4600067138672,50144
2025-09-30 14:20:00,240.55999755859375,240.55999755859375,240.3654022216797,240.375,68411
2025-09-30 14:21:00,240.5800018310547,240.7899932861328,240.55999755859375,240.55999755859375,56088
2025-09-30 14:22:00,240.6999969482422,240.8000030517578,240.60499572753906,240.60499572753906,37413
2025-09-30 14:23:00,240.66000366210938,240.85659790039062,240.64500427246094,240.6999969482422,58816
2025-09-30 14:24:00,240.74000549316406,240.8300018310547,240.61000061035156,240.69500732421875,37246
2025-09-30 14:25:00,240.66000366210938,240.75,240.5800018310547,240.67999267578125,29362
2025-09-30 14:26:00,240.4600067138672,240.68499755859375,240.33999633789062,240.6699981689453,28125
2025-09-30 14:27:00,240.3800048828125,240.52999877929688,240.3800048828125,240.47000122070312,32699
2025-09-30 14:28:00,239.97999572753906,240.41000366210938,239.97999572753906,240.41000366210938,47554
2025-09-30 14:29:00,240.1300048828125,240.19000244140625,239.97000122070312,239.97000122070312,25805
2025-09-30 14:30:00,240.19000244140625,240.24110412597656,240.07000732421875,240.125,42421
2025-09-30 14:31:00,240.143798828125,240.2960968017578,240.13499450683594,240.1800994873047,42682
2025-09-30 14:32:00,240.17999267578125,240.27000427246094,240.13999938964844,240.16000366210938,20161
2025-09-30 14:33:00,240.25,240.31500244140625,240.17990112304688,240.17999267578125,39051
2025-09-30 14:34:00,240.33999633789062,240.4799041748047,240.26019287109375,240.27969360351562,43478
2025-09-30 14:35:00,240.21209716796875,240.33299255371094,240.11000061035156,240.30999755859375,28110
2025-09-30 14:36:00,240.27499389648438,240.41000366210938,240.1999969482422,240.2100067138672,29811
2025-09-30 14:37:00,240.4199981689453,240.48500061035156,240.27999877929688,240.27999877929688,26644
2025-09-30 14:38:00,240.44000244140625,240.48500061035156,240.32000732421875,240.44000244140625,25167
2025-09-30 14:39:00,240.45640563964844,240.5,240.36000061035156,240.41000366210938,25713
2025-09-30 14:40:00,241.00999450683594,241.02000427246094,240.42999267578125,240.48500061035156,51776
2025-09-30 14:41:00,241.02999877929688,241.0399932861328,240.92730712890625,241.0,73736
2025-09-30 14:42:00,240.9250030517578,241.1300048828125,240.8800048828125,241.0399932861328,66832
2025-09-30 14:43:00,240.89999389648438,241.0749969482422,240.8800048828125,240.9199981689453,31014
2025-09-30 14:44:00,240.94009399414062,241.00999450683594,240.88999938964844,240.90499877929688,27513
2025-09-30 14:45:00,240.8699951171875,241.0,240.8300018310547,240.93499755859375,32434
2025-09-30 14:46:00,240.49000549316406,240.83999633789062,240.49000549316406,240.83999633789062,33551
2025-09-30 14:47:00,240.74000549316406,240.77999877929688,240.4600067138672,240.52000427246094,27358
2025-09-30 14:48:00,240.99839782714844,241.06350708007812,240.8000030517578,240.8000030517578,50086
2025-09-30 14:49:00,240.90499877929688,240.98500061035156,240.85000610351562,240.98500061035156,21858
2025-09-30 14:50:00,240.9199981689453,240.95199584960938,240.75,240.94000244140625,40292
2025-09-30 14:51:00,240.88499450683594,241.05999755859375,240.83999633789062,240.9499969482422,55743
2025-09-30 14:52:00,240.91000366210938,241.02999877929688,240.8249969482422,240.91000366210938,29551
2025-09-30 14:53:00,240.8800048828125,241.0,240.86000061035156,240.88999938964844,66927
2025-09-30 14:54:00,240.69500732421875,240.98240661621094,240.55999755859375,240.89999389648438,153394
2025-09-30 14:55:00,240.87030029296875,240.94500732421875,240.6300048828125,240.64999389648438,35337
2025-09-30 14:56:00,241.01499938964844,241.0800018310547,240.83999633789062,240.8800048828125,38548
2025-09-30 14:57:00,240.89999389648438,241.11000061035156,240.8112030029297,241.02000427246094,58261
2025-09-30 14:58:00,241.00999450683594,241.02999877929688,240.8249969482422,240.89999389648438,74172
2025-09-30 14:59:00,241.25,241.25999450683594,241.02000427246094,241.02000427246094,42493
2025-09-30 15:00:00,241.35000610351562,241.55999755859375,241.25999450683594,241.25999450683594,80261
2025-09-30 15:01:00,241.08999633789062,241.41000366210938,240.9499969482422,241.39999389648438,96074
2025-09-30 15:02:00,240.9149932861328,241.14999389648438,240.89500427246094,241.1197052001953,31688
2025-09-30 15:03:00,241.02999877929688,241.05999755859375,240.85000610351562,240.91000366210938,28790
2025-09-30 15:04:00,241.02999877929688,241.10000610351562,240.9499969482422,241.00999450683594,18661
2025-09-30 15:05:00,241.0,241.02000427246094,240.85000610351562,241.02000427246094,33203
2025-09-30 15:06:00,240.83999633789062,241.10000610351562,240.83999633789062,241.0,24444
2025-09-30 15:07:00,240.67999267578125,240.85499572753906,240.55999755859375,240.85499572753906,37343
2025-09-30 15:08:00,240.75,240.7805938720703,240.64010620117188,240.6699981689453,36099
2025-09-30 15:09:00,240.83810424804688,240.889404296875,240.67999267578125,240.75,23011
2025-09-30 15:10:00,240.8000030517578,240.89999389648438,240.76019287109375,240.84500122070312,31870
2025-09-30 15:11:00,240.50999450683594,240.8699951171875,240.3800048828125,240.80999755859375,78038
2025-09-30 15:12:00,240.74000549316406,240.7501983642578,240.52499389648438,240.52999877929688,28269
2025-09-30 15:13:00,240.86000061035156,240.94000244140625,240.74000549316406,240.74000549316406,26207
2025-09-30 15:14:00,240.6999969482422,240.90179443359375,240.6999969482422,240.85499572753906,28669
2025-09-30 15:15:00,240.77000427246094,240.83999633789062,240.5800018310547,240.72000122070312,27235
2025-09-30 15:16:00,240.77499389648438,240.88999938964844,240.72999572753906,240.78509521484375,21158
2025-09-30 15:17:00,240.83920288085938,240.8699951171875,240.69000244140625,240.77000427246094,21930
2025-09-30 15:18:00,240.86000061035156,240.91000366210938,240.82000732421875,240.875,23274
2025-09-30 15:19:00,240.7899932861328,240.94000244140625,240.7100067138672,240.86000061035156,25889
2025-09-30 15:20:00,240.72000122070312,240.88999938964844,240.6649932861328,240.77000427246094,30307
2025-09-30 15:21:00,240.55499267578125,240.84500122070312,240.52000427246094,240.7100067138672,30889
2025-09-30 15:22:00,240.4499969482422,240.64999389648438,240.42489624023438,240.5399932861328,34063
2025-09-30 15:23:00,240.3300018310547,240.49000549316406,240.30999755859375,240.44500732421875,26364
2025-09-30 15:24:00,240.27000427246094,240.38999938964844,240.2550048828125,240.35000610351562,29494
2025-09-30 15:25:00,240.03500366210938,240.27999877929688,240.03500366210938,240.27999877929688,30841
2025-09-30 15:26:00,239.89999389648438,240.02999877929688,239.88999938964844,240.02999877929688,71393
2025-09-30 15:27:00,239.67999267578125,239.88999938964844,239.52499389648438,239.86000061035156,69597
2025-09-30 15:28:00,239.6999969482422,239.80999755859375,239.6699981689453,239.68499755859375,35890
2025-09-30 15:29:00,239.7490997314453,239.87550354003906,239.69000244140625,239.6999969482422,25701
2025-09-30 15:30:00,239.75,239.89999389648438,239.59500122070312,239.7449951171875,78883
2025-09-30 15:31:00,239.94000244140625,239.94500732421875,239.75999450683594,239.7781982421875,34754
2025-09-30 15:32:00,240.1898956298828,240.22120666503906,239.94000244140625,239.96499633789062,40001
2025-09-30 15:33:00,240.10000610351562,240.25,240.0500030517578,240.19000244140625,57587
2025-09-30 15:34:00,240.1300048828125,240.19500732421875,240.05999755859375,240.11000061035156,22729
2025-09-30 15:35:00,240.02999877929688,240.13999938964844,239.92999267578125,240.13999938964844,36311
2025-09-30 15:36:00,240.01499938964844,240.13999938964844,240.0,240.0500030517578,18517
2025-09-30 15:37:00,239.92999267578125,240.0399932861328,239.8249969482422,240.02999877929688,33043
2025-09-30 15:38:00,240.05999755859375,240.10499572753906,239.89999389648438,239.92999267578125,83133
2025-09-30 15:39:00,240.05259704589844,240.0800018310547,239.97000122070312,240.05999755859375,28999
2025-09-30 15:40:00,240.03500366210938,240.11500549316406,239.99000549316406,240.0500030517578,43402
2025-09-30 15:41:00,240.19000244140625,240.24000549316406,240.00999450683594,240.0399932861328,134350
2025-09-30 15:42:00,240.55999755859375,240.57000732421875,240.1699981689453,240.2050018310547,22232
2025-09-30 15:43:00,240.69000244140625,240.7050018310547,240.5399932861328,240.5500030517578,30386
2025-09-30 15:44:00,240.75,240.77000427246094,240.66000366210938,240.69000244140625,20765
2025-09-30 15:45:00,240.81500244140625,240.8300018310547,240.67999267578125,240.72999572753906,21462
2025-09-30 15:46:00,240.7899932861328,240.86500549316406,240.72000122070312,240.82000732421875,37500
2025-09-30 15:47:00,240.67999267578125,240.8350067138672,240.6649932861328,240.7899932861328,17942
2025-09-30 15:48:00,240.83999633789062,240.83999633789062,240.66000366210938,240.69000244140625,27332
2025-09-30 15:49:00,241.0749969482422,241.0749969482422,240.83639526367188,240.83999633789062,34084
2025-09-30 15:50:00,241.11000061035156,241.14500427246094,241.02999877929688,241.07020568847656,18605
2025-09-30 15:51:00,241.08999633789062,241.13999938964844,241.05999755859375,241.10000610351562,22038
2025-09-30 15:52:00,241.05999755859375,241.10000610351562,240.98500061035156,241.08999633789062,24105
2025-09-30 15:53:00,241.08999633789062,241.1300048828125,241.01499938964844,241.06100463867188,15701
2025-09-30 15:54:00,241.09500122070312,241.15550231933594,241.05999755859375,241.0800018310547,28275
2025-09-30 15:55:00,241.20379638671875,241.21499633789062,241.05499267578125,241.08999633789062,32018
2025-09-30 15:56:00,241.25,241.25999450683594,241.11000061035156,241.17999267578125,36115
2025-09-30 15:57:00,241.4199981689453,241.5,241.1999969482422,241.27999877929688,35426
2025-09-30 15:58:00,241.4600067138672,241.50999450683594,241.42999267578125,241.42999267578125,42248
2025-09-30 15:59:00,241.41000366210938,241.52000427246094,241.41000366210938,241.42999267578125,36344
2025-09-30 16:00:00,241.2342071533203,241.45010375976562,241.2100067138672,241.4199981689453,35784
2025-09-30 16:01:00,241.29930114746094,241.32000732421875,241.16099548339844,241.25999450683594,27240
2025-09-30 16:02:00,241.19500732421875,241.3000030517578,241.17999267578125,241.27999877929688,19764
2025-09-30 16:03:00,241.27999877929688,241.36000061035156,241.22999572753906,241.22999572753906,25412
2025-09-30 16:04:00,241.25999450683594,241.3350067138672,241.24000549316406,241.27000427246094,15861
2025-09-30 16:05:00,241.26499938964844,241.3000030517578,241.19500732421875,241.25999450683594,21844
2025-09-30 16:06:00,241.3300018310547,241.44000244140625,241.25,241.2698974609375,26995
2025-09-30 16:07:00,241.25,241.33999633789062,241.23500061035156,241.3350067138672,20999
2025-09-30 16:08:00,241.14999389648438,241.30999755859375,241.08999633789062,241.25999450683594,40461
2025-09-30 16:09:00,241.2949981689453,241.3300018310547,241.11000061035156,241.16000366210938,28863
2025-09-30 16:10:00,241.26400756835938,241.375,241.22000122070312,241.2949981689453,38249
2025-09-30 16:11:00,241.3350067138672,241.44000244140625,241.27499389648438,241.27999877929688,40657
2025-09-30 16:12:00,241.27999877929688,241.3350067138672,241.24000549316406,241.3300018310547,47783
2025-09-30 16:13:00,241.1999969482422,241.2899932861328,241.19000244140625,241.27499389648438,22017
2025-09-30 16:14:00,241.24000549316406,241.33999633789062,241.19000244140625,241.22000122070312,35494
2025-09-30 16:15:00,241.2899932861328,241.3699951171875,241.2100067138672,241.25,33342
2025-09-30 16:16:00,241.27999877929688,241.3300018310547,241.2449951171875,241.3000030517578,17110
2025-09-30 16:17:00,241.22999572753906,241.30999755859375,241.22999572753906,241.28500366210938,16727
2025-09-30 16:18:00,241.32000732421875,241.32000732421875,241.16000366210938,241.1999969482422,21055
2025-09-30 16:19:00,241.33999633789062,241.33999633789062,241.25999450683594,241.32000732421875,17957
2025-09-30 16:20:00,241.44000244140625,241.47000122070312,241.27000427246094,241.3249969482422,32496
2025-09-30 16:21:00,241.6750030517578,241.74000549316406,241.4499969482422,241.4499969482422,56410
2025-09-30 16:22:00,241.46499633789062,241.72999572753906,241.46499633789062,241.6699981689453,29404
2025-09-30 16:23:00,241.36500549316406,241.47970581054688,241.32699584960938,241.46499633789062,21581
2025-09-30 16:24:00,241.3000946044922,241.39999389648438,241.27999877929688,241.3300018310547,15353
2025-09-30 16:25:00,241.2949981689453,241.3300018310547,241.22999572753906,241.30999755859375,22555
2025-09-30 16:26:00,241.22500610351562,241.30999755859375,241.22500610351562,241.27999877929688,15839
2025-09-30 16:27:00,241.32000732421875,241.3249969482422,241.2100067138672,241.24000549316406,21004
2025-09-30 16:28:00,241.38999938964844,241.44000244140625,241.34500122070312,241.34500122070312,16783
2025-09-30 16:29:00,241.36500549316406,241.3800048828125,241.25,241.3800048828125,15434
2025-09-30 16:30:00,241.58999633789062,241.60000610351562,241.3699951171875,241.3699951171875,13529
2025-09-30 16:31:00,241.49000549316406,241.67999267578125,241.49000549316406,241.60000610351562,28611
2025-09-30 16:32:00,241.47999572753906,241.61000061035156,241.4499969482422,241.47999572753906,18024
2025-09-30 16:33:00,241.63999938964844,241.64999389648438,241.47999572753906,241.47999572753906,18437
2025-09-30 16:34:00,241.5,241.64999389648438,241.47999572753906,241.6300048828125,35655
2025-09-30 16:35:00,241.54010009765625,241.57000732421875,241.4600067138672,241.5,18325
2025-09-30 16:36:00,241.50999450683594,241.57000732421875,241.49000549316406,241.55999755859375,15611
2025-09-30 16:37:00,241.52920532226562,241.5500030517578,241.5,241.5,10542
2025-09-30 16:38:00,241.3699951171875,241.57000732421875,241.3699951171875,241.5500030517578,20096
2025-09-30 16:39:00,241.35499572753906,241.4405059814453,241.33999633789062,241.39500427246094,17579
2025-09-30 16:40:00,241.25999450683594,241.38999938964844,241.21499633789062,241.3800048828125,22545
2025-09-30 16:41:00,241.31500244140625,241.35000610351562,241.25999450683594,241.25999450683594,17552
2025-09-30 16:42:00,241.33999633789062,241.38999938964844,241.27999877929688,241.32000732421875,24068
2025-09-30 16:43:00,241.35000610351562,241.39999389648438,241.27000427246094,241.34500122070312,33846
2025-09-30 16:44:00,241.46499633789062,241.5,241.35000610351562,241.35000610351562,16418
2025-09-30 16:45:00,241.3699951171875,241.4550018310547,241.36000061035156,241.4550018310547,11062
2025-09-30 16:46:00,241.22999572753906,241.38999938964844,241.22999572753906,241.38999938964844,15442
2025-09-30 16:47:00,241.2899932861328,241.3300018310547,241.25,241.25,9108
2025-09-30 16:48:00,241.2449951171875,241.30999755859375,241.22000122070312,241.28900146484375,19517
2025-09-30 16:49:00,241.30999755859375,241.33999633789062,241.23500061035156,241.25,33374
2025-09-30 16:50:00,241.41000366210938,241.41949462890625,241.2899932861328,241.30999755859375,28219
2025-09-30 16:51:00,241.36000061035156,241.4199981689453,241.33999633789062,241.4199981689453,10582
2025-09-30 16:52:00,241.41000366210938,241.41000366210938,241.33999633789062,241.35499572753906,41345
2025-09-30 16:53:00,241.4600067138672,241.47000122070312,241.2949981689453,241.42999267578125,51623
2025-09-30 16:54:00,241.42999267578125,241.50999450683594,241.42999267578125,241.47999572753906,15007
2025-09-30 16:55:00,241.36000061035156,241.47500610351562,241.3350067138672,241.44000244140625,28037
2025-09-30 16:56:00,241.4199981689453,241.4499969482422,241.35000610351562,241.36000061035156,27460
2025-09-30 16:57:00,241.39999389648438,241.4600067138672,241.36500549316406,241.42999267578125,24063
2025-09-30 16:58:00,241.47999572753906,241.47999572753906,241.22999572753906,241.41000366210938,96586
2025-09-30 16:59:00,241.625,241.63999938964844,241.4199981689453,241.49000549316406,22158
2025-09-30 17:00:00,241.52999877929688,241.61000061035156,241.5,241.61000061035156,62084
2025-09-30 17:01:00,241.63499450683594,241.65499877929688,241.52499389648438,241.52999877929688,27542
2025-09-30 17:02:00,241.72999572753906,241.75999450683594,241.57000732421875,241.63999938964844,75814
2025-09-30 17:03:00,241.75999450683594,241.81509399414062,241.7100067138672,241.77999877929688,34522
2025-09-30 17:04:00,241.92999267578125,241.9499969482422,241.77000427246094,241.77000427246094,39662
2025-09-30 17:05:00,241.8394012451172,242.0,241.82000732421875,241.9499969482422,57428
2025-09-30 17:06:00,241.74000549316406,241.89500427246094,241.6999969482422,241.82000732421875,31273
2025-09-30 17:07:00,241.75,241.76820373535156,241.49000549316406,241.74000549316406,5799123
2025-09-30 17:08:00,241.77000427246094,241.77000427246094,241.6699981689453,241.75,0
2025-09-30 17:09:00,241.5850067138672,241.77000427246094,241.57000732421875,241.77000427246094,31631
2025-09-30 17:10:00,241.47500610351562,241.60000610351562,241.4600067138672,241.5850067138672,31186
2025-09-30 17:11:00,241.4499969482422,241.47000122070312,241.36000061035156,241.47000122070312,23923
2025-09-30 17:12:00,241.5,241.5,241.33999633789062,241.44500732421875,21480
2025-09-30 17:13:00,241.4199981689453,241.52000427246094,241.39999389648438,241.5,12376
2025-09-30 17:14:00,241.625,241.625,241.44000244140625,241.44000244140625,16140
2025-09-30 17:15:00,241.54339599609375,241.63999938964844,241.5,241.61000061035156,51365
2025-09-30 17:16:00,241.375,241.55999755859375,241.35000610351562,241.5399932861328,121914
2025-09-30 17:17:00,241.58999633789062,241.6199951171875,241.3300018310547,241.389892578125,44707
2025-09-30 17:18:00,241.57000732421875,241.60000610351562,241.4499969482422,241.5800018310547,50354
2025-09-30 17:19:00,241.52999877929688,241.5800018310547,241.50999450683594,241.5800018310547,10991
2025-09-30 17:20:00,241.42999267578125,241.52000427246094,241.3800048828125,241.52000427246094,33155
2025-09-30 17:21:00,241.30999755859375,241.47000122070312,241.24000549316406,241.4499969482422,19777
2025-09-30 17:22:00,241.3300018310547,241.36410522460938,241.27999877929688,241.30999755859375,8535
2025-09-30 17:23:00,241.1649932861328,241.3300018310547,241.1649932861328,241.30999755859375,15631
2025-09-30 17:24:00,241.02999877929688,241.17999267578125,240.97999572753906,241.1699981689453,36491
2025-09-30 17:25:00,241.08680725097656,241.13999938964844,241.0399932861328,241.0399932861328,19116
2025-09-30 17:26:00,241.00999450683594,241.08999633789062,241.0,241.07000732421875,20720
2025-09-30 17:27:00,240.85000610351562,241.0050048828125,240.77000427246094,241.0050048828125,74878
2025-09-30 17:28:00,240.9199981689453,240.92999267578125,240.86500549316406,240.875,19663
2025-09-30 17:29:00,241.08999633789062,241.1199951171875,240.88999938964844,240.9199981689453,22780
2025-09-30 17:30:00,241.0500030517578,241.08999633789062,241.01499938964844,241.08999633789062,11243
2025-09-30 17:31:00,241.01499938964844,241.0399932861328,241.0,241.0301055908203,12313
2025-09-30 17:32:00,241.03500366210938,241.11000061035156,240.94580078125,240.99000549316406,18086
2025-09-30 17:33:00,240.9949951171875,241.05999755859375,240.94500732421875,241.02000427246094,21004
2025-09-30 17:34:00,240.9949951171875,241.02000427246094,240.94000244140625,241.00999450683594,13420
2025-09-30 17:35:00,241.13999938964844,241.13999938964844,241.00999450683594,241.00999450683594,17385
2025-09-30 17:36:00,241.00999450683594,241.14999389648438,240.95199584960938,241.14999389648438,12902
2025-09-30 17:37:00,241.06500244140625,241.10000610351562,240.99000549316406,241.02999877929688,14095
2025-09-30 17:38:00,241.07000732421875,241.16000366210938,241.05499267578125,241.0800018310547,10302
2025-09-30 17:39:00,241.0800018310547,241.08999633789062,241.02999877929688,241.05999755859375,11955
2025-09-30 17:40:00,241.13999938964844,241.17999267578125,240.97999572753906,241.1199951171875,23236
2025-09-30 17:41:00,241.22000122070312,241.22000122070312,241.08999633789062,241.1300048828125,17755
2025-09-30 17:42:00,241.24000549316406,241.24000549316406,241.1199951171875,241.2100067138672,21123
2025-09-30 17:43:00,241.32000732421875,241.33999633789062,241.23500061035156,241.23500061035156,32687
2025-09-30 17:44:00,241.22999572753906,241.30999755859375,241.17999267578125,241.30999755859375,26968
2025-09-30 17:45:00,241.3350067138672,241.38600158691406,241.2100067138672,241.2100067138672,37142
2025-09-30 17:46:00,241.4001007080078,241.44000244140625,241.34010314941406,241.34010314941406,18981
2025-09-30 17:47:00,241.42559814453125,241.47000122070312,241.39999389648438,241.41000366210938,13474
2025-09-30 17:48:00,241.4049072265625,241.42999267578125,241.35499572753906,241.42999267578125,12692
2025-09-30 17:49:00,241.3800048828125,241.42999267578125,241.32000732421875,241.42999267578125,48893
2025-09-30 17:50:00,241.52999877929688,241.52999877929688,241.3800048828125,241.3800048828125,33727
2025-09-30 17:51:00,241.50999450683594,241.57000732421875,241.4600067138672,241.52999877929688,21917
2025-09-30 17:52:00,241.38999938964844,241.55499267578125,241.38999938964844,241.52000427246094,19495
2025-09-30 17:53:00,241.38999938964844,241.4499969482422,241.3800048828125,241.42999267578125,16758
2025-09-30 17:54:00,241.3800048828125,241.41000366210938,241.33999633789062,241.36000061035156,13597
2025-09-30 17:55:00,241.1999053955078,241.3699951171875,241.17999267578125,241.3699951171875,12790
2025-09-30 17:56:00,241.00999450683594,241.24000549316406,240.99029541015625,241.1999969482422,19949
2025-09-30 17:57:00,240.97999572753906,241.02999877929688,240.96009826660156,241.00169372558594,35598
2025-09-30 17:58:00,240.91000366210938,241.02999877929688,240.89999389648438,240.97999572753906,15139
2025-09-30 17:59:00,240.89999389648438,240.89999389648438,240.8000030517578,240.89999389648438,35979
2025-09-30 18:00:00,240.8300018310547,240.89300537109375,240.78219604492188,240.8800048828125,31745
2025-09-30 18:01:00,240.86500549316406,240.88299560546875,240.7949981689453,240.831298828125,13922
2025-09-30 18:02:00,240.84779357910156,240.91000366210938,240.8300018310547,240.8699951171875,18677
2025-09-30 18:03:00,240.99000549316406,241.0,240.85000610351562,240.8560028076172,17760
2025-09-30 18:04:00,240.97000122070312,241.0,240.9499969482422,240.97999572753906,18681
2025-09-30 18:05:00,241.0500030517578,241.05999755859375,240.9550018310547,240.9550018310547,17470
2025-09-30 18:06:00,241.10000610351562,241.16000366210938,241.0399932861328,241.0500030517578,14855
2025-09-30 18:07:00,241.0399932861328,241.10000610351562,240.9783935546875,241.10000610351562,12314
2025-09-30 18:08:00,241.06509399414062,241.072998046875,241.0050048828125,241.0500030517578,19555
2025-09-30 18:09:00,241.0800018310547,241.13999938964844,241.0399932861328,241.0800018310547,12191
2025-09-30 18:10:00,241.22000122070312,241.22999572753906,241.1197967529297,241.1197967529297,14191
2025-09-30 18:11:00,241.22500610351562,241.25,241.12100219726562,241.22000122070312,20100
2025-09-30 18:12:00,241.27000427246094,241.30999755859375,241.2100067138672,241.25,18165
2025-09-30 18:13:00,241.27279663085938,241.30999755859375,241.22999572753906,241.27000427246094,13949
2025-09-30 18:14:00,241.25999450683594,241.3574981689453,241.25999450683594,241.2899932861328,15751
2025-09-30 18:15:00,241.27999877929688,241.3800048828125,241.25,241.26499938964844,50990
2025-09-30 18:16:00,241.10499572753906,241.3000030517578,241.10000610351562,241.2825927734375,21242
2025-09-30 18:17:00,240.97000122070312,241.0959014892578,240.9600067138672,241.07260131835938,18052
2025-09-30 18:18:00,240.99000549316406,241.0,240.92999267578125,240.9600067138672,30762
2025-09-30 18:19:00,241.03500366210938,241.08999633789062,241.0,241.0,17653
2025-09-30 18:20:00,241.10000610351562,241.1199951171875,241.0177001953125,241.0399932861328,18816
2025-09-30 18:21:00,241.0,241.10989379882812,240.9949951171875,241.08999633789062,17715
2025-09-30 18:22:00,241.05999755859375,241.11000061035156,240.99000549316406,240.9949951171875,24444
2025-09-30 18:23:00,241.00999450683594,241.05999755859375,240.94000244140625,241.05999755859375,22806
2025-09-30 18:24:00,241.07000732421875,241.11500549316406,241.02000427246094,241.02000427246094,21329
2025-09-30 18:25:00,241.13760375976562,241.14999389648438,241.0500030517578,241.05999755859375,22663
2025-09-30 18:26:00,241.08009338378906,241.22000122070312,241.08009338378906,241.13999938964844,21262
2025-09-30 18:27:00,241.13999938964844,241.14999389648438,241.02000427246094,241.0946044921875,30042
2025-09-30 18:28:00,241.0800018310547,241.14999389648438,241.02000427246094,241.13499450683594,22912
2025-09-30 18:29:00,241.2050018310547,241.20620727539062,241.06500244140625,241.07000732421875,21189
2025-09-30 18:30:00,241.19349670410156,241.2100067138672,241.13999938964844,241.19000244140625,17854
2025-09-30 18:31:00,241.17999267578125,241.22999572753906,241.1699981689453,241.1999969482422,20454
2025-09-30 18:32:00,241.22000122070312,241.2949981689453,241.17999267578125,241.19000244140625,29405
2025-09-30 18:33:00,241.2100067138672,241.24000549316406,241.16000366210938,241.22500610351562,17841
2025-09-30 18:34:00,241.27499389648438,241.3000030517578,241.21499633789062,241.21499633789062,25723
2025-09-30 18:35:00,241.27999877929688,241.3000030517578,241.2449951171875,241.27000427246094,23561
2025-09-30 18:36:00,241.28610229492188,241.3125,241.22500610351562,241.27999877929688,19223
2025-09-30 18:37:00,241.27999877929688,241.33999633789062,241.27999877929688,241.2899932861328,22734
2025-09-30 18:38:00,241.26280212402344,241.3249969482422,241.22999572753906,241.29989624023438,25841
2025-09-30 18:39:00,241.34500122070312,241.3699951171875,241.25,241.27000427246094,24348
2025-09-30 18:40:00,241.35000610351562,241.42759704589844,241.3000030517578,241.33999633789062,47509
2025-09-30 18:41:00,241.33999633789062,241.375,241.30999755859375,241.35000610351562,26054
2025-09-30 18:42:00,241.4499969482422,241.52000427246094,241.33999633789062,241.33999633789062,23544
2025-09-30 18:43:00,241.52000427246094,241.55999755859375,241.43359375,241.44500732421875,21206
2025-09-30 18:44:00,241.63499450683594,241.6699981689453,241.48330688476562,241.50999450683594,50188
2025-09-30 18:45:00,241.63999938964844,241.72000122070312,241.5800018310547,241.6201934814453,17421
2025-09-30 18:46:00,241.66000366210938,241.7100067138672,241.64500427246094,241.64999389648438,16502
2025-09-30 18:47:00,241.76870727539062,241.76870727539062,241.67999267578125,241.67999267578125,27637
2025-09-30 18:48:00,241.69000244140625,241.8000030517578,241.69000244140625,241.77000427246094,20404
2025-09-30 18:49:00,241.75,241.76499938964844,241.6699981689453,241.6999969482422,24881
2025-09-30 18:50:00,241.71299743652344,241.8000030517578,241.6999969482422,241.77000427246094,12658
2025-09-30 18:51:00,241.80999755859375,241.80999755859375,241.6999969482422,241.72000122070312,14548
2025-09-30 18:52:00,241.82049560546875,241.8300018310547,241.7303009033203,241.77000427246094,15521
2025-09-30 18:53:00,241.74000549316406,241.85000610351562,241.72999572753906,241.7899932861328,9662
2025-09-30 18:54:00,241.7100067138672,241.77000427246094,241.6999969482422,241.74000549316406,12380
2025-09-30 18:55:00,241.6750030517578,241.71499633789062,241.64999389648438,241.71499633789062,14181
2025-09-30 18:56:00,241.66000366210938,241.7100067138672,241.63999938964844,241.6699981689453,22166
2025-09-30 18:57:00,241.72000122070312,241.74000549316406,241.63999938964844,241.64999389648438,20935
2025-09-30 18:58:00,241.6199951171875,241.72999572753906,241.6020050048828,241.7100067138672,25469
2025-09-30 18:59:00,241.2949981689453,241.61000061035156,241.29100036621094,241.60499572753906,31202
2025-09-30 19:00:00,241.4499969482422,241.47999572753906,241.25,241.27999877929688,33335
2025-09-30 19:01:00,241.47999572753906,241.52000427246094,241.36500549316406,241.4600067138672,18647
2025-09-30 19:02:00,241.5570068359375,241.55999755859375,241.4001007080078,241.47000122070312,26859
2025-09-30 19:03:00,241.4199981689453,241.5706024169922,241.4199981689453,241.5449981689453,16822
2025-09-30 19:04:00,241.38999938964844,241.43499755859375,241.35000610351562,241.42999267578125,25207
2025-09-30 19:05:00,241.4949951171875,241.50999450683594,241.3699951171875,241.3699951171875,48518
2025-09-30 19:06:00,241.47000122070312,241.50999450683594,241.44000244140625,241.50999450683594,20264
2025-09-30 19:07:00,241.52999877929688,241.5800018310547,241.47500610351562,241.47500610351562,24891
2025-09-30 19:08:00,241.55999755859375,241.6300048828125,241.52999877929688,241.5500030517578,20508
2025-09-30 19:09:00,241.61929321289062,241.65989685058594,241.5,241.57000732421875,25925
2025-09-30 19:10:00,241.62429809570312,241.66000366210938,241.55999755859375,241.61000061035156,18655
2025-09-30 19:11:00,241.55999755859375,241.6300048828125,241.52999877929688,241.6186065673828,19767
2025-09-30 19:12:00,241.7100067138672,241.722900390625,241.57000732421875,241.57000732421875,22825
2025-09-30 19:13:00,241.8300018310547,241.85000610351562,241.7100067138672,241.72000122070312,33789
2025-09-30 19:14:00,241.8961944580078,241.9499969482422,241.80999755859375,241.80999755859375,22770
2025-09-30 19:15:00,241.9499969482422,242.0,241.86380004882812,241.91000366210938,43845
2025-09-30 19:16:00,242.0399932861328,242.0800018310547,241.9199981689453,241.9600067138672,36669
2025-09-30 19:17:00,242.13999938964844,242.13999938964844,242.0050048828125,242.09500122070312,32011
2025-09-30 19:18:00,242.25,242.27000427246094,242.08999633789062,242.1217041015625,42404
2025-09-30 19:19:00,242.16000366210938,242.3300018310547,242.14500427246094,242.25750732421875,72995
2025-09-30 19:20:00,242.2899932861328,242.34500122070312,242.0800018310547,242.17999267578125,37048
2025-09-30 19:21:00,242.27000427246094,242.34500122070312,242.22999572753906,242.3000030517578,31658
2025-09-30 19:22:00,242.22000122070312,242.32000732421875,242.1613006591797,242.26499938964844,23903
2025-09-30 19:23:00,242.1649932861328,242.3000030517578,242.14999389648438,242.22999572753906,24370
2025-09-30 19:24:00,242.27000427246094,242.3000030517578,242.14999389648438,242.1595001220703,18033
2025-09-30 19:25:00,242.4199981689453,242.44000244140625,242.25999450683594,242.25999450683594,28726
2025-09-30 19:26:00,242.5,242.6199951171875,242.4199981689453,242.4199981689453,41447
2025-09-30 19:27:00,242.66000366210938,242.6649932861328,242.5,242.52000427246094,26641
2025-09-30 19:28:00,242.47999572753906,242.66000366210938,242.42999267578125,242.66000366210938,34723
2025-09-30 19:29:00,242.59669494628906,242.64700317382812,242.4501953125,242.47999572753906,27640
2025-09-30 19:30:00,242.52999877929688,242.61000061035156,242.52000427246094,242.5749969482422,28553
2025-09-30 19:31:00,242.8300018310547,242.8300018310547,242.5500030517578,242.5500030517578,35824
2025-09-30 19:32:00,242.92999267578125,242.94000244140625,242.8300018310547,242.8300018310547,35919
2025-09-30 19:33:00,242.77999877929688,242.9499969482422,242.75999450683594,242.9499969482422,66384
2025-09-30 19:34:00,242.9550018310547,242.97999572753906,242.77999877929688,242.7899932861328,46561
2025-09-30 19:35:00,242.91419982910156,243.02999877929688,242.82000732421875,242.9600067138672,69832
2025-09-30 19:36:00,242.8699951171875,242.94000244140625,242.80999755859375,242.91000366210938,43163
2025-09-30 19:37:00,242.72999572753906,242.88999938964844,242.69000244140625,242.8800048828125,33086
2025-09-30 19:38:00,242.72999572753906,242.80499267578125,242.72999572753906,242.74000549316406,35027
2025-09-30 19:39:00,242.88999938964844,242.88999938964844,242.71499633789062,242.71499633789062,34781
2025-09-30 19:40:00,242.6699981689453,242.88999938964844,242.63999938964844,242.88999938964844,65776
2025-09-30 19:41:00,242.60000610351562,242.6649932861328,242.5,242.6649932861328,35302
2025-09-30 19:42:00,242.41000366210938,242.63999938964844,242.39500427246094,242.5800018310547,34635
2025-09-30 19:43:00,242.60000610351562,242.64999389648438,242.3800048828125,242.4199981689453,33209
2025-09-30 19:44:00,242.53500366210938,242.69000244140625,242.52000427246094,242.61000061035156,75192
2025-09-30 19:45:00,242.9197998046875,242.9199981689453,242.52999877929688,242.5500030517578,54644
2025-09-30 19:46:00,242.9250030517578,242.97000122070312,242.88999938964844,242.9149932861328,65975
2025-09-30 19:47:00,242.89059448242188,242.9199981689453,242.7899932861328,242.9199981689453,35316
2025-09-30 19:48:00,243.08999633789062,243.09500122070312,242.88999938964844,242.89500427246094,40222
2025-09-30 19:49:00,243.17999267578125,243.22999572753906,243.05999755859375,243.0800018310547,49687
2025-09-30 19:50:00,242.92999267578125,243.1699981689453,242.75999450683594,243.1699981689453,113681
2025-09-30 19:51:00,243.07000732421875,243.1199951171875,242.9394073486328,242.94000244140625,68728
2025-09-30 19:52:00,243.14500427246094,243.14999389648438,242.9635009765625,243.0800018310547,70114
2025-09-30 19:53:00,243.2100067138672,243.27000427246094,243.0950927734375,243.14999389648438,62993
2025-09-30 19:54:00,242.97000122070312,243.27000427246094,242.94000244140625,243.2100067138672,129213
2025-09-30 19:55:00,242.97999572753906,243.11000061035156,242.67999267578125,242.97000122070312,165460
2025-09-30 19:56:00,242.96929931640625,243.0399932861328,242.85000610351562,242.97500610351562,149436
2025-09-30 19:57:00,243.15499877929688,243.16990661621094,242.88470458984375,242.97000122070312,158482
2025-09-30 19:58:00,243.125,243.1999969482422,243.1199951171875,243.15499877929688,166627
2025-09-30 19:59:00,243.08999633789062,243.14999389648438,243.02499389648438,243.11000061035156,507140
2025-10-01 13:30:00,238.85000610351562,240.83999633789062,238.61000061035156,240.8000030517578,1383597
2025-10-01 13:31:00,239.6649932861328,239.7899932861328,238.83999633789062,238.90499877929688,283222
2025-10-01 13:32:00,240.55999755859375,240.57000732421875,239.44619750976562,239.64999389648438,156756
2025-10-01 13:33:00,240.52000427246094,240.83999633789062,240.38999938964844,240.60000610351562,155798
2025-10-01 13:34:00,241.0,241.0,240.50010681152344,240.50010681152344,106163
2025-10-01 13:35:00,240.80999755859375,241.02000427246094,240.52000427246094,240.97999572753906,160703
2025-10-01 13:36:00,240.64999389648438,240.89999389648438,240.34500122070312,240.8300018310547,149888
2025-10-01 13:37:00,240.52999877929688,240.8000030517578,240.49000549316406,240.6699981689453,93364
2025-10-01 13:38:00,240.33999633789062,240.75,240.32000732421875,240.5,76763
2025-10-01 13:39:00,240.35000610351562,240.61500549316406,240.27999877929688,240.3800048828125,40598
2025-10-01 13:40:00,240.39999389648438,240.4600067138672,240.05270385742188,240.32640075683594,72044
2025-10-01 13:41:00,240.41000366210938,240.52999877929688,240.1844940185547,240.39999389648438,52056
2025-10-01 13:42:00,240.5399932861328,240.55999755859375,240.38499450683594,240.42999267578125,40835
2025-10-01 13:43:00,240.58999633789062,240.60000610351562,240.28250122070312,240.50999450683594,51404
2025-10-01 13:44:00,240.9949951171875,241.10000610351562,240.5449981689453,240.57000732421875,49184
2025-10-01 13:45:00,241.2899932861328,241.30999755859375,240.94500732421875,240.97500610351562,69632
2025-10-01 13:46:00,241.44000244140625,241.47000122070312,241.27999877929688,241.3300018310547,64115
2025-10-01 13:47:00,241.4499969482422,241.56069946289062,241.30999755859375,241.44500732421875,76899
2025-10-01 13:48:00,241.30999755859375,241.8699951171875,241.24000549316406,241.47000122070312,148163
2025-10-01 13:49:00,240.85000610351562,241.72000122070312,240.8300018310547,241.3300018310547,159868
2025-10-01 13:50:00,240.89999389648438,240.97500610351562,240.7100067138672,240.8300018310547,69927
2025-10-01 13:51:00,240.52000427246094,240.97000122070312,240.5,240.89999389648438,93370
2025-10-01 13:52:00,241.05499267578125,241.07000732421875,240.51499938964844,240.52000427246094,51138
2025-10-01 13:53:00,241.02999877929688,241.13999938964844,240.9149932861328,241.07000732421875,45639
2025-10-01 13:54:00,241.24000549316406,241.32000732421875,240.89999389648438,241.02499389648438,51326
2025-10-01 13:55:00,240.69500732421875,241.2550048828125,240.69500732421875,241.25,45826
2025-10-01 13:56:00,241.0,241.00999450683594,240.6699981689453,240.72500610351562,54681
2025-10-01 13:57:00,241.00999450683594,241.07000732421875,240.86000061035156,241.0050048828125,48659
2025-10-01 13:58:00,240.6199951171875,241.0,240.6199951171875,241.0,49953
2025-10-01 13:59:00,240.4647979736328,240.6699981689453,240.39999389648438,240.61000061035156,85344
2025-10-01 14:00:00,240.69000244140625,240.91000366210938,240.25,240.4949951171875,87318
2025-10-01 14:01:00,240.74000549316406,240.85000610351562,240.61300659179688,240.74000549316406,32432
2025-10-01 14:02:00,240.83990478515625,240.88999938964844,240.6999969482422,240.74000549316406,39539
2025-10-01 14:03:00,240.8813934326172,241.0299072265625,240.789794921875,240.83999633789062,31466
2025-10-01 14:04:00,240.8000030517578,240.9499969482422,240.7100067138672,240.92999267578125,40074
2025-10-01 14:05:00,240.77349853515625,240.9199981689453,240.74000549316406,240.8300018310547,29247
2025-10-01 14:06:00,240.66000366210938,240.77999877929688,240.50999450683594,240.76499938964844,38257
2025-10-01 14:07:00,240.5343017578125,240.72000122070312,240.5343017578125,240.6999969482422,30608
2025-10-01 14:08:00,240.4759979248047,240.5500030517578,240.36000061035156,240.5399932861328,24769
2025-10-01 14:09:00,240.41000366210938,240.60000610351562,240.3699951171875,240.4600067138672,41974
2025-10-01 14:10:00,240.55999755859375,240.6649932861328,240.42750549316406,240.42999267578125,31897
2025-10-01 14:11:00,240.7100067138672,240.72999572753906,240.52999877929688,240.5399932861328,50665
2025-10-01 14:12:00,240.83999633789062,240.8699951171875,240.66000366210938,240.72000122070312,40014
2025-10-01 14:13:00,240.69000244140625,240.85000610351562,240.69000244140625,240.83999633789062,31767
2025-10-01 14:14:00,240.61500549316406,240.7899932861328,240.60000610351562,240.72000122070312,44754
2025-10-01 14:15:00,240.0050048828125,240.6907958984375,239.98980712890625,240.6199951171875,113007
2025-10-01 14:16:00,240.02999877929688,240.1199951171875,239.81900024414062,239.968505859375,87188
2025-10-01 14:17:00,240.14999389648438,240.16000366210938,239.98500061035156,240.02999877929688,55051
2025-10-01 14:18:00,240.0800018310547,240.2100067138672,240.0,240.16000366210938,51917
2025-10-01 14:19:00,240.11000061035156,240.16000366210938,240.0,240.07510375976562,62816
2025-10-01 14:20:00,240.19500732421875,240.27000427246094,239.99000549316406,240.11000061035156,50715
2025-10-01 14:21:00,240.17999267578125,240.3300018310547,240.11000061035156,240.2100067138672,46508
2025-10-01 14:22:00,240.24789428710938,240.30999755859375,240.17999267578125,240.1840057373047,43728
2025-10-01 14:23:00,240.25,240.36000061035156,240.13999938964844,240.27000427246094,52800
2025-10-01 14:24:00,240.4488067626953,240.5,240.2429962158203,240.25999450683594,44197
2025-10-01 14:25:00,240.63999938964844,240.75999450683594,240.4499969482422,240.4499969482422,47153
2025-10-01 14:26:00,240.7050018310547,240.7899932861328,240.5399932861328,240.64999389648438,49272
2025-10-01 14:27:00,240.7303009033203,240.8300018310547,240.7001953125,240.72000122070312,52526
2025-10-01 14:28:00,240.88999938964844,240.88999938964844,240.7449951171875,240.7449951171875,43379
2025-10-01 14:29:00,240.74000549316406,241.0500030517578,240.72999572753906,240.8800048828125,62840
2025-10-01 14:30:00,240.64999389648438,240.8699951171875,240.63450622558594,240.74000549316406,47372
2025-10-01 14:31:00,240.64010620117188,240.7899932861328,240.47999572753906,240.63999938964844,54964
2025-10-01 14:32:00,240.7100067138672,240.75,240.60000610351562,240.66000366210938,42494
2025-10-01 14:33:00,240.8300018310547,240.89199829101562,240.72000122070312,240.72000122070312,30309
2025-10-01 14:34:00,241.031005859375,241.1199951171875,240.85000610351562,240.85000610351562,50480
2025-10-01 14:35:00,240.78500366210938,241.0850067138672,240.75,241.03990173339844,46453
2025-10-01 14:36:00,239.9600067138672,240.82000732421875,239.89999389648438,240.77499389648438,371250
2025-10-01 14:37:00,240.19000244140625,240.23440551757812,239.8300018310547,239.97000122070312,64032
2025-10-01 14:38:00,240.3000030517578,240.32760620117188,239.89999389648438,240.19000244140625,74719
2025-10-01 14:39:00,240.3800048828125,240.45989990234375,240.20750427246094,240.2689971923828,67565
2025-10-01 14:40:00,240.39999389648438,240.44000244140625,240.22999572753906,240.3800048828125,73076
2025-10-01 14:41:00,240.49000549316406,240.5449981689453,240.3350067138672,240.3699951171875,38464
2025-10-01 14:42:00,240.50999450683594,240.53500366210938,240.27000427246094,240.5,61885
2025-10-01 14:43:00,240.63999938964844,240.77000427246094,240.52999877929688,240.52999877929688,52633
2025-10-01 14:44:00,240.6300048828125,240.75999450683594,240.5500030517578,240.64999389648438,29564
2025-10-01 14:45:00,240.60699462890625,240.76930236816406,240.5500030517578,240.63999938964844,53555
2025-10-01 14:46:00,240.72999572753906,240.72999572753906,240.55999755859375,240.61000061035156,31524
2025-10-01 14:47:00,240.81500244140625,240.81500244140625,240.72000122070312,240.72000122070312,31539
2025-10-01 14:48:00,240.75999450683594,240.93499755859375,240.75999450683594,240.7899932861328,37321
2025-10-01 14:49:00,240.5211944580078,240.7550048828125,240.4949951171875,240.7550048828125,44882
2025-10-01 14:50:00,240.58859252929688,240.58999633789062,240.4550018310547,240.52499389648438,26469
2025-10-01 14:51:00,240.5800018310547,240.6699981689453,240.55999755859375,240.56410217285156,33266
2025-10-01 14:52:00,240.3300018310547,240.57139587402344,240.3249969482422,240.52999877929688,39155
2025-10-01 14:53:00,240.3800048828125,240.49000549316406,240.36500549316406,240.36500549316406,39907
2025-10-01 14:54:00,240.52999877929688,240.58999633789062,240.35499572753906,240.38999938964844,44925
2025-10-01 14:55:00,240.34300231933594,240.57000732421875,240.30499267578125,240.56500244140625,34653
2025-10-01 14:56:00,240.49000549316406,240.51499938964844,240.27000427246094,240.35000610351562,38090
2025-10-01 14:57:00,240.52000427246094,240.5850067138672,240.4600067138672,240.47999572753906,20947
2025-10-01 14:58:00,240.67250061035156,240.67250061035156,240.4600067138672,240.50999450683594,33186
2025-10-01 14:59:00,240.47000122070312,240.6649932861328,240.4149932861328,240.6649932861328,33666
2025-10-01 15:00:00,240.59669494628906,240.60000610351562,240.4600067138672,240.4600067138672,27050
2025-10-01 15:01:00,240.52000427246094,240.60000610351562,240.5,240.5800018310547,28938
2025-10-01 15:02:00,240.47000122070312,240.60000610351562,240.47000122070312,240.51220703125,26879
2025-10-01 15:03:00,240.3699951171875,240.4792938232422,240.3249969482422,240.4792938232422,47402
2025-10-01 15:04:00,240.4600067138672,240.4600067138672,240.3699951171875,240.3699951171875,38296
2025-10-01 15:05:00,240.25,240.5,240.25,240.4499969482422,66590
2025-10-01 15:06:00,240.4416046142578,240.47999572753906,240.28500366210938,240.28500366210938,22165
2025-10-01 15:07:00,240.57000732421875,240.5850067138672,240.41000366210938,240.42999267578125,26996
2025-10-01 15:08:00,240.61000061035156,240.61000061035156,240.5,240.60000610351562,45508
2025-10-01 15:09:00,240.5050048828125,240.7299041748047,240.4600067138672,240.66000366210938,38458
2025-10-01 15:10:00,240.375,240.57000732421875,240.375,240.52999877929688,40065
2025-10-01 15:11:00,240.4499969482422,240.5052947998047,240.36000061035156,240.36000061035156,34281
2025-10-01 15:12:00,240.27000427246094,240.44000244140625,240.25999450683594,240.44000244140625,26157
2025-10-01 15:13:00,240.43499755859375,240.44000244140625,240.28500366210938,240.3000030517578,25370
2025-10-01 15:14:00,240.66700744628906,240.66700744628906,240.3699951171875,240.42999267578125,45549
2025-10-01 15:15:00,240.47500610351562,240.74000549316406,240.4600067138672,240.6999969482422,38979
2025-10-01 15:16:00,240.39999389648438,240.52999877929688,240.36000061035156,240.47999572753906,36668
2025-10-01 15:17:00,240.52999877929688,240.5800018310547,240.4250030517578,240.4340057373047,32553
2025-10-01 15:18:00,240.48500061035156,240.5601043701172,240.38999938964844,240.52999877929688,52219
2025-10-01 15:19:00,240.4949951171875,240.58999633789062,240.47000122070312,240.48500061035156,36313
2025-10-01 15:20:00,240.52499389648438,240.55140686035156,240.3699951171875,240.47999572753906,38910
2025-10-01 15:21:00,240.58999633789062,240.63999938964844,240.52499389648438,240.52499389648438,17878
2025-10-01 15:22:00,240.7100067138672,240.71499633789062,240.52499389648438,240.5399932861328,22610
2025-10-01 15:23:00,240.7899932861328,240.83999633789062,240.64999389648438,240.7100067138672,31933
2025-10-01 15:24:00,240.6750030517578,240.77499389648438,240.61000061035156,240.77499389648438,18988
2025-10-01 15:25:00,240.50999450683594,240.67999267578125,240.4600067138672,240.6699981689453,20993
2025-10-01 15:26:00,240.5500030517578,240.60000610351562,240.46009826660156,240.50999450683594,16661
2025-10-01 15:27:00,240.6300048828125,240.6300048828125,240.5399932861328,240.55499267578125,12746
2025-10-01 15:28:00,240.75999450683594,240.7899932861328,240.63999938964844,240.63999938964844,20416
2025-10-01 15:29:00,240.75,240.77999877929688,240.6501007080078,240.77169799804688,34373
2025-10-01 15:30:00,240.89999389648438,240.90499877929688,240.73989868164062,240.73989868164062,25349
2025-10-01 15:31:00,241.11990356445312,241.13999938964844,240.8800048828125,240.89999389648438,57791
2025-10-01 15:32:00,241.2899932861328,241.3159942626953,241.0800018310547,241.13999938964844,48869
2025-10-01 15:33:00,241.4250030517578,241.439697265625,241.2100067138672,241.29139709472656,49759
2025-10-01 15:34:00,241.33900451660156,241.47999572753906,241.30029296875,241.4199981689453,27759
2025-10-01 15:35:00,241.36000061035156,241.38999938964844,241.3000030517578,241.33999633789062,28118
2025-10-01 15:36:00,241.4113006591797,241.44000244140625,241.2899932861328,241.3699951171875,40348
2025-10-01 15:37:00,241.58509826660156,241.58509826660156,241.38999938964844,241.41000366210938,54312
2025-10-01 15:38:00,241.6699981689453,241.7100067138672,241.5749969482422,241.59500122070312,25369
2025-10-01 15:39:00,241.69129943847656,241.70700073242188,241.55999755859375,241.66000366210938,36445
2025-10-01 15:40:00,241.74000549316406,241.7899932861328,241.6750030517578,241.68409729003906,28597
2025-10-01 15:41:00,241.89100646972656,241.89999389648438,241.7301025390625,241.73500061035156,26863
2025-10-01 15:42:00,241.93499755859375,241.9499969482422,241.84500122070312,241.88999938964844,32628
2025-10-01 15:43:00,242.11000061035156,242.14999389648438,241.89999389648438,241.93499755859375,52536
2025-10-01 15:44:00,242.1699981689453,242.1999053955078,242.11000061035156,242.11000061035156,28348
2025-10-01 15:45:00,242.14999389648438,242.2299041748047,242.05999755859375,242.1614990234375,41135
2025-10-01 15:46:00,242.08999633789062,242.14999389648438,242.0,242.13499450683594,43284
2025-10-01 15:47:00,242.11000061035156,242.19500732421875,242.07000732421875,242.11000061035156,30422
2025-10-01 15:48:00,242.13999938964844,242.22000122070312,242.0850067138672,242.1136016845703,40846
2025-10-01 15:49:00,242.23300170898438,242.25,242.10000610351562,242.10000610351562,34132
2025-10-01 15:50:00,242.3695068359375,242.38499450683594,242.2050018310547,242.22999572753906,28029
2025-10-01 15:51:00,242.49000549316406,242.49989318847656,242.27000427246094,242.3699951171875,21005
2025-10-01 15:52:00,242.52000427246094,242.5800018310547,242.41000366210938,242.5,22242
2025-10-01 15:53:00,242.55999755859375,242.5800018310547,242.46359252929688,242.51499938964844,40092
2025-10-01 15:54:00,242.6300048828125,242.6300048828125,242.49940490722656,242.55990600585938,26560
2025-10-01 15:55:00,242.4600067138672,242.72000122070312,242.4600067138672,242.64999389648438,63745
2025-10-01 15:56:00,242.36000061035156,242.5500030517578,242.36000061035156,242.4550018310547,31437
2025-10-01 15:57:00,242.36000061035156,242.36000061035156,242.25999450683594,242.3542938232422,30852
2025-10-01 15:58:00,242.4199981689453,242.47999572753906,242.35499572753906,242.35499572753906,20775
2025-10-01 15:59:00,242.40330505371094,242.5,242.38999938964844,242.39999389648438,25461
2025-10-01 16:00:00,242.6649932861328,242.6999969482422,242.39999389648438,242.41360473632812,31704
2025-10-01 16:01:00,242.84129333496094,242.8699951171875,242.61610412597656,242.6699981689453,27691
2025-10-01 16:02:00,243.05999755859375,243.10000610351562,242.8249969482422,242.83999633789062,55376
2025-10-01 16:03:00,243.1300048828125,243.32550048828125,243.02999877929688,243.077392578125,74472
2025-10-01 16:04:00,242.97000122070312,243.17999267578125,242.94500732421875,243.14999389648438,32237
2025-10-01 16:05:00,243.0850067138672,243.10000610351562,242.9600067138672,242.9600067138672,37269
2025-10-01 16:06:00,243.125,243.1699981689453,243.0399932861328,243.08999633789062,33404
2025-10-01 16:07:00,243.16000366210938,243.19439697265625,243.0800018310547,243.1199951171875,30381
2025-10-01 16:08:00,243.10000610351562,243.1649932861328,243.0399932861328,243.1649932861328,20064
2025-10-01 16:09:00,243.28269958496094,243.33999633789062,243.052001953125,243.11000061035156,37263
2025-10-01 16:10:00,243.3280029296875,243.3800048828125,243.24000549316406,243.3000030517578,31472
2025-10-01 16:11:00,243.2449951171875,243.33999633789062,243.13999938964844,243.33999633789062,23738
2025-10-01 16:12:00,243.16000366210938,243.3000030517578,243.11000061035156,243.25999450683594,36036
2025-10-01 16:13:00,243.1999053955078,243.2299041748047,243.043701171875,243.16000366210938,26251
2025-10-01 16:14:00,243.11500549316406,243.1999969482422,243.08999633789062,243.18499755859375,28389
2025-10-01 16:15:00,243.30999755859375,243.3300018310547,243.15260314941406,243.1699981689453,37055
2025-10-01 16:16:00,243.30999755859375,243.3300018310547,243.22000122070312,243.30999755859375,33559
2025-10-01 16:17:00,243.2324981689453,243.2949981689453,243.13999938964844,243.2949981689453,38530
2025-10-01 16:18:00,243.2449951171875,243.34500122070312,243.1999969482422,243.25880432128906,32114
2025-10-01 16:19:00,243.3000030517578,243.30999755859375,243.1562042236328,243.26499938964844,17743
2025-10-01 16:20:00,243.22000122070312,243.3699951171875,243.19000244140625,243.30999755859375,37465
2025-10-01 16:21:00,243.16000366210938,243.22000122070312,243.02000427246094,243.22000122070312,36494
2025-10-01 16:22:00,243.34500122070312,243.4770050048828,243.14999389648438,243.16000366210938,22589
2025-10-01 16:23:00,243.33999633789062,243.36000061035156,243.19000244140625,243.35000610351562,68708
2025-10-01 16:24:00,243.2949981689453,243.35000610351562,243.2176055908203,243.3300018310547,16431
2025-10-01 16:25:00,243.25,243.36000061035156,243.22000122070312,243.27000427246094,25473
2025-10-01 16:26:00,243.24000549316406,243.32000732421875,243.16009521484375,243.24859619140625,30905
2025-10-01 16:27:00,243.1199951171875,243.24000549316406,243.05909729003906,243.22000122070312,13964
2025-10-01 16:28:00,243.02969360351562,243.11000061035156,243.00999450683594,243.08999633789062,17358
2025-10-01 16:29:00,243.14999389648438,243.19000244140625,243.02999877929688,243.02999877929688,15988
2025-10-01 16:30:00,243.5218048095703,243.57000732421875,243.13999938964844,243.13999938964844,33442
2025-10-01 16:31:00,243.61000061035156,243.62460327148438,243.47999572753906,243.53439331054688,24532
2025-10-01 16:32:00,243.64439392089844,243.64999389648438,243.5570068359375,243.61630249023438,19103
2025-10-01 16:33:00,243.47000122070312,243.64999389648438,243.4600067138672,243.63650512695312,15356
2025-10-01 16:34:00,243.6999969482422,243.6999969482422,243.4600067138672,243.49000549316406,32199
2025-10-01 16:35:00,243.77000427246094,243.77999877929688,243.66799926757812,243.66929626464844,31045
2025-10-01 16:36:00,243.77999877929688,243.7899932861328,243.6699981689453,243.77000427246094,22559
2025-10-01 16:37:00,243.7100067138672,243.82000732421875,243.6999969482422,243.75999450683594,13704
2025-10-01 16:38:00,243.66000366210938,243.72000122070312,243.63999938964844,243.7100067138672,24108
2025-10-01 16:39:00,243.55999755859375,243.6999969482422,243.5189971923828,243.64999389648438,20824
2025-10-01 16:40:00,243.5800018310547,243.62030029296875,243.55499267578125,243.58999633789062,14038
2025-10-01 16:41:00,243.5050048828125,243.61000061035156,243.47000122070312,243.58999633789062,15530
2025-10-01 16:42:00,243.27999877929688,243.51499938964844,243.27000427246094,243.50999450683594,15836
2025-10-01 16:43:00,243.44500732421875,243.472900390625,243.27000427246094,243.2799072265625,24634
2025-10-01 16:44:00,243.4149932861328,243.5299072265625,243.4149932861328,243.44000244140625,12845
2025-10-01 16:45:00,243.4174041748047,243.43499755859375,243.2899932861328,243.43499755859375,21723
2025-10-01 16:46:00,243.47999572753906,243.6300048828125,243.39999389648438,243.44000244140625,25503
2025-10-01 16:47:00,243.5,243.5399932861328,243.41000366210938,243.44500732421875,41024
2025-10-01 16:48:00,243.4600067138672,243.58999633789062,243.4499969482422,243.50999450683594,11616
2025-10-01 16:49:00,243.41000366210938,243.4761962890625,243.40499877929688,243.4600067138672,10660
2025-10-01 16:50:00,243.4199981689453,243.4512939453125,243.3804931640625,243.41000366210938,14194
2025-10-01 16:51:00,243.3800048828125,243.49000549316406,243.3800048828125,243.44000244140625,12672
2025-10-01 16:52:00,243.36000061035156,243.42999267578125,243.3300018310547,243.37750244140625,11633
2025-10-01 16:53:00,243.52999877929688,243.52999877929688,243.3730010986328,243.3800048828125,19401
2025-10-01 16:54:00,243.55499267578125,243.57000732421875,243.50999450683594,243.50999450683594,12039
2025-10-01 16:55:00,243.61000061035156,243.63999938964844,243.5050048828125,243.55999755859375,15474
2025-10-01 16:56:00,243.60000610351562,243.6999969482422,243.58749389648438,243.6199951171875,13003
2025-10-01 16:57:00,243.86000061035156,243.88499450683594,243.5500030517578,243.5800018310547,22986
2025-10-01 16:58:00,243.85459899902344,243.8822021484375,243.7700958251953,243.86160278320312,17887
2025-10-01 16:59:00,243.89999389648438,243.92999267578125,243.82000732421875,243.8699951171875,25590
2025-10-01 17:00:00,243.92999267578125,244.02499389648438,243.8488006591797,243.89999389648438,46538
2025-10-01 17:01:00,243.9199981689453,244.02000427246094,243.89999389648438,243.93499755859375,22542
2025-10-01 17:02:00,243.85499572753906,244.07000732421875,243.85000610351562,243.94000244140625,62912
2025-10-01 17:03:00,243.71710205078125,243.86000061035156,243.68370056152344,243.86000061035156,22562
2025-10-01 17:04:00,243.985595703125,244.1300048828125,243.72369384765625,243.72369384765625,51911
2025-10-01 17:05:00,244.00999450683594,244.02999877929688,243.92999267578125,243.97999572753906,20908
2025-10-01 17:06:00,243.90499877929688,244.0050048828125,243.88999938964844,244.0050048828125,33001
2025-10-01 17:07:00,243.7550048828125,243.84500122070312,243.72869873046875,243.83999633789062,16482
2025-10-01 17:08:00,243.76609802246094,243.83999633789062,243.72999572753906,243.77000427246094,10865
2025-10-01 17:09:00,243.8300018310547,243.84959411621094,243.71449279785156,243.77499389648438,15635
2025-10-01 17:10:00,243.75,243.86000061035156,243.6699981689453,243.8350067138672,17330
2025-10-01 17:11:00,244.0050048828125,244.02000427246094,243.77000427246094,243.77999877929688,18328
2025-10-01 17:12:00,243.88999938964844,244.02999877929688,243.88999938964844,244.0,18471
2025-10-01 17:13:00,244.02999877929688,244.05999755859375,243.88999938964844,243.89779663085938,32040
2025-10-01 17:14:00,243.91000366210938,244.02000427246094,243.89999389648438,244.02000427246094,17353
2025-10-01 17:15:00,244.0050048828125,244.0050048828125,243.80560302734375,243.86509704589844,21488
2025-10-01 17:16:00,244.06500244140625,244.07000732421875,243.9499969482422,243.99000549316406,21933
2025-10-01 17:17:00,243.9929962158203,244.10000610351562,243.96499633789062,244.08999633789062,10498
2025-10-01 17:18:00,244.11000061035156,244.11000061035156,243.97999572753906,243.97999572753906,17872
2025-10-01 17:19:00,244.1199951171875,244.17120361328125,244.0500030517578,244.08999633789062,14571
2025-10-01 17:20:00,244.10000610351562,244.1999969482422,244.0800018310547,244.11000061035156,31334
2025-10-01 17:21:00,244.05999755859375,244.1125946044922,243.97000122070312,244.0800018310547,15405
2025-10-01 17:22:00,244.02000427246094,244.06500244140625,243.97000122070312,244.05999755859375,13988
2025-10-01 17:23:00,244.00999450683594,244.0399932861328,243.9550018310547,244.00999450683594,15794
2025-10-01 17:24:00,244.10000610351562,244.10000610351562,244.02000427246094,244.02000427246094,22753
2025-10-01 17:25:00,244.1999969482422,244.22000122070312,244.0500030517578,244.08999633789062,22463
2025-10-01 17:26:00,244.10000610351562,244.22000122070312,244.06100463867188,244.1999969482422,22685
2025-10-01 17:27:00,244.0500030517578,244.1300048828125,244.02999877929688,244.085205078125,20315
2025-10-01 17:28:00,244.0399932861328,244.1199951171875,244.02000427246094,244.0399932861328,18504
2025-10-01 17:29:00,244.0500030517578,244.16000366210938,244.02499389648438,244.02999877929688,12613
2025-10-01 17:30:00,243.99159240722656,244.05999755859375,243.9199981689453,244.0500030517578,69400
2025-10-01 17:31:00,243.88499450683594,243.97000122070312,243.81350708007812,243.96499633789062,26038
2025-10-01 17:32:00,243.94500732421875,243.9499969482422,243.8000030517578,243.8800048828125,20680
2025-10-01 17:33:00,243.875,244.0399932861328,243.81500244140625,243.9499969482422,24386
2025-10-01 17:34:00,243.8699951171875,243.89999389648438,243.82000732421875,243.875,11550
2025-10-01 17:35:00,243.75,243.86500549316406,243.75,243.86500549316406,5536070
2025-10-01 17:36:00,243.67999267578125,243.77999877929688,243.6699981689453,243.72999572753906,34247
2025-10-01 17:37:00,243.56500244140625,243.71499633789062,243.56500244140625,243.67999267578125,19812
2025-10-01 17:38:00,243.52999877929688,243.5800018310547,243.52999877929688,243.55999755859375,19245
2025-10-01 17:39:00,243.44000244140625,243.58999633789062,243.41000366210938,243.53370666503906,25581
2025-10-01 17:40:00,243.39500427246094,243.4600067138672,243.38499450683594,243.4503936767578,14828
2025-10-01 17:41:00,243.24000549316406,243.42999267578125,243.23919677734375,243.41000366210938,25525
2025-10-01 17:42:00,243.1999969482422,243.32000732421875,243.19509887695312,243.25,44226
2025-10-01 17:43:00,243.26499938964844,243.2707061767578,243.2100067138672,243.2100067138672,25200
2025-10-01 17:44:00,243.30990600585938,243.33999633789062,243.25,243.33999633789062,14657
2025-10-01 17:45:00,243.38999938964844,243.39999389648438,243.2100067138672,243.3000030517578,36801
2025-10-01 17:46:00,243.41000366210938,243.46499633789062,243.37010192871094,243.39999389648438,22429
2025-10-01 17:47:00,243.410400390625,243.47779846191406,243.39999389648438,243.41000366210938,22354
2025-10-01 17:48:00,243.5800018310547,243.5800018310547,243.4199981689453,243.4199981689453,21777
2025-10-01 17:49:00,243.72000122070312,243.74130249023438,243.60000610351562,243.60000610351562,29711
2025-10-01 17:50:00,243.7899932861328,243.8300018310547,243.71170043945312,243.72000122070312,36151
2025-10-01 17:51:00,243.7899932861328,243.8677978515625,243.72500610351562,243.7899932861328,39156
2025-10-01 17:52:00,243.86000061035156,243.86000061035156,243.74000549316406,243.7895050048828,59588
2025-10-01 17:53:00,243.8350067138672,243.92999267578125,243.82000732421875,243.86000061035156,28529
2025-10-01 17:54:00,243.92990112304688,243.94000244140625,243.83999633789062,243.83999633789062,19843
2025-10-01 17:55:00,243.89999389648438,243.92999267578125,243.85000610351562,243.91650390625,48580
2025-10-01 17:56:00,244.00999450683594,244.03990173339844,243.875,243.89999389648438,28227
2025-10-01 17:57:00,244.0301055908203,244.0800018310547,244.02000427246094,244.02999877929688,16180
2025-10-01 17:58:00,243.97500610351562,244.05999755859375,243.96839904785156,244.03500366210938,32336
2025-10-01 17:59:00,244.0399932861328,244.07000732421875,243.9499969482422,243.9600067138672,25930
2025-10-01 18:00:00,244.22900390625,244.3000030517578,244.02000427246094,244.02999877929688,83221
2025-10-01 18:01:00,244.24000549316406,244.3155975341797,244.17999267578125,244.2100067138672,28026
2025-10-01 18:02:00,244.03509521484375,244.24000549316406,243.9949951171875,244.22999572753906,32070
2025-10-01 18:03:00,244.16050720214844,244.1750030517578,243.97999572753906,244.0449981689453,19601
2025-10-01 18:04:00,244.18499755859375,244.1999969482422,244.0749969482422,244.17999267578125,28972
2025-10-01 18:05:00,244.1699981689453,244.24000549316406,244.13999938964844,244.18499755859375,39244
2025-10-01 18:06:00,244.27000427246094,244.30999755859375,244.14999389648438,244.19009399414062,21167
2025-10-01 18:07:00,244.19000244140625,244.3000030517578,244.1699981689453,244.28500366210938,29692
2025-10-01 18:08:00,244.14999389648438,244.20120239257812,244.10499572753906,244.20120239257812,19115
2025-10-01 18:09:00,244.1999969482422,244.22000122070312,244.17999267578125,244.17999267578125,16871
2025-10-01 18:10:00,243.9613037109375,244.2050018310547,243.9499969482422,244.2050018310547,23001
2025-10-01 18:11:00,243.90989685058594,244.00999450683594,243.88999938964844,243.97000122070312,19336
2025-10-01 18:12:00,243.92999267578125,243.9600067138672,243.88499450683594,243.91000366210938,17564
2025-10-01 18:13:00,244.14999389648438,244.1999969482422,243.9199981689453,243.9199981689453,38769
2025-10-01 18:14:00,244.19000244140625,244.3000030517578,244.13499450683594,244.16000366210938,50972
2025-10-01 18:15:00,244.47500610351562,244.55999755859375,244.18499755859375,244.18499755859375,75059
2025-10-01 18:16:00,244.59500122070312,244.61000061035156,244.46499633789062,244.46499633789062,55272
2025-10-01 18:17:00,244.5279998779297,244.58999633789062,244.4759979248047,244.5800018310547,21179
2025-10-01 18:18:00,244.63999938964844,244.6697998046875,244.5,244.52499389648438,46413
2025-10-01 18:19:00,244.68499755859375,244.6999969482422,244.5800018310547,244.6300048828125,28382
2025-10-01 18:20:00,244.72000122070312,244.74000549316406,244.5937042236328,244.69000244140625,54975
2025-10-01 18:21:00,244.52000427246094,244.73089599609375,244.4600067138672,244.73089599609375,68244
2025-10-01 18:22:00,244.53500366210938,244.61000061035156,244.43499755859375,244.52000427246094,57636
2025-10-01 18:23:00,244.67999267578125,244.7100067138672,244.52000427246094,244.5449981689453,29516
2025-10-01 18:24:00,244.7899932861328,244.8000030517578,244.67999267578125,244.67999267578125,33923
2025-10-01 18:25:00,244.8300018310547,244.85000610351562,244.75,244.7899932861328,36296
2025-10-01 18:26:00,244.8300018310547,244.8699951171875,244.7989044189453,244.8300018310547,51526
2025-10-01 18:27:00,244.8699951171875,244.87449645996094,244.80999755859375,244.84500122070312,36304
2025-10-01 18:28:00,244.85000610351562,244.94000244140625,244.7873992919922,244.8699951171875,48348
2025-10-01 18:29:00,244.8699951171875,244.88999938964844,244.7899932861328,244.8470001220703,50774
2025-10-01 18:30:00,244.92999267578125,244.9550018310547,244.80999755859375,244.8699951171875,66813
2025-10-01 18:31:00,244.88999938964844,244.97000122070312,244.7563018798828,244.92869567871094,51543
2025-10-01 18:32:00,244.77000427246094,244.9199981689453,244.77000427246094,244.89999389648438,45342
2025-10-01 18:33:00,245.06500244140625,245.0800018310547,244.77999877929688,244.77999877929688,70846
2025-10-01 18:34:00,245.17999267578125,245.19500732421875,244.99000549316406,245.05999755859375,39803
2025-10-01 18:35:00,245.25999450683594,245.30499267578125,245.1699981689453,245.1699981689453,47772
2025-10-01 18:36:00,245.30999755859375,245.37100219726562,245.22970581054688,245.25999450683594,34281
2025-10-01 18:37:00,245.3800048828125,245.38999938964844,245.27999877929688,245.30999755859375,25138
2025-10-01 18:38:00,245.41000366210938,245.4600067138672,245.30499267578125,245.3699951171875,43884
2025-10-01 18:39:00,245.38999938964844,245.47999572753906,245.35000610351562,245.42999267578125,42304
2025-10-01 18:40:00,245.19000244140625,245.4199981689453,245.14999389648438,245.3699951171875,84282
2025-10-01 18:41:00,245.10000610351562,245.27000427246094,245.10000610351562,245.19000244140625,62954
2025-10-01 18:42:00,245.22999572753906,245.25,245.0399932861328,245.0800018310547,38624
2025-10-01 18:43:00,245.22999572753906,245.2738037109375,245.11000061035156,245.22999572753906,39429
2025-10-01 18:44:00,245.30999755859375,245.38499450683594,245.22000122070312,245.22999572753906,65538
2025-10-01 18:45:00,245.30999755859375,245.3699951171875,245.24000549316406,245.30999755859375,39454
2025-10-01 18:46:00,245.33999633789062,245.35000610351562,245.2899932861328,245.30999755859375,50274
2025-10-01 18:47:00,245.32000732421875,245.41000366210938,245.30999755859375,245.31500244140625,40768
2025-10-01 18:48:00,245.30999755859375,245.30999755859375,245.22000122070312,245.3000030517578,24733
2025-10-01 18:49:00,245.35000610351562,245.39999389648438,245.27000427246094,245.2949981689453,36282
2025-10-01 18:50:00,245.35499572753906,245.40499877929688,245.3000030517578,245.35499572753906,33143
2025-10-01 18:51:00,245.27000427246094,245.33999633789062,245.24000549316406,245.33999633789062,40736
2025-10-01 18:52:00,245.39390563964844,245.41000366210938,245.27000427246094,245.27000427246094,19610
2025-10-01 18:53:00,245.41029357910156,245.42999267578125,245.35000610351562,245.39999389648438,21991
2025-10-01 18:54:00,245.35000610351562,245.4550018310547,245.3000030517578,245.39999389648438,155491
2025-10-01 18:55:00,245.42999267578125,245.44000244140625,245.3800048828125,245.39959716796875,29089
2025-10-01 18:56:00,245.46499633789062,245.50999450683594,245.39999389648438,245.42999267578125,36170
2025-10-01 18:57:00,245.41000366210938,245.44000244140625,245.3350067138672,245.42999267578125,34492
2025-10-01 18:58:00,245.2449951171875,245.47000122070312,245.1999969482422,245.40699768066406,38178
2025-10-01 18:59:00,245.24000549316406,245.33999633789062,245.22000122070312,245.22999572753906,43884
2025-10-01 19:00:00,245.3699951171875,245.39999389648438,245.1999969482422,245.22860717773438,31794
2025-10-01 19:01:00,245.42999267578125,245.47999572753906,245.3699951171875,245.3800048828125,30133
2025-10-01 19:02:00,245.4600067138672,245.50999450683594,245.38999938964844,245.44000244140625,37187
2025-10-01 19:03:00,245.47000122070312,245.52000427246094,245.42999267578125,245.47000122070312,32765
2025-10-01 19:04:00,245.47999572753906,245.5399932861328,245.4600067138672,245.47000122070312,36045
2025-10-01 19:05:00,245.67999267578125,245.68170166015625,245.49000549316406,245.49000549316406,43718
2025-10-01 19:06:00,245.6737060546875,245.7100067138672,245.60000610351562,245.67999267578125,38086
2025-10-01 19:07:00,245.74000549316406,245.75999450683594,245.64999389648438,245.6699981689453,44515
2025-10-01 19:08:00,245.6199951171875,245.76499938964844,245.61000061035156,245.76190185546875,49664
2025-10-01 19:09:00,245.6649932861328,245.6750030517578,245.5800018310547,245.6199951171875,47877
2025-10-01 19:10:00,245.47000122070312,245.6699981689453,245.4199981689453,245.64500427246094,54781
2025-10-01 19:11:00,245.44000244140625,245.52099609375,245.38999938964844,245.47999572753906,48445
2025-10-01 19:12:00,245.47000122070312,245.47000122070312,245.375,245.4499969482422,31632
2025-10-01 19:13:00,245.49000549316406,245.5500030517578,245.4199981689453,245.47000122070312,54504
2025-10-01 19:14:00,245.55999755859375,245.5800018310547,245.47500610351562,245.5,34413
2025-10-01 19:15:00,245.6649932861328,245.72999572753906,245.57000732421875,245.5800018310547,50592
2025-10-01 19:16:00,245.7100067138672,245.8000030517578,245.6674041748047,245.6699981689453,51590
2025-10-01 19:17:00,245.75999450683594,245.80999755859375,245.69000244140625,245.6999969482422,46966
2025-10-01 19:18:00,245.85000610351562,245.85000610351562,245.75,245.75999450683594,46445
2025-10-01 19:19:00,245.6999969482422,245.8800048828125,245.64999389648438,245.83999633789062,88184
2025-10-01 19:20:00,245.5,245.7550048828125,245.4600067138672,245.72000122070312,72905
2025-10-01 19:21:00,245.5,245.60989379882812,245.42999267578125,245.4949951171875,47473
2025-10-01 19:22:00,245.64999389648438,245.66000366210938,245.50999450683594,245.50999450683594,45294
2025-10-01 19:23:00,245.80999755859375,245.83999633789062,245.63999938964844,245.64999389648438,37345
2025-10-01 19:24:00,245.8000030517578,245.89999389648438,245.77999877929688,245.80999755859375,38359
2025-10-01 19:25:00,245.82000732421875,245.85000610351562,245.72000122070312,245.7899932861328,38746
2025-10-01 19:26:00,245.6199951171875,245.86000061035156,245.5800018310547,245.82000732421875,81800
2025-10-01 19:27:00,245.72000122070312,245.7899932861328,245.61000061035156,245.61000061035156,37779
2025-10-01 19:28:00,245.72999572753906,245.7899932861328,245.68080139160156,245.72999572753906,53389
2025-10-01 19:29:00,245.80999755859375,245.8350067138672,245.71009826660156,245.72000122070312,55367
2025-10-01 19:30:00,245.9199981689453,245.93499755859375,245.77000427246094,245.82000732421875,55591
2025-10-01 19:31:00,246.0,246.02000427246094,245.9250030517578,245.9250030517578,79116
2025-10-01 19:32:00,245.86000061035156,246.02000427246094,245.8585968017578,246.0050048828125,56386
2025-10-01 19:33:00,245.97999572753906,246.00999450683594,245.8699951171875,245.8699951171875,70723
2025-10-01 19:34:00,246.0500030517578,246.13999938964844,245.9499969482422,245.97999572753906,151130
2025-10-01 19:35:00,246.10000610351562,246.1199951171875,245.99000549316406,246.05999755859375,56629
2025-10-01 19:36:00,246.1999969482422,246.22000122070312,246.08999633789062,246.11000061035156,68130
2025-10-01 19:37:00,246.17999267578125,246.25999450683594,246.1195068359375,246.2100067138672,62659
2025-10-01 19:38:00,246.16000366210938,246.1999969482422,246.0944061279297,246.17999267578125,47560
2025-10-01 19:39:00,246.22000122070312,246.3000030517578,246.16000366210938,246.1699981689453,71522
2025-10-01 19:40:00,246.02000427246094,246.1999969482422,245.97500610351562,246.19500732421875,76517
2025-10-01 19:41:00,245.9949951171875,246.10000610351562,245.9949951171875,246.02999877929688,56642
2025-10-01 19:42:00,246.02000427246094,246.05999755859375,245.9499969482422,245.97999572753906,54783
2025-10-01 19:43:00,245.83999633789062,246.02000427246094,245.83999633789062,246.01400756835938,69608
2025-10-01 19:44:00,245.82000732421875,245.8800048828125,245.77499389648438,245.80999755859375,75716
2025-10-01 19:45:00,245.75,245.83999633789062,245.7100067138672,245.8000030517578,83110
2025-10-01 19:46:00,245.72999572753906,245.85000610351562,245.7100067138672,245.75,94307
2025-10-01 19:47:00,245.72000122070312,245.91000366210938,245.67999267578125,245.72850036621094,72025
2025-10-01 19:48:00,245.86000061035156,245.86990356445312,245.6999969482422,245.7100067138672,74131
2025-10-01 19:49:00,245.9600067138672,245.97900390625,245.83999633789062,245.8699951171875,97590
2025-10-01 19:50:00,245.58999633789062,246.00999450683594,245.49000549316406,245.97999572753906,209195
2025-10-01 19:51:00,245.41000366210938,245.5800018310547,245.38999938964844,245.5800018310547,129820
2025-10-01 19:52:00,245.5,245.5399932861328,245.3695068359375,245.4199981689453,101860
2025-10-01 19:53:00,245.49000549316406,245.5399932861328,245.38999938964844,245.52000427246094,113807
2025-10-01 19:54:00,245.07000732421875,245.72999572753906,244.8800048828125,245.4949951171875,265952
2025-10-01 19:55:00,244.65499877929688,245.1999969482422,244.61500549316406,245.07000732421875,318402
2025-10-01 19:56:00,244.68499755859375,244.82000732421875,244.64500427246094,244.64500427246094,213008
2025-10-01 19:57:00,244.92999267578125,244.94000244140625,244.6199951171875,244.68499755859375,287227
2025-10-01 19:58:00,244.9199981689453,244.99000549316406,244.89999389648438,244.92999267578125,215837
2025-10-01 19:59:00,244.85000610351562,244.98500061035156,244.83999633789062,244.92999267578125,505365
2025-10-02 13:30:00,245.8699951171875,246.0500030517578,245.0850067138672,245.3350067138672,1368630
2025-10-02 13:31:00,245.66000366210938,246.38999938964844,245.26499938964844,245.9600067138672,222434
2025-10-02 13:32:00,245.3800048828125,245.8699951171875,245.3800048828125,245.625,57267
2025-10-02 13:33:00,244.5500030517578,244.77999877929688,244.44000244140625,244.61500549316406,322588
2025-10-02 13:34:00,244.47000122070312,244.7899932861328,244.18060302734375,244.55880737304688,154965
2025-10-02 13:35:00,244.07000732421875,244.49000549316406,244.00999450683594,244.4199981689453,212434
2025-10-02 13:36:00,244.27000427246094,244.30999755859375,243.89999389648438,244.07000732421875,168196
2025-10-02 13:37:00,244.6699981689453,244.6699981689453,244.1699981689453,244.22999572753906,109215
2025-10-02 13:38:00,244.89999389648438,244.9499969482422,244.6699981689453,244.6699981689453,91039
2025-10-02 13:39:00,244.97000122070312,245.1999969482422,244.86000061035156,244.89999389648438,70596
2025-10-02 13:40:00,244.99000549316406,245.02000427246094,244.7100067138672,244.9696044921875,78552
2025-10-02 13:41:00,244.94000244140625,245.21600341796875,244.88999938964844,244.98959350585938,105008
2025-10-02 13:42:00,245.4149932861328,245.4199981689453,244.94000244140625,244.9488067626953,129910
2025-10-02 13:43:00,244.86500549316406,245.4149932861328,244.69000244140625,245.4149932861328,86263
2025-10-02 13:44:00,244.75,244.90499877929688,244.55999755859375,244.85499572753906,50907
2025-10-02 13:45:00,244.81509399414062,245.11000061035156,244.6300048828125,244.75,96859
2025-10-02 13:46:00,244.97999572753906,245.02999877929688,244.7899932861328,244.8300018310547,66530
2025-10-02 13:47:00,244.77000427246094,245.02000427246094,244.77000427246094,244.9550018310547,76339
2025-10-02 13:48:00,244.5800018310547,244.8300018310547,244.5399932861328,244.7100067138672,82771
2025-10-02 13:49:00,244.5800018310547,244.74000549316406,244.4600067138672,244.61000061035156,54174
2025-10-02 13:50:00,244.58999633789062,244.63999938964844,244.33999633789062,244.5500030517578,44668
2025-10-02 13:51:00,244.33999633789062,244.64999389648438,244.30499267578125,244.57870483398438,69496
2025-10-02 13:52:00,244.64500427246094,244.64999389648438,244.2100067138672,244.36000061035156,55268
2025-10-02 13:53:00,245.14999389648438,245.22720336914062,244.6699981689453,244.6699981689453,63197
2025-10-02 13:54:00,245.44500732421875,245.56500244140625,245.1645050048828,245.22000122070312,50688
2025-10-02 13:55:00,245.27029418945312,245.4600067138672,245.2100067138672,245.4600067138672,37505
2025-10-02 13:56:00,245.27000427246094,245.375,245.1885986328125,245.27999877929688,41024
2025-10-02 13:57:00,245.4700927734375,245.5,245.1199951171875,245.27999877929688,37654
2025-10-02 13:58:00,245.7050018310547,245.72999572753906,245.4250030517578,245.4799041748047,40541
2025-10-02 13:59:00,245.6649932861328,245.7041015625,245.46009826660156,245.69000244140625,44237
2025-10-02 14:00:00,245.91250610351562,245.91250610351562,245.61000061035156,245.64500427246094,71931
2025-10-02 14:01:00,245.8699951171875,246.0850067138672,245.78599548339844,245.9199981689453,58034
2025-10-02 14:02:00,245.5850067138672,245.86000061035156,245.57000732421875,245.86000061035156,31781
2025-10-02 14:03:00,245.94000244140625,246.02000427246094,245.5800018310547,245.60000610351562,66631
2025-10-02 14:04:00,245.88999938964844,246.05999755859375,245.88999938964844,245.97500610351562,49527
2025-10-02 14:05:00,245.97000122070312,246.0399932861328,245.9001007080078,245.91259765625,36833
2025-10-02 14:06:00,245.91000366210938,246.08999633789062,245.86000061035156,245.97000122070312,67035
2025-10-02 14:07:00,246.0449981689453,246.0500030517578,245.8000030517578,245.9149932861328,49471
2025-10-02 14:08:00,246.25,246.41990661621094,245.9499969482422,246.05999755859375,68431
2025-10-02 14:09:00,245.9199981689453,246.32000732421875,245.9199981689453,246.24000549316406,66637
2025-10-02 14:10:00,245.7949981689453,245.92999267578125,245.7100067138672,245.9250030517578,73978
2025-10-02 14:11:00,245.80999755859375,245.88009643554688,245.72000122070312,245.75,77400
2025-10-02 14:12:00,245.9197998046875,246.01499938964844,245.67999267578125,245.80999755859375,48679
2025-10-02 14:13:00,246.17999267578125,246.2949981689453,245.92999267578125,245.92999267578125,41775
2025-10-02 14:14:00,246.22999572753906,246.25509643554688,246.1300048828125,246.19000244140625,36860
2025-10-02 14:15:00,246.26499938964844,246.30499267578125,246.2100067138672,246.23899841308594,64874
2025-10-02 14:16:00,246.6699981689453,246.77679443359375,246.2689971923828,246.2689971923828,110646
2025-10-02 14:17:00,246.71499633789062,246.80999755859375,246.63999938964844,246.65499877929688,77311
2025-10-02 14:18:00,246.6750030517578,246.77000427246094,246.47999572753906,246.6999969482422,88506
2025-10-02 14:19:00,246.36000061035156,246.7949981689453,246.34500122070312,246.6999969482422,51560
2025-10-02 14:20:00,245.98500061035156,246.35000610351562,245.96499633789062,246.3300018310547,75579
2025-10-02 14:21:00,245.9949951171875,246.15499877929688,245.82000732421875,245.97000122070312,92304
2025-10-02 14:22:00,246.15499877929688,246.18499755859375,245.89010620117188,245.96499633789062,52238
2025-10-02 14:23:00,246.33999633789062,246.3699951171875,246.1300048828125,246.17999267578125,55091
2025-10-02 14:24:00,246.13999938964844,246.3300018310547,246.07000732421875,246.3300018310547,23039
2025-10-02 14:25:00,245.8498992919922,246.22999572753906,245.8300018310547,246.17999267578125,39994
2025-10-02 14:26:00,245.74940490722656,245.85000610351562,245.66009521484375,245.8000030517578,51313
2025-10-02 14:27:00,245.69000244140625,245.77000427246094,245.52999877929688,245.74000549316406,43873
2025-10-02 14:28:00,245.4600067138672,245.6999969482422,245.41000366210938,245.6699981689453,40902
2025-10-02 14:29:00,245.20489501953125,245.42999267578125,245.1300048828125,245.4199981689453,42823
2025-10-02 14:30:00,245.57000732421875,245.64999389648438,245.1999969482422,245.22000122070312,82058
2025-10-02 14:31:00,245.52999877929688,245.75,245.49000549316406,245.58999633789062,38984
2025-10-02 14:32:00,245.47000122070312,245.6428985595703,245.42730712890625,245.6428985595703,32413
2025-10-02 14:33:00,245.57000732421875,245.60000610351562,245.4199981689453,245.42779541015625,44146
2025-10-02 14:34:00,245.61000061035156,245.6199951171875,245.4199981689453,245.57000732421875,58574
2025-10-02 14:35:00,245.0399932861328,245.64500427246094,244.60000610351562,245.6199951171875,421002
2025-10-02 14:36:00,245.25,245.28939819335938,244.72999572753906,245.0,121169
2025-10-02 14:37:00,245.22999572753906,245.35000610351562,244.89999389648438,245.2899932861328,131063
2025-10-02 14:38:00,245.08799743652344,245.22000122070312,244.9199981689453,245.22000122070312,71433
2025-10-02 14:39:00,245.41000366210938,245.42999267578125,245.08999633789062,245.08999633789062,46050
2025-10-02 14:40:00,245.16000366210938,245.439697265625,245.0850067138672,245.4250030517578,46821
2025-10-02 14:41:00,244.22500610351562,245.1999969482422,244.17050170898438,245.19000244140625,231022
2025-10-02 14:42:00,244.1199951171875,244.5,243.75999450683594,244.22999572753906,146280
2025-10-02 14:43:00,243.8800048828125,244.22999572753906,243.8300018310547,244.1199951171875,125229
2025-10-02 14:44:00,243.78500366210938,244.01499938964844,243.625,243.88999938964844,116237
2025-10-02 14:45:00,243.14999389648438,243.82000732421875,243.0500030517578,243.8000030517578,194255
2025-10-02 14:46:00,242.39410400390625,243.17999267578125,242.33999633789062,243.14700317382812,243255
2025-10-02 14:47:00,242.80999755859375,242.8699951171875,242.30499267578125,242.3800048828125,157198
2025-10-02 14:48:00,243.35000610351562,243.37930297851562,242.80999755859375,242.80999755859375,137655
2025-10-02 14:49:00,243.3699951171875,243.5,243.14999389648438,243.33999633789062,115106
2025-10-02 14:50:00,243.47999572753906,243.56500244140625,243.2100067138672,243.3699951171875,128736
2025-10-02 14:51:00,243.63499450683594,243.77999877929688,243.39999389648438,243.49000549316406,112946
2025-10-02 14:52:00,243.47000122070312,243.72999572753906,243.34579467773438,243.66000366210938,96621
2025-10-02 14:53:00,243.37030029296875,243.51499938964844,243.27999877929688,243.46499633789062,50001
2025-10-02 14:54:00,243.0449981689453,243.43499755859375,243.0399932861328,243.3800048828125,114501
2025-10-02 14:55:00,243.38499450683594,243.46499633789062,243.068603515625,243.068603515625,67163
2025-10-02 14:56:00,243.55999755859375,243.61050415039062,243.3350067138672,243.38999938964844,43479
2025-10-02 14:57:00,243.4600067138672,243.60000610351562,243.3800048828125,243.60000610351562,54706
2025-10-02 14:58:00,243.33999633789062,243.52000427246094,243.33999633789062,243.46499633789062,57873
2025-10-02 14:59:00,243.36000061035156,243.49000549316406,243.24000549316406,243.32000732421875,61693
2025-10-02 15:00:00,243.4600067138672,243.55999755859375,243.3300018310547,243.36000061035156,43464
2025-10-02 15:01:00,243.51499938964844,243.60000610351562,243.44000244140625,243.49000549316406,42126
2025-10-02 15:02:00,243.29490661621094,243.50999450683594,243.2552032470703,243.50999450683594,57220
2025-10-02 15:03:00,243.41000366210938,243.6199951171875,243.2949981689453,243.2949981689453,47947
2025-10-02 15:04:00,243.22999572753906,243.44000244140625,243.11000061035156,243.4250030517578,47760
2025-10-02 15:05:00,243.75,243.82000732421875,243.22000122070312,243.22999572753906,54363
2025-10-02 15:06:00,244.26499938964844,244.26499938964844,243.77749633789062,243.77749633789062,76008
2025-10-02 15:07:00,244.38999938964844,244.4600067138672,244.27000427246094,244.32000732421875,56513
2025-10-02 15:08:00,244.32000732421875,244.38999938964844,244.2100067138672,244.3699951171875,65544
2025-10-02 15:09:00,244.19000244140625,244.35000610351562,244.02999877929688,244.32000732421875,42149
2025-10-02 15:10:00,244.33999633789062,244.47999572753906,244.08999633789062,244.19000244140625,38408
2025-10-02 15:11:00,244.15499877929688,244.32000732421875,244.05999755859375,244.27000427246094,32589
2025-10-02 15:12:00,243.9199981689453,244.1699981689453,243.84500122070312,244.1199951171875,32805
2025-10-02 15:13:00,243.9416046142578,244.02999877929688,243.88999938964844,243.88999938964844,21459
2025-10-02 15:14:00,243.99000549316406,244.07000732421875,243.94000244140625,243.94500732421875,22756
2025-10-02 15:15:00,243.625,244.0500030517578,243.6199951171875,243.98519897460938,71648
2025-10-02 15:16:00,243.61500549316406,243.74000549316406,243.58009338378906,243.625,50325
2025-10-02 15:17:00,243.60000610351562,243.6300048828125,243.47500610351562,243.61500549316406,40868
2025-10-02 15:18:00,243.51499938964844,243.63999938964844,243.38999938964844,243.5800018310547,46896
2025-10-02 15:19:00,243.53500366210938,243.5500030517578,243.44500732421875,243.52999877929688,29180
2025-10-02 15:20:00,243.5500030517578,243.56500244140625,243.4600067138672,243.4949951171875,28027
2025-10-02 15:21:00,243.8000030517578,243.80999755859375,243.58999633789062,243.58999633789062,33237
2025-10-02 15:22:00,243.75509643554688,243.82269287109375,243.63999938964844,243.82000732421875,33170
2025-10-02 15:23:00,243.85940551757812,243.92999267578125,243.72999572753906,243.7550048828125,28130
2025-10-02 15:24:00,243.66000366210938,243.84500122070312,243.66000366210938,243.80999755859375,38006
2025-10-02 15:25:00,243.55499267578125,243.69000244140625,243.55499267578125,243.66000366210938,30477
2025-10-02 15:26:00,243.80499267578125,243.83999633789062,243.5399932861328,243.55960083007812,37113
2025-10-02 15:27:00,243.83999633789062,243.97000122070312,243.81500244140625,243.82000732421875,30830
2025-10-02 15:28:00,243.9499969482422,244.03500366210938,243.80999755859375,243.8350067138672,70019
2025-10-02 15:29:00,243.77999877929688,243.94000244140625,243.73910522460938,243.91000366210938,25169
2025-10-02 15:30:00,243.69000244140625,243.8000030517578,243.64500427246094,243.77000427246094,47257
2025-10-02 15:31:00,243.60499572753906,243.6999969482422,243.5850067138672,243.69000244140625,29740
2025-10-02 15:32:00,243.63999938964844,243.67849731445312,243.5,243.55999755859375,22595
2025-10-02 15:33:00,243.6199951171875,243.6750030517578,243.52999877929688,243.6199951171875,25571
2025-10-02 15:34:00,243.70950317382812,243.70950317382812,243.5399932861328,243.62139892578125,38492
2025-10-02 15:35:00,243.8300018310547,243.8708953857422,243.69000244140625,243.7050018310547,31129
2025-10-02 15:36:00,243.85499572753906,243.87989807128906,243.77999877929688,243.77999877929688,16547
2025-10-02 15:37:00,243.625,243.875,243.5800018310547,243.8699951171875,47494
2025-10-02 15:38:00,243.75,243.77999877929688,243.64999389648438,243.64999389648438,20985
2025-10-02 15:39:00,243.75999450683594,243.81959533691406,243.66000366210938,243.75,27033
2025-10-02 15:40:00,243.77999877929688,243.8249969482422,243.7550048828125,243.77000427246094,15988
2025-10-02 15:41:00,243.9499969482422,244.0500030517578,243.82000732421875,243.82000732421875,53420
2025-10-02 15:42:00,243.9499969482422,244.0,243.8800048828125,243.9600067138672,20003
2025-10-02 15:43:00,243.9499969482422,244.02999877929688,243.88999938964844,243.94000244140625,20029
2025-10-02 15:44:00,243.9250030517578,243.97999572753906,243.9199981689453,243.97000122070312,15842
2025-10-02 15:45:00,243.97999572753906,244.02000427246094,243.9250030517578,243.9250030517578,19506
2025-10-02 15:46:00,244.16000366210938,244.17990112304688,243.94500732421875,244.00999450683594,20746
2025-10-02 15:47:00,244.05999755859375,244.2100067138672,244.03500366210938,244.17999267578125,28782
2025-10-02 15:48:00,243.9550018310547,244.07000732421875,243.90499877929688,244.0399932861328,32437
2025-10-02 15:49:00,244.02000427246094,244.11000061035156,243.9499969482422,243.9600067138672,21113
2025-10-02 15:50:00,244.22999572753906,244.22999572753906,244.01499938964844,244.02999877929688,29379
2025-10-02 15:51:00,244.23500061035156,244.25,244.1999969482422,244.2169952392578,29947
2025-10-02 15:52:00,244.35000610351562,244.35000610351562,244.25,244.25999450683594,40236
2025-10-02 15:53:00,244.38999938964844,244.38999938964844,244.2801055908203,244.3300018310547,19870
2025-10-02 15:54:00,244.4199981689453,244.44000244140625,244.36000061035156,244.375,14425
2025-10-02 15:55:00,244.32000732421875,244.4398956298828,244.27999877929688,244.41000366210938,20122
2025-10-02 15:56:00,244.42999267578125,244.4600067138672,244.30999755859375,244.30999755859375,19677
2025-10-02 15:57:00,244.44000244140625,244.47999572753906,244.3699951171875,244.43499755859375,25574
2025-10-02 15:58:00,244.43499755859375,244.47000122070312,244.3699951171875,244.44419860839844,23412
2025-10-02 15:59:00,244.43499755859375,244.50999450683594,244.36000061035156,244.44000244140625,31525
2025-10-02 16:00:00,244.40699768066406,244.4600067138672,244.3699951171875,244.43499755859375,17080
2025-10-02 16:01:00,244.27499389648438,244.52000427246094,243.69000244140625,244.40240478515625,372137
2025-10-02 16:02:00,244.4250030517578,244.50999450683594,244.2899932861328,244.32000732421875,32471
2025-10-02 16:03:00,244.32000732421875,244.47999572753906,244.2899932861328,244.4250030517578,23037
2025-10-02 16:04:00,244.47000122070312,244.5800018310547,244.31500244140625,244.31500244140625,36670
2025-10-02 16:05:00,244.27040100097656,244.4600067138672,244.1699981689453,244.4600067138672,19417
2025-10-02 16:06:00,244.28500366210938,244.45159912109375,244.27000427246094,244.27999877929688,17309
2025-10-02 16:07:00,244.36000061035156,244.3699951171875,244.22999572753906,244.32000732421875,18481
2025-10-02 16:08:00,244.38999938964844,244.42959594726562,244.3350067138672,244.41000366210938,11005
2025-10-02 16:09:00,244.41990661621094,244.41990661621094,244.33999633789062,244.38999938964844,13166
2025-10-02 16:10:00,244.32000732421875,244.4550018310547,244.27999877929688,244.4199981689453,923267
2025-10-02 16:11:00,244.40499877929688,244.44000244140625,244.25,244.3000030517578,15953
2025-10-02 16:12:00,244.52499389648438,244.52999877929688,244.44500732421875,244.44500732421875,13520
2025-10-02 16:13:00,244.39500427246094,244.58999633789062,244.33999633789062,244.52999877929688,20385
2025-10-02 16:14:00,244.3300018310547,244.4019012451172,244.3000030517578,244.4019012451172,13280
2025-10-02 16:15:00,244.44000244140625,244.5,244.2949981689453,244.32009887695312,41438
2025-10-02 16:16:00,244.4199981689453,244.47500610351562,244.33999633789062,244.4550018310547,22494
2025-10-02 16:17:00,244.41000366210938,244.47999572753906,244.33999633789062,244.4199981689453,25617
2025-10-02 16:18:00,244.26499938964844,244.39999389648438,244.22999572753906,244.39999389648438,25270
2025-10-02 16:19:00,244.2050018310547,244.27999877929688,244.1699981689453,244.27000427246094,34584
2025-10-02 16:20:00,243.9250030517578,244.1750030517578,243.9250030517578,244.1699981689453,25516
2025-10-02 16:21:00,243.86000061035156,243.94000244140625,243.77999877929688,243.9199981689453,26093
2025-10-02 16:22:00,243.77999877929688,243.92999267578125,243.75,243.88999938964844,26111
2025-10-02 16:23:00,243.9250030517578,243.94000244140625,243.77499389648438,243.77499389648438,29747
2025-10-02 16:24:00,243.8800048828125,243.97000122070312,243.8800048828125,243.91000366210938,18140
2025-10-02 16:25:00,243.79750061035156,243.94000244140625,243.75999450683594,243.9199981689453,17397
2025-10-02 16:26:00,243.90499877929688,243.97000122070312,243.8007049560547,243.80999755859375,22727
2025-10-02 16:27:00,243.83999633789062,243.91000366210938,243.7899932861328,243.9073944091797,26904
2025-10-02 16:28:00,243.80999755859375,243.88999938964844,243.7949981689453,243.86500549316406,22694
2025-10-02 16:29:00,243.78500366210938,243.89999389648438,243.72000122070312,243.82989501953125,22498
2025-10-02 16:30:00,243.86000061035156,243.86000061035156,243.72999572753906,243.78500366210938,25129
2025-10-02 16:31:00,244.02000427246094,244.03990173339844,243.86000061035156,243.86000061035156,26569
2025-10-02 16:32:00,244.05499267578125,244.1094970703125,244.00999450683594,244.00999450683594,29368
2025-10-02 16:33:00,243.91000366210938,244.07000732421875,243.90499877929688,244.05239868164062,25433
2025-10-02 16:34:00,243.97000122070312,243.99000549316406,243.89999389648438,243.92999267578125,31316
2025-10-02 16:35:00,243.88999938964844,243.97999572753906,243.83999633789062,243.96499633789062,21645
2025-10-02 16:36:00,243.7899932861328,243.89990234375,243.7100067138672,243.88499450683594,27270
2025-10-02 16:37:00,243.72000122070312,243.8052978515625,243.70199584960938,243.8052978515625,38388
2025-10-02 16:38:00,243.8800048828125,243.9149932861328,243.73500061035156,243.73500061035156,18348
2025-10-02 16:39:00,243.89999389648438,244.02999877929688,243.86000061035156,243.8699951171875,32211
2025-10-02 16:40:00,243.83999633789062,243.9499969482422,243.8000030517578,243.89999389648438,31469
2025-10-02 16:41:00,243.7899932861328,243.8699951171875,243.67999267578125,243.82000732421875,37572
2025-10-02 16:42:00,243.82000732421875,243.875,243.7899932861328,243.80999755859375,36436
2025-10-02 16:43:00,243.8350067138672,243.8800048828125,243.77999877929688,243.8249969482422,22521
2025-10-02 16:44:00,243.7407989501953,243.85499572753906,243.74000549316406,243.8300018310547,27951
2025-10-02 16:45:00,243.77000427246094,243.82000732421875,243.74000549316406,243.75,13221
2025-10-02 16:46:00,243.7100067138672,243.77999877929688,243.67999267578125,243.77499389648438,25272
2025-10-02 16:47:00,243.63999938964844,243.72430419921875,243.58999633789062,243.7100067138672,25143
2025-10-02 16:48:00,243.6300048828125,243.7169952392578,243.61000061035156,243.61000061035156,23455
2025-10-02 16:49:00,243.65499877929688,243.66000366210938,243.58999633789062,243.63499450683594,13151
2025-10-02 16:50:00,243.66949462890625,243.75999450683594,243.63999938964844,243.66000366210938,23047
2025-10-02 16:51:00,243.64999389648438,243.69000244140625,243.60000610351562,243.60000610351562,18974
2025-10-02 16:52:00,243.5449981689453,243.6699981689453,243.52999877929688,243.625,18855
2025-10-02 16:53:00,243.58999633789062,243.63999938964844,243.52999877929688,243.54620361328125,21449
2025-10-02 16:54:00,243.72000122070312,243.72000122070312,243.55999755859375,243.5800018310547,20524
2025-10-02 16:55:00,243.6096954345703,243.72000122070312,243.57000732421875,243.7100067138672,24354
2025-10-02 16:56:00,243.5,243.60000610351562,243.47000122070312,243.58999633789062,22522
2025-10-02 16:57:00,243.3699951171875,243.52999877929688,243.3699951171875,243.50999450683594,25415
2025-10-02 16:58:00,243.375,243.41000366210938,243.32000732421875,243.35150146484375,22238
2025-10-02 16:59:00,243.40499877929688,243.40499877929688,243.27999877929688,243.3800048828125,47275
2025-10-02 17:00:00,243.22500610351562,243.39999389648438,243.22500610351562,243.38999938964844,33387
2025-10-02 17:01:00,243.110107421875,243.32000732421875,243.0749969482422,243.22999572753906,31193
2025-10-02 17:02:00,243.1649932861328,243.28500366210938,243.09500122070312,243.11000061035156,50526
2025-10-02 17:03:00,243.22000122070312,243.22000122070312,243.08009338378906,243.14999389648438,27994
2025-10-02 17:04:00,243.25999450683594,243.44000244140625,243.22000122070312,243.24000549316406,61221
2025-10-02 17:05:00,243.50999450683594,243.51499938964844,243.25,243.26499938964844,23462
2025-10-02 17:06:00,243.52000427246094,243.61000061035156,243.47999572753906,243.5198974609375,29769
2025-10-02 17:07:00,243.5500030517578,243.6199951171875,243.5,243.5395050048828,28732
2025-10-02 17:08:00,243.52499389648438,243.5399932861328,243.4949951171875,243.52999877929688,14880
2025-10-02 17:09:00,243.56500244140625,243.63999938964844,243.5399932861328,243.5399932861328,22509
2025-10-02 17:10:00,243.5800018310547,243.60499572753906,243.50999450683594,243.5800018310547,19895
2025-10-02 17:11:00,243.57000732421875,243.585205078125,243.468994140625,243.57000732421875,20860
2025-10-02 17:12:00,243.61000061035156,243.6649932861328,243.55999755859375,243.58999633789062,27691
2025-10-02 17:13:00,243.46499633789062,243.59010314941406,243.42999267578125,243.59010314941406,13441
2025-10-02 17:14:00,243.5399932861328,243.5800018310547,243.4499969482422,243.4499969482422,21198
2025-10-02 17:15:00,243.64520263671875,243.6699981689453,243.5399932861328,243.5399932861328,15966
2025-10-02 17:16:00,243.63499450683594,243.66000366210938,243.60000610351562,243.64999389648438,16947
2025-10-02 17:17:00,243.52000427246094,243.6199951171875,243.52000427246094,243.60000610351562,11315
2025-10-02 17:18:00,243.40499877929688,243.53500366210938,243.33999633789062,243.53500366210938,19601
2025-10-02 17:19:00,243.38999938964844,243.4600067138672,243.3800048828125,243.40499877929688,16272
2025-10-02 17:20:00,243.43980407714844,243.4499969482422,243.34500122070312,243.39999389648438,30159
2025-10-02 17:21:00,243.58999633789062,243.610595703125,243.4149932861328,243.4149932861328,15663
2025-10-02 17:22:00,243.63999938964844,243.6999969482422,243.61500549316406,243.6300048828125,18774
2025-10-02 17:23:00,243.71499633789062,243.71499633789062,243.63999938964844,243.63999938964844,12663
2025-10-02 17:24:00,243.75,243.77000427246094,243.7093963623047,243.7100067138672,17262
2025-10-02 17:25:00,243.8000030517578,243.81500244140625,243.74000549316406,243.7550048828125,19630
2025-10-02 17:26:00,243.7449951171875,243.77499389648438,243.64999389648438,243.75999450683594,32522
2025-10-02 17:27:00,243.88499450683594,243.88999938964844,243.75999450683594,243.7899932861328,33337
2025-10-02 17:28:00,243.83999633789062,243.97000122070312,243.8300018310547,243.88009643554688,20374
2025-10-02 17:29:00,243.7100067138672,243.8300018310547,243.6999969482422,243.82000732421875,15662
2025-10-02 17:30:00,243.6199951171875,243.7447967529297,243.61000061035156,243.6999969482422,18503
2025-10-02 17:31:00,243.75,243.75,243.6300048828125,243.63999938964844,22796
2025-10-02 17:32:00,243.75,243.80499267578125,243.72000122070312,243.75999450683594,12450
2025-10-02 17:33:00,243.6999969482422,243.73500061035156,243.66000366210938,243.73500061035156,12240
2025-10-02 17:34:00,243.67999267578125,243.75999450683594,243.67999267578125,243.6999969482422,20626
2025-10-02 17:35:00,243.75,243.75999450683594,243.66000366210938,243.67999267578125,13165
2025-10-02 17:36:00,243.55999755859375,243.72500610351562,243.55999755859375,243.72500610351562,17143
2025-10-02 17:37:00,243.67320251464844,243.69000244140625,243.55999755859375,243.55999755859375,22587
2025-10-02 17:38:00,243.63999938964844,243.72000122070312,243.63999938964844,243.6699981689453,11675
2025-10-02 17:39:00,243.58900451660156,243.6300048828125,243.5500030517578,243.6300048828125,17763
2025-10-02 17:40:00,243.57000732421875,243.63999938964844,243.55999755859375,243.58999633789062,13606
2025-10-02 17:41:00,243.50999450683594,243.61000061035156,243.50999450683594,243.58999633789062,18224
2025-10-02 17:42:00,243.59500122070312,243.69000244140625,243.5,243.52999877929688,30455
2025-10-02 17:43:00,243.52999877929688,243.60000610351562,243.52000427246094,243.5904998779297,18740
2025-10-02 17:44:00,243.5500030517578,243.5800018310547,243.49000549316406,243.52000427246094,30772
2025-10-02 17:45:00,243.63999938964844,243.63999938964844,243.50999450683594,243.57000732421875,19747
2025-10-02 17:46:00,243.6201934814453,243.69500732421875,243.60000610351562,243.66000366210938,18602
2025-10-02 17:47:00,243.64500427246094,243.68499755859375,243.63999938964844,243.67999267578125,18832
2025-10-02 17:48:00,243.6999969482422,243.6999969482422,243.63999938964844,243.6699981689453,10614
2025-10-02 17:49:00,243.6699981689453,243.7949981689453,243.64999389648438,243.72000122070312,46252
2025-10-02 17:50:00,243.67999267578125,243.67999267578125,243.6300048828125,243.66000366210938,13748
2025-10-02 17:51:00,243.63999938964844,243.72999572753906,243.6204071044922,243.68499755859375,19501
2025-10-02 17:52:00,243.67999267578125,243.67999267578125,243.55999755859375,243.65499877929688,35430
2025-10-02 17:53:00,243.71499633789062,243.7501983642578,243.71499633789062,243.75,25184
2025-10-02 17:54:00,243.7899932861328,243.83999633789062,243.69000244140625,243.6999969482422,18989
2025-10-02 17:55:00,243.83999633789062,243.8498992919922,243.7550048828125,243.7949981689453,19242
2025-10-02 17:56:00,243.89239501953125,243.90289306640625,243.83999633789062,243.83999633789062,33467
2025-10-02 17:57:00,243.92840576171875,244.02000427246094,243.8800048828125,243.8800048828125,36535
2025-10-02 17:58:00,244.04989624023438,244.0800018310547,243.93870544433594,243.93870544433594,20344
2025-10-02 17:59:00,243.985595703125,244.0299072265625,243.97000122070312,244.02499389648438,23439
2025-10-02 18:00:00,244.19000244140625,244.19259643554688,244.0,244.02999877929688,27676
2025-10-02 18:01:00,244.23500061035156,244.30999755859375,244.1999969482422,244.2100067138672,53546
2025-10-02 18:02:00,244.25,244.2899932861328,244.21029663085938,244.23500061035156,28744
2025-10-02 18:03:00,244.0749969482422,244.28990173339844,244.05999755859375,244.2200927734375,31018
2025-10-02 18:04:00,244.02000427246094,244.13699340820312,244.0,244.08999633789062,29210
2025-10-02 18:05:00,243.99000549316406,244.0500030517578,243.91000366210938,244.02999877929688,27285
2025-10-02 18:06:00,244.13999938964844,244.13999938964844,243.9499969482422,244.02000427246094,25148
2025-10-02 18:07:00,244.17999267578125,244.2100067138672,244.1300048828125,244.13059997558594,18612
2025-10-02 18:08:00,244.1699981689453,244.19000244140625,244.10000610351562,244.1699981689453,19756
2025-10-02 18:09:00,244.25999450683594,244.3000030517578,244.1699981689453,244.1699981689453,17970
2025-10-02 18:10:00,244.25999450683594,244.2899932861328,244.2445068359375,244.2799072265625,16718
2025-10-02 18:11:00,244.19000244140625,244.27999877929688,244.1707000732422,244.27000427246094,21567
2025-10-02 18:12:00,244.25999450683594,244.2899932861328,244.1699981689453,244.17999267578125,24466
2025-10-02 18:13:00,244.1699981689453,244.30999755859375,244.1699981689453,244.2449951171875,16959
2025-10-02 18:14:00,244.02999877929688,244.1649932861328,244.00999450683594,244.14500427246094,23823
2025-10-02 18:15:00,244.11000061035156,244.12100219726562,243.97999572753906,244.01499938964844,28288
2025-10-02 18:16:00,244.0399932861328,244.1199951171875,244.02999877929688,244.08999633789062,34854
2025-10-02 18:17:00,244.0590057373047,244.0800018310547,244.01499938964844,244.0399932861328,17361
2025-10-02 18:18:00,243.99000549316406,244.08999633789062,243.99000549316406,244.02999877929688,14828
2025-10-02 18:19:00,243.9550018310547,244.0,243.92999267578125,243.98609924316406,17085
2025-10-02 18:20:00,243.89999389648438,243.9929962158203,243.8800048828125,243.9600067138672,16572
2025-10-02 18:21:00,243.97999572753906,244.05979919433594,243.92979431152344,243.92979431152344,21160
2025-10-02 18:22:00,244.010498046875,244.02999877929688,243.960205078125,244.01759338378906,12651
2025-10-02 18:23:00,244.02999877929688,244.0800018310547,244.00999450683594,244.00999450683594,21134
2025-10-02 18:24:00,244.07000732421875,244.07969665527344,243.9250030517578,244.00999450683594,19838
2025-10-02 18:25:00,244.19500732421875,244.22000122070312,244.0800018310547,244.0800018310547,19579
2025-10-02 18:26:00,244.2100067138672,244.24000549316406,244.16400146484375,244.19500732421875,19183
2025-10-02 18:27:00,244.2550048828125,244.27499389648438,244.2100067138672,244.2100067138672,20423
2025-10-02 18:28:00,244.3800048828125,244.39999389648438,244.2550048828125,244.2550048828125,27567
2025-10-02 18:29:00,244.44000244140625,244.44500732421875,244.36000061035156,244.38499450683594,18613
2025-10-02 18:30:00,244.41709899902344,244.47000122070312,244.41000366210938,244.43699645996094,26905
2025-10-02 18:31:00,244.47500610351562,244.47999572753906,244.41000366210938,244.4199981689453,17222
2025-10-02 18:32:00,244.5449981689453,244.5601043701172,244.48500061035156,244.48500061035156,24437
2025-10-02 18:33:00,244.60000610351562,244.6396942138672,244.5399932861328,244.5500030517578,21182
2025-10-02 18:34:00,244.55999755859375,244.62469482421875,244.55499267578125,244.59500122070312,18432
2025-10-02 18:35:00,244.52999877929688,244.60000610351562,244.52000427246094,244.57000732421875,22623
2025-10-02 18:36:00,244.4949951171875,244.5399932861328,244.4600067138672,244.52999877929688,23071
2025-10-02 18:37:00,244.35499572753906,244.4949951171875,244.3325958251953,244.4949951171875,21548
2025-10-02 18:38:00,244.28500366210938,244.3000030517578,244.24000549316406,244.2899932861328,18741
2025-10-02 18:39:00,244.3350067138672,244.3699951171875,244.3000030517578,244.3000030517578,13923
2025-10-02 18:40:00,244.32000732421875,244.33999633789062,244.27999877929688,244.32000732421875,13265
2025-10-02 18:41:00,244.30999755859375,244.33999633789062,244.27000427246094,244.33999633789062,23008
2025-10-02 18:42:00,244.3000030517578,244.36000061035156,244.2030029296875,244.30999755859375,33630
2025-10-02 18:43:00,244.25,244.30999755859375,244.2100067138672,244.30999755859375,9924
2025-10-02 18:44:00,244.3300018310547,244.3350067138672,244.2449951171875,244.25999450683594,11791
2025-10-02 18:45:00,244.1999969482422,244.32000732421875,244.1699981689453,244.30499267578125,46006
2025-10-02 18:46:00,244.22000122070312,244.3000030517578,244.22000122070312,244.24000549316406,16335
2025-10-02 18:47:00,244.2899932861328,244.3000030517578,244.210205078125,244.22500610351562,12318
2025-10-02 18:48:00,244.28500366210938,244.3300018310547,244.27000427246094,244.2899932861328,18383
2025-10-02 18:49:00,244.27499389648438,244.3000030517578,244.25,244.27999877929688,16127
2025-10-02 18:50:00,244.2899932861328,244.30999755859375,244.25010681152344,244.2949981689453,61167
2025-10-02 18:51:00,244.30499267578125,244.38999938964844,244.27499389648438,244.30999755859375,27461
2025-10-02 18:52:00,244.4499969482422,244.4499969482422,244.3300018310547,244.3350067138672,21003
2025-10-02 18:53:00,244.44000244140625,244.4600067138672,244.40499877929688,244.4600067138672,22449
2025-10-02 18:54:00,244.4499969482422,244.4550018310547,244.39999389648438,244.44000244140625,25689
2025-10-02 18:55:00,244.52999877929688,244.5399932861328,244.41000366210938,244.41000366210938,21650
2025-10-02 18:56:00,244.60000610351562,244.60000610351562,244.50999450683594,244.52499389648438,33108
2025-10-02 18:57:00,244.60000610351562,244.72000122070312,244.58999633789062,244.60000610351562,50859
2025-10-02 18:58:00,244.56500244140625,244.6199951171875,244.50999450683594,244.61000061035156,32338
2025-10-02 18:59:00,244.63999938964844,244.6699981689453,244.55999755859375,244.56739807128906,22762
2025-10-02 19:00:00,244.6300048828125,244.65499877929688,244.58999633789062,244.6300048828125,28023
2025-10-02 19:01:00,244.74000549316406,244.74000549316406,244.63999938964844,244.63999938964844,51777
2025-10-02 19:02:00,244.7949981689453,244.7949981689453,244.72999572753906,244.72999572753906,27714
2025-10-02 19:03:00,244.85000610351562,244.87240600585938,244.7899932861328,244.8000030517578,28347
2025-10-02 19:04:00,244.9499969482422,244.9506072998047,244.8249969482422,244.84869384765625,47670
2025-10-02 19:05:00,244.8000030517578,244.960693359375,244.77999877929688,244.952392578125,34349
2025-10-02 19:06:00,244.94000244140625,244.94000244140625,244.8000030517578,244.8000030517578,32190
2025-10-02 19:07:00,244.8699951171875,244.92999267578125,244.86000061035156,244.9199981689453,29630
2025-10-02 19:08:00,244.91000366210938,244.9499969482422,244.875,244.875,24594
2025-10-02 19:09:00,245.00779724121094,245.02000427246094,244.9199981689453,244.94000244140625,40338
2025-10-02 19:10:00,244.97000122070312,245.02000427246094,244.9499969482422,244.99000549316406,24604
2025-10-02 19:11:00,244.92999267578125,245.00990295410156,244.92999267578125,244.97000122070312,29718
2025-10-02 19:12:00,244.88980102539062,244.95469665527344,244.8699951171875,244.94000244140625,24818
2025-10-02 19:13:00,244.69500732421875,244.90499877929688,244.6649932861328,244.8800048828125,30440
2025-10-02 19:14:00,244.7449951171875,244.75230407714844,244.6699981689453,244.7100067138672,24115
2025-10-02 19:15:00,244.62939453125,244.72999572753906,244.6199951171875,244.72999572753906,31119
2025-10-02 19:16:00,244.6199951171875,244.69000244140625,244.60000610351562,244.625,31625
2025-10-02 19:17:00,244.6699981689453,244.6750030517578,244.60499572753906,244.60499572753906,23371
2025-10-02 19:18:00,244.67999267578125,244.67999267578125,244.64999389648438,244.6699981689453,23357
2025-10-02 19:19:00,244.75,244.75,244.6649932861328,244.67999267578125,26503
2025-10-02 19:20:00,244.83999633789062,244.8800048828125,244.74000549316406,244.74000549316406,35652
2025-10-02 19:21:00,244.8350067138672,244.85499572753906,244.77499389648438,244.85499572753906,49658
2025-10-02 19:22:00,245.02999877929688,245.0500030517578,244.82000732421875,244.83999633789062,70460
2025-10-02 19:23:00,244.8699951171875,245.02999877929688,244.85000610351562,245.02999877929688,54972
2025-10-02 19:24:00,244.79100036621094,244.8791046142578,244.75,244.85499572753906,25551
2025-10-02 19:25:00,244.8800048828125,244.9199981689453,244.7899932861328,244.7899932861328,30820
2025-10-02 19:26:00,244.8699951171875,244.88999938964844,244.8300018310547,244.8800048828125,41956
2025-10-02 19:27:00,244.8249969482422,244.9199981689453,244.81500244140625,244.8800048828125,29257
2025-10-02 19:28:00,244.8800048828125,244.8800048828125,244.81500244140625,244.81500244140625,20612
2025-10-02 19:29:00,244.8699951171875,244.92999267578125,244.80999755859375,244.8800048828125,53345
2025-10-02 19:30:00,244.8699951171875,244.94000244140625,244.83999633789062,244.8699951171875,39613
2025-10-02 19:31:00,244.89999389648438,244.92999267578125,244.80999755859375,244.86000061035156,35935
2025-10-02 19:32:00,245.02999877929688,245.0399932861328,244.88999938964844,244.89500427246094,36844
2025-10-02 19:33:00,245.03500366210938,245.0500030517578,245.0,245.02000427246094,51416
2025-10-02 19:34:00,245.00999450683594,245.0500030517578,244.9600067138672,245.0399932861328,43071
2025-10-02 19:35:00,244.9550018310547,245.0399932861328,244.94000244140625,245.0,44020
2025-10-02 19:36:00,244.85499572753906,244.9550018310547,244.85000610351562,244.9499969482422,56769
2025-10-02 19:37:00,244.86000061035156,244.8800048828125,244.83999633789062,244.85000610351562,60057
2025-10-02 19:38:00,244.97900390625,244.97900390625,244.7949981689453,244.85000610351562,36611
2025-10-02 19:39:00,244.9199981689453,245.11000061035156,244.8800048828125,244.97999572753906,54186
2025-10-02 19:40:00,244.3350067138672,244.92999267578125,243.66000366210938,244.92999267578125,487538
2025-10-02 19:41:00,244.3000030517578,244.69000244140625,243.8699951171875,244.36000061035156,180774
2025-10-02 19:42:00,244.6300048828125,244.6699981689453,244.3249969482422,244.3300018310547,72225
2025-10-02 19:43:00,244.69000244140625,244.6999969482422,244.3699951171875,244.6649932861328,71325
2025-10-02 19:44:00,244.97000122070312,245.01499938964844,244.6414031982422,244.6699981689453,59471
2025-10-02 19:45:00,245.11000061035156,245.13009643554688,244.9600067138672,245.00999450683594,55591
2025-10-02 19:46:00,244.97999572753906,245.17750549316406,244.96200561523438,245.11000061035156,44439
2025-10-02 19:47:00,244.74000549316406,244.9600067138672,244.74000549316406,244.9600067138672,32437
2025-10-02 19:48:00,244.94000244140625,244.9600067138672,244.67010498046875,244.74000549316406,28253
2025-10-02 19:49:00,245.00999450683594,245.0500030517578,244.89999389648438,244.94000244140625,42187
2025-10-02 19:50:00,244.86749267578125,245.0399932861328,243.75999450683594,245.02999877929688,374907
2025-10-02 19:51:00,245.10000610351562,245.1999969482422,244.86000061035156,244.8699951171875,107034
2025-10-02 19:52:00,245.23989868164062,245.25999450683594,244.9499969482422,245.1199951171875,89206
2025-10-02 19:53:00,245.2899932861328,245.35000610351562,245.19000244140625,245.22000122070312,81627
2025-10-02 19:54:00,245.30999755859375,245.41000366210938,245.21499633789062,245.27000427246094,130755
2025-10-02 19:55:00,245.17999267578125,245.35000610351562,244.67999267578125,245.33999633789062,227437
2025-10-02 19:56:00,245.3800048828125,245.4199981689453,245.17869567871094,245.19000244140625,166172
2025-10-02 19:57:00,245.25,245.4199981689453,245.19000244140625,245.3800048828125,255869
2025-10-02 19:58:00,245.44000244140625,245.47000122070312,245.24000549316406,245.25,248481
2025-10-02 19:59:00,245.6999969482422,245.6999969482422,245.3699951171875,245.44000244140625,644500
2025-10-03 13:30:00,244.8000030517578,244.89999389648438,244.02999877929688,244.49000549316406,822254
2025-10-03 13:31:00,245.3699951171875,245.42909240722656,244.64500427246094,244.8300018310547,165225
2025-10-03 13:32:00,244.2100067138672,245.3699951171875,244.1300048828125,245.3699951171875,119235
2025-10-03 13:33:00,243.57000732421875,244.4199981689453,243.55999755859375,244.16000366210938,151685
2025-10-03 13:34:00,243.49000549316406,243.8800048828125,243.4600067138672,243.59500122070312,189091
2025-10-03 13:35:00,243.6750030517578,243.72000122070312,243.43499755859375,243.4499969482422,55907
2025-10-03 13:36:00,243.0601043701172,243.42999267578125,242.8166046142578,243.39999389648438,388410
2025-10-03 13:37:00,242.8112030029297,243.25,242.63999938964844,243.1300048828125,175359
2025-10-03 13:38:00,242.6699981689453,242.95199584960938,242.58999633789062,242.79660034179688,166770
2025-10-03 13:39:00,242.60000610351562,242.74000549316406,242.38999938964844,242.6699981689453,195885
2025-10-03 13:40:00,242.94000244140625,242.94000244140625,242.2550048828125,242.60000610351562,208844
2025-10-03 13:41:00,242.02499389648438,242.9499969482422,241.94000244140625,242.9149932861328,207809
2025-10-03 13:42:00,241.97000122070312,242.1199951171875,241.8000030517578,241.9949951171875,241571
2025-10-03 13:43:00,242.15750122070312,242.15750122070312,241.65499877929688,241.97000122070312,149801
2025-10-03 13:44:00,242.39999389648438,242.4600067138672,242.0399932861328,242.16990661621094,149697
2025-10-03 13:45:00,242.25999450683594,242.61000061035156,242.17999267578125,242.3699951171875,0
2025-10-03 13:46:00,242.59500122070312,242.72000122070312,242.25999450683594,242.26499938964844,1081212
2025-10-03 13:47:00,242.78500366210938,242.8800048828125,242.59500122070312,242.60000610351562,83416
2025-10-03 13:48:00,242.91000366210938,242.91000366210938,242.61000061035156,242.75999450683594,91477
2025-10-03 13:49:00,243.0,243.13999938964844,242.80999755859375,242.89849853515625,112728
2025-10-03 13:50:00,243.03500366210938,243.22000122070312,242.8800048828125,243.0,119166
2025-10-03 13:51:00,243.2550048828125,243.2899932861328,243.0,243.02499389648438,140190
2025-10-03 13:52:00,243.0500030517578,243.281005859375,243.0500030517578,243.25,79064
2025-10-03 13:53:00,242.67999267578125,243.22000122070312,242.60000610351562,243.05499267578125,91609
2025-10-03 13:54:00,242.21499633789062,242.67999267578125,242.06500244140625,242.67999267578125,95800
2025-10-03 13:55:00,242.1199951171875,242.24000549316406,242.02000427246094,242.21499633789062,83893
2025-10-03 13:56:00,241.9600067138672,242.2899932861328,241.94000244140625,242.10000610351562,106214
2025-10-03 13:57:00,242.1649932861328,242.2100067138672,241.9600067138672,241.9600067138672,93747
2025-10-03 13:58:00,242.15069580078125,242.19000244140625,241.85000610351562,242.1649932861328,100503
2025-10-03 13:59:00,242.24000549316406,242.3903045654297,242.16000366210938,242.16000366210938,70389
2025-10-03 14:00:00,242.30999755859375,242.30999755859375,242.02999877929688,242.28500366210938,107839
2025-10-03 14:01:00,242.4600067138672,242.47999572753906,242.27499389648438,242.28500366210938,85044
2025-10-03 14:02:00,242.31500244140625,242.49000549316406,242.18499755859375,242.4600067138672,73455
2025-10-03 14:03:00,242.35499572753906,242.44000244140625,242.27670288085938,242.33999633789062,63506
2025-10-03 14:04:00,242.83009338378906,242.9199981689453,242.32000732421875,242.36000061035156,99175
2025-10-03 14:05:00,242.80349731445312,242.99000549316406,242.72500610351562,242.84500122070312,70262
2025-10-03 14:06:00,242.625,242.86000061035156,242.56500244140625,242.8300018310547,115037
2025-10-03 14:07:00,242.32000732421875,242.69000244140625,242.27999877929688,242.61849975585938,89033
2025-10-03 14:08:00,242.19500732421875,242.39999389648438,242.13999938964844,242.31500244140625,67916
2025-10-03 14:09:00,242.57249450683594,242.58990478515625,242.14500427246094,242.22000122070312,53353
2025-10-03 14:10:00,242.27999877929688,242.57000732421875,242.22000122070312,242.57000732421875,63864
2025-10-03 14:11:00,242.19940185546875,242.30999755859375,242.0800018310547,242.3000030517578,60588
2025-10-03 14:12:00,242.32229614257812,242.3800048828125,242.1699981689453,242.17999267578125,39281
2025-10-03 14:13:00,242.5,242.61500549316406,242.3300018310547,242.3300018310547,75610
2025-10-03 14:14:00,242.6999969482422,242.71240234375,242.36509704589844,242.44000244140625,72181
2025-10-03 14:15:00,242.86500549316406,242.97999572753906,242.75999450683594,242.77499389648438,76581
2025-10-03 14:16:00,242.8249969482422,243.07339477539062,242.8000030517578,242.9490966796875,87284
2025-10-03 14:17:00,242.49000549316406,242.83999633789062,242.41000366210938,242.8249969482422,177672
2025-10-03 14:18:00,242.00999450683594,242.4720001220703,241.91009521484375,242.46499633789062,117299
2025-10-03 14:19:00,241.9199981689453,242.1300048828125,241.8300018310547,242.00999450683594,118236
2025-10-03 14:20:00,242.0,242.07000732421875,241.86000061035156,241.89999389648438,100259
2025-10-03 14:21:00,241.86000061035156,242.0500030517578,241.8300018310547,242.00999450683594,73986
2025-10-03 14:22:00,241.94000244140625,241.9499969482422,241.75779724121094,241.8699951171875,98368
2025-10-03 14:23:00,242.06210327148438,242.16000366210938,241.8800048828125,241.91000366210938,61270
2025-10-03 14:24:00,242.17059326171875,242.17059326171875,241.9600067138672,242.0399932861328,38181
2025-10-03 14:25:00,242.02999877929688,242.1938018798828,242.0,242.13999938964844,52393
2025-10-03 14:26:00,242.10000610351562,242.3114013671875,242.03919982910156,242.0500030517578,70538
2025-10-03 14:27:00,241.75999450683594,242.12899780273438,241.75990295410156,242.12899780273438,49223
2025-10-03 14:28:00,241.9600067138672,242.0050048828125,241.7700958251953,241.8090057373047,73026
2025-10-03 14:29:00,242.02000427246094,242.05999755859375,241.86000061035156,241.92999267578125,46985
2025-10-03 14:30:00,241.97000122070312,242.07000732421875,241.89999389648438,242.02999877929688,458236
2025-10-03 14:31:00,242.0399932861328,242.0399932861328,241.82000732421875,241.97000122070312,40708
2025-10-03 14:32:00,242.00999450683594,242.13999938964844,241.92999267578125,242.0500030517578,138078
2025-10-03 14:33:00,242.30999755859375,242.3699951171875,242.0,242.02000427246094,67289
2025-10-03 14:34:00,242.22000122070312,242.38999938964844,242.16000366210938,242.3300018310547,90976
2025-10-03 14:35:00,241.99000549316406,242.33999633789062,241.89999389648438,242.22000122070312,122296
2025-10-03 14:36:00,242.03880310058594,242.16000366210938,241.99000549316406,242.0050048828125,49359
2025-10-03 14:37:00,242.36000061035156,242.39520263671875,242.0,242.0500030517578,44798
2025-10-03 14:38:00,242.63499450683594,242.64639282226562,242.3300018310547,242.36000061035156,64748
2025-10-03 14:39:00,242.5399932861328,242.72999572753906,242.52499389648438,242.6300048828125,92705
2025-10-03 14:40:00,242.69000244140625,242.80999755859375,242.5800018310547,242.60000610351562,54875
2025-10-03 14:41:00,242.99000549316406,242.99000549316406,242.7042999267578,242.7100067138672,85050
2025-10-03 14:42:00,243.1199951171875,243.13499450683594,242.92999267578125,242.99000549316406,73697
2025-10-03 14:43:00,242.86000061035156,243.19000244140625,242.85049438476562,243.08999633789062,79583
2025-10-03 14:44:00,242.8300018310547,242.89999389648438,242.6300048828125,242.875,42449
2025-10-03 14:45:00,243.0518035888672,243.125,242.8603057861328,242.8603057861328,30399
2025-10-03 14:46:00,242.86000061035156,243.10000610351562,242.80999755859375,243.10000610351562,37445
2025-10-03 14:47:00,243.0950927734375,243.1300048828125,242.86500549316406,242.87950134277344,40853
2025-10-03 14:48:00,243.22000122070312,243.23500061035156,243.06500244140625,243.089599609375,43838
2025-10-03 14:49:00,242.97000122070312,243.24000549316406,242.9199981689453,243.1999969482422,70020
2025-10-03 14:50:00,243.1199951171875,243.1750030517578,242.8800048828125,242.94749450683594,39528
2025-10-03 14:51:00,243.14999389648438,243.14999389648438,243.0749969482422,243.11500549316406,21292
2025-10-03 14:52:00,243.4250030517578,243.47999572753906,243.13999938964844,243.16000366210938,68501
2025-10-03 14:53:00,243.33999633789062,243.4949951171875,243.27000427246094,243.4149932861328,68219
2025-10-03 14:54:00,243.2899932861328,243.36000061035156,243.19000244140625,243.3249969482422,25955
2025-10-03 14:55:00,243.36500549316406,243.3800048828125,243.25999450683594,243.25999450683594,526221
2025-10-03 14:56:00,243.3300018310547,243.41000366210938,243.27499389648438,243.38999938964844,42815
2025-10-03 14:57:00,243.27999877929688,243.42999267578125,243.25999450683594,243.3300018310547,34433
2025-10-03 14:58:00,243.1699981689453,243.32000732421875,243.14999389648438,243.2949981689453,32812
2025-10-03 14:59:00,243.35000610351562,243.41409301757812,243.1295928955078,243.14999389648438,47816
2025-10-03 15:00:00,243.4149932861328,243.4600067138672,243.2899932861328,243.3699951171875,36946
2025-10-03 15:01:00,243.52999877929688,243.57000732421875,243.4199981689453,243.42999267578125,46998
2025-10-03 15:02:00,243.6699981689453,243.77999877929688,243.5399932861328,243.5399932861328,62150
2025-10-03 15:03:00,243.875,243.96499633789062,243.6699981689453,243.6699981689453,124059
2025-10-03 15:04:00,243.7449951171875,243.93499755859375,243.6699981689453,243.868896484375,97455
2025-10-03 15:05:00,243.82000732421875,243.84500122070312,243.64500427246094,243.73500061035156,40134
2025-10-03 15:06:00,243.74000549316406,243.8699951171875,243.69000244140625,243.80999755859375,44328
2025-10-03 15:07:00,243.6999969482422,243.85000610351562,243.6699981689453,243.72000122070312,66425
2025-10-03 15:08:00,243.6999969482422,243.83999633789062,243.6699981689453,243.72500610351562,38647
2025-10-03 15:09:00,243.52000427246094,243.7899932861328,243.47000122070312,243.69500732421875,42448
2025-10-03 15:10:00,243.63999938964844,243.7100067138672,243.46859741210938,243.51199340820312,68525
2025-10-03 15:11:00,243.74000549316406,243.81500244140625,243.63999938964844,243.63999938964844,59134
2025-10-03 15:12:00,243.58999633789062,243.82000732421875,243.5800018310547,243.72999572753906,64546
2025-10-03 15:13:00,243.6699981689453,243.67080688476562,243.5,243.5800018310547,35114
2025-10-03 15:14:00,243.72459411621094,243.7794952392578,243.6699981689453,243.6699981689453,26328
2025-10-03 15:15:00,243.7550048828125,243.77000427246094,243.69400024414062,243.71560668945312,34708
2025-10-03 15:16:00,243.73500061035156,243.78500366210938,243.7003936767578,243.77999877929688,25692
2025-10-03 15:17:00,243.94000244140625,243.9499969482422,243.60000610351562,243.72999572753906,67208
2025-10-03 15:18:00,243.8300018310547,244.02000427246094,243.75,243.94000244140625,127982
2025-10-03 15:19:00,244.0,244.00999450683594,243.83999633789062,243.83999633789062,29381
2025-10-03 15:20:00,244.16000366210938,244.17999267578125,244.0,244.0,83404
2025-10-03 15:21:00,244.0800018310547,244.16000366210938,244.02999877929688,244.13999938964844,47808
2025-10-03 15:22:00,244.10000610351562,244.18299865722656,243.99000549316406,244.0749969482422,47988
2025-10-03 15:23:00,244.1320037841797,244.2100067138672,244.0800018310547,244.08999633789062,30810
2025-10-03 15:24:00,244.3350067138672,244.36000061035156,244.10000610351562,244.16000366210938,66361
2025-10-03 15:25:00,244.10499572753906,244.47000122070312,244.10499572753906,244.32000732421875,112321
2025-10-03 15:26:00,244.39669799804688,244.4199981689453,244.0399932861328,244.0800018310547,97852
2025-10-03 15:27:00,244.11000061035156,244.39999389648438,244.11000061035156,244.39999389648438,51664
2025-10-03 15:28:00,244.3000030517578,244.38999938964844,244.11749267578125,244.16000366210938,44507
2025-10-03 15:29:00,244.49000549316406,244.52000427246094,244.30999755859375,244.35000610351562,55818
2025-10-03 15:30:00,244.52000427246094,244.52999877929688,244.42999267578125,244.51499938964844,72993
2025-10-03 15:31:00,244.75999450683594,244.86500549316406,244.53720092773438,244.5399932861328,122441
2025-10-03 15:32:00,244.78900146484375,244.86000061035156,244.64999389648438,244.75999450683594,76707
2025-10-03 15:33:00,244.7176055908203,244.91000366210938,244.69000244140625,244.77999877929688,77701
2025-10-03 15:34:00,244.7509002685547,244.875,244.72999572753906,244.72999572753906,47354
2025-10-03 15:35:00,244.84500122070312,244.9499969482422,244.77000427246094,244.7899932861328,86632
2025-10-03 15:36:00,244.63499450683594,244.88999938964844,244.50999450683594,244.8699951171875,128401
2025-10-03 15:37:00,244.3249969482422,244.6300048828125,244.25999450683594,244.6300048828125,121825
2025-10-03 15:38:00,244.58999633789062,244.61990356445312,244.30999755859375,244.3249969482422,90188
2025-10-03 15:39:00,244.11000061035156,244.61000061035156,244.08999633789062,244.58999633789062,90168
2025-10-03 15:40:00,243.90499877929688,244.125,243.8800048828125,244.125,60603
2025-10-03 15:41:00,243.49000549316406,243.91000366210938,243.49000549316406,243.91000366210938,63036
2025-10-03 15:42:00,243.47000122070312,243.56500244140625,243.4199981689453,243.49000549316406,48221
2025-10-03 15:43:00,243.69000244140625,243.6999969482422,243.39500427246094,243.49000549316406,52259
2025-10-03 15:44:00,243.7899932861328,243.80499267578125,243.67349243164062,243.67930603027344,48158
2025-10-03 15:45:00,243.80999755859375,243.8699951171875,243.7100067138672,243.78500366210938,30279
2025-10-03 15:46:00,244.1699981689453,244.1699981689453,243.80870056152344,243.80870056152344,40415
2025-10-03 15:47:00,244.0800018310547,244.13999938964844,243.97740173339844,244.13999938964844,24405
2025-10-03 15:48:00,244.4499969482422,244.47000122070312,244.072998046875,244.08999633789062,51505
2025-10-03 15:49:00,244.49000549316406,244.5800018310547,244.4600067138672,244.46499633789062,41527
2025-10-03 15:50:00,244.375,244.55999755859375,244.3300018310547,244.49000549316406,60379
2025-10-03 15:51:00,244.55999755859375,244.55999755859375,244.36000061035156,244.41000366210938,34902
2025-10-03 15:52:00,244.55499267578125,244.8000030517578,244.55499267578125,244.57000732421875,64317
2025-10-03 15:53:00,244.60000610351562,244.66969299316406,244.52999877929688,244.60000610351562,51920
2025-10-03 15:54:00,244.79859924316406,244.8000030517578,244.6199951171875,244.625,92768
2025-10-03 15:55:00,244.8000030517578,244.8300018310547,244.66000366210938,244.7899932861328,62556
2025-10-03 15:56:00,245.0449981689453,245.05760192871094,244.7899932861328,244.7899932861328,82955
2025-10-03 15:57:00,244.92999267578125,245.1300048828125,244.89999389648438,245.05999755859375,69970
2025-10-03 15:58:00,244.77000427246094,244.9633026123047,244.72520446777344,244.9633026123047,42995
2025-10-03 15:59:00,244.7899932861328,244.80999755859375,244.72000122070312,244.77999877929688,47582
2025-10-03 16:00:00,244.92999267578125,245.02499389648438,244.14999389648438,244.80999755859375,241851
2025-10-03 16:01:00,245.00999450683594,245.08999633789062,244.8000030517578,244.97000122070312,57108
2025-10-03 16:02:00,244.97999572753906,245.10000610351562,244.8699951171875,245.02000427246094,38906
2025-10-03 16:03:00,245.01499938964844,245.0500030517578,244.83999633789062,244.97999572753906,52348
2025-10-03 16:04:00,245.0399932861328,245.125,244.94000244140625,245.01499938964844,49507
2025-10-03 16:05:00,245.02999877929688,245.0800018310547,244.9600067138672,245.02000427246094,46048
2025-10-03 16:06:00,244.97999572753906,245.0800018310547,244.9499969482422,245.0800018310547,31513
2025-10-03 16:07:00,244.86000061035156,244.99000549316406,244.77999877929688,244.9499969482422,35580
2025-10-03 16:08:00,244.89999389648438,244.89999389648438,244.75250244140625,244.8699951171875,44013
2025-10-03 16:09:00,245.02549743652344,245.06739807128906,244.8800048828125,244.88499450683594,45010
2025-10-03 16:10:00,245.110107421875,245.1199951171875,244.97000122070312,245.00999450683594,33537
2025-10-03 16:11:00,245.0800018310547,245.1199951171875,245.0,245.1199951171875,24871
2025-10-03 16:12:00,245.11000061035156,245.19000244140625,245.08999633789062,245.14999389648438,20121
2025-10-03 16:13:00,245.1699981689453,245.22000122070312,245.125,245.125,42009
2025-10-03 16:14:00,245.25,245.25,245.11000061035156,245.17349243164062,28572
2025-10-03 16:15:00,245.2100067138672,245.27999877929688,245.2100067138672,245.23500061035156,33658
2025-10-03 16:16:00,245.41470336914062,245.41470336914062,245.22000122070312,245.22000122070312,35807
2025-10-03 16:17:00,245.2899932861328,245.4199981689453,245.2899932861328,245.4199981689453,27126
2025-10-03 16:18:00,245.30999755859375,245.3144989013672,245.16000366210938,245.27999877929688,22607
2025-10-03 16:19:00,245.38499450683594,245.38499450683594,245.27000427246094,245.3000030517578,17123
2025-10-03 16:20:00,245.3300018310547,245.41000366210938,245.3300018310547,245.3800048828125,15241
2025-10-03 16:21:00,245.55479431152344,245.6300048828125,245.3800048828125,245.3800048828125,65025
2025-10-03 16:22:00,245.46200561523438,245.5449981689453,245.46200561523438,245.5449981689453,20383
2025-10-03 16:23:00,245.42999267578125,245.47999572753906,245.4199981689453,245.4600067138672,27419
2025-10-03 16:24:00,245.3300018310547,245.4600067138672,245.30999755859375,245.42999267578125,19632
2025-10-03 16:25:00,245.38980102539062,245.38980102539062,245.28370666503906,245.33999633789062,29195
2025-10-03 16:26:00,245.2949981689453,245.40499877929688,245.25999450683594,245.36000061035156,16282
2025-10-03 16:27:00,245.6300048828125,245.6699981689453,245.27000427246094,245.2899932861328,49375
2025-10-03 16:28:00,245.7624053955078,245.7799072265625,245.61000061035156,245.625,32590
2025-10-03 16:29:00,245.64999389648438,245.75,245.63999938964844,245.75,19496
2025-10-03 16:30:00,245.64500427246094,245.70590209960938,245.5800018310547,245.63999938964844,37201
2025-10-03 16:31:00,245.5800018310547,245.6737060546875,245.53030395507812,245.64999389648438,36357
2025-10-03 16:32:00,245.49000549316406,245.5749969482422,245.49000549316406,245.5749969482422,23446
2025-10-03 16:33:00,245.66000366210938,245.68499755859375,245.5,245.5,33757
2025-10-03 16:34:00,245.74000549316406,245.7563934326172,245.66000366210938,245.6649932861328,25285
2025-10-03 16:35:00,245.8300018310547,245.8699951171875,245.7449951171875,245.75,132872
2025-10-03 16:36:00,245.8249969482422,245.88999938964844,245.77000427246094,245.83999633789062,20687
2025-10-03 16:37:00,245.9250030517578,245.92999267578125,245.8000030517578,245.85000610351562,24732
2025-10-03 16:38:00,245.8699951171875,245.9550018310547,245.8699951171875,245.9199981689453,20453
2025-10-03 16:39:00,245.96490478515625,245.97000122070312,245.8699951171875,245.8800048828125,25393
2025-10-03 16:40:00,246.05130004882812,246.05130004882812,245.94009399414062,245.94009399414062,39798
2025-10-03 16:41:00,246.18499755859375,246.2100067138672,246.05099487304688,246.05999755859375,43620
2025-10-03 16:42:00,246.2100067138672,246.27999877929688,246.14779663085938,246.1699981689453,46839
2025-10-03 16:43:00,246.25,246.3000030517578,246.12030029296875,246.21009826660156,37026
2025-10-03 16:44:00,246.1699981689453,246.2899932861328,246.14999389648438,246.2550048828125,55482
2025-10-03 16:45:00,246.1699981689453,246.2050018310547,246.08999633789062,246.19000244140625,25796
2025-10-03 16:46:00,246.0500030517578,246.1750030517578,245.97000122070312,246.1750030517578,50105
2025-10-03 16:47:00,246.00650024414062,246.13619995117188,246.0045928955078,246.05999755859375,20107
2025-10-03 16:48:00,246.08999633789062,246.13999938964844,246.0167999267578,246.0167999267578,20192
2025-10-03 16:49:00,246.05999755859375,246.10000610351562,246.0,246.07000732421875,35352
2025-10-03 16:50:00,245.9199981689453,246.08999633789062,245.9199981689453,246.0749969482422,43503
2025-10-03 16:51:00,246.13999938964844,246.17999267578125,245.92300415039062,245.92999267578125,20543
2025-10-03 16:52:00,246.14999389648438,246.19500732421875,246.13999938964844,246.16000366210938,23236
2025-10-03 16:53:00,246.08999633789062,246.19000244140625,246.0800018310547,246.15499877929688,36766
2025-10-03 16:54:00,246.0500030517578,246.125,245.99000549316406,246.122802734375,104782
2025-10-03 16:55:00,246.17999267578125,246.24000549316406,246.0500030517578,246.0500030517578,30818
2025-10-03 16:56:00,246.1199951171875,246.19000244140625,246.0449981689453,246.19000244140625,20830
2025-10-03 16:57:00,246.19500732421875,246.2550048828125,246.125,246.125,62911
2025-10-03 16:58:00,246.11500549316406,246.19500732421875,246.09800720214844,246.19000244140625,34442
2025-10-03 16:59:00,246.2100067138672,246.22999572753906,246.10000610351562,246.1300048828125,43276
2025-10-03 17:00:00,245.94500732421875,246.1999969482422,245.93800354003906,246.19000244140625,32437
2025-10-03 17:01:00,245.5,245.97999572753906,245.30999755859375,245.94500732421875,159872
2025-10-03 17:02:00,245.1699981689453,245.61500549316406,245.0,245.49000549316406,165975
2025-10-03 17:03:00,244.593994140625,245.1699981689453,244.57000732421875,245.16000366210938,96872
2025-10-03 17:04:00,244.4499969482422,244.58999633789062,243.89999389648438,244.58999633789062,151900
2025-10-03 17:05:00,244.00999450683594,244.52830505371094,243.8300018310547,244.4199981689453,129041
2025-10-03 17:06:00,244.08999633789062,244.2899932861328,243.88499450683594,244.00999450683594,84734
2025-10-03 17:07:00,244.53500366210938,244.61500549316406,244.05999755859375,244.05999755859375,66809
2025-10-03 17:08:00,244.61000061035156,244.74000549316406,244.4530029296875,244.5500030517578,52896
2025-10-03 17:09:00,244.49000549316406,244.61000061035156,244.3000030517578,244.61000061035156,50087
2025-10-03 17:10:00,244.50999450683594,244.50999450683594,244.25999450683594,244.46499633789062,45732
2025-10-03 17:11:00,244.86000061035156,244.97720336914062,244.50010681152344,244.51280212402344,57061
2025-10-03 17:12:00,244.91070556640625,244.91070556640625,244.6649932861328,244.8800048828125,38466
2025-10-03 17:13:00,245.2606964111328,245.27000427246094,244.9149932861328,244.9149932861328,44005
2025-10-03 17:14:00,245.24000549316406,245.30320739746094,245.154296875,245.30320739746094,30805
2025-10-03 17:15:00,244.94000244140625,245.22000122070312,244.9199981689453,245.22000122070312,40423
2025-10-03 17:16:00,245.13999938964844,245.15499877929688,244.92999267578125,244.94000244140625,31274
2025-10-03 17:17:00,245.02999877929688,245.17999267578125,244.99000549316406,245.10499572753906,22930
2025-10-03 17:18:00,244.97999572753906,245.05999755859375,244.9149932861328,245.0500030517578,26843
2025-10-03 17:19:00,244.94000244140625,244.9949951171875,244.91000366210938,244.97999572753906,19615
2025-10-03 17:20:00,244.88999938964844,244.9499969482422,244.7949981689453,244.9199981689453,32988
2025-10-03 17:21:00,244.83999633789062,244.9149932861328,244.82000732421875,244.8699951171875,28778
2025-10-03 17:22:00,245.02439880371094,245.22999572753906,244.8101043701172,244.83999633789062,44496
2025-10-03 17:23:00,245.0886993408203,245.14999389648438,244.97000122070312,245.03500366210938,48101
2025-10-03 17:24:00,244.8699951171875,245.08999633789062,244.7899932861328,245.07000732421875,32006
2025-10-03 17:25:00,245.08999633789062,245.11000061035156,244.7949981689453,244.8800048828125,49366
2025-10-03 17:26:00,245.16000366210938,245.19000244140625,244.99000549316406,245.0800018310547,109193
2025-10-03 17:27:00,245.0500030517578,245.1999969482422,245.02000427246094,245.1699981689453,79570
2025-10-03 17:28:00,245.1199951171875,245.19000244140625,244.9600067138672,245.0500030517578,42836
2025-10-03 17:29:00,245.08900451660156,245.13999938964844,245.02000427246094,245.1199951171875,20229
2025-10-03 17:30:00,245.2100067138672,245.26499938964844,244.99000549316406,245.05999755859375,29693
2025-10-03 17:31:00,245.35000610351562,245.4199981689453,245.19000244140625,245.22500610351562,24347
2025-10-03 17:32:00,245.56500244140625,245.57949829101562,245.3209991455078,245.3209991455078,33824
2025-10-03 17:33:00,245.50999450683594,245.61500549316406,245.47000122070312,245.5800018310547,16932
2025-10-03 17:34:00,245.3000030517578,245.51499938964844,245.2949981689453,245.51499938964844,16058
2025-10-03 17:35:00,245.27999877929688,245.35499572753906,245.24000549316406,245.2949981689453,18335
2025-10-03 17:36:00,245.13999938964844,245.33999633789062,245.13999938964844,245.3000030517578,22856
2025-10-03 17:37:00,245.1999969482422,245.2012939453125,245.1199951171875,245.14500427246094,19078
2025-10-03 17:38:00,245.4149932861328,245.4149932861328,245.15499877929688,245.1999969482422,27201
2025-10-03 17:39:00,245.47999572753906,245.49000549316406,245.3300018310547,245.39999389648438,20147
2025-10-03 17:40:00,245.37100219726562,245.52000427246094,245.3105926513672,245.5,23517
2025-10-03 17:41:00,245.125,245.39999389648438,245.110107421875,245.36000061035156,23531
2025-10-03 17:42:00,245.16000366210938,245.25,245.10009765625,245.13999938964844,21705
2025-10-03 17:43:00,245.1649932861328,245.22999572753906,245.0399932861328,245.17999267578125,23784
2025-10-03 17:44:00,245.11500549316406,245.1699981689453,245.02000427246094,245.1699981689453,21730
2025-10-03 17:45:00,245.26499938964844,245.32000732421875,245.14999389648438,245.24000549316406,35874
2025-10-03 17:46:00,245.23500061035156,245.3699951171875,245.2100067138672,245.27499389648438,32109
2025-10-03 17:47:00,245.3000030517578,245.32000732421875,245.1750030517578,245.2451934814453,31951
2025-10-03 17:48:00,245.30999755859375,245.34539794921875,245.22300720214844,245.32000732421875,66936
2025-10-03 17:49:00,245.39999389648438,245.39999389648438,245.2100067138672,245.36000061035156,27975
2025-10-03 17:50:00,245.41000366210938,245.46499633789062,245.3000030517578,245.41000366210938,20282
2025-10-03 17:51:00,245.1699981689453,245.39500427246094,245.10000610351562,245.39500427246094,30881
2025-10-03 17:52:00,245.125,245.1824951171875,245.07000732421875,245.1699981689453,48150
2025-10-03 17:53:00,244.97999572753906,245.08999633789062,244.88999938964844,245.08999633789062,76949
2025-10-03 17:54:00,244.79879760742188,245.0399932861328,244.55999755859375,244.97999572753906,109491
2025-10-03 17:55:00,245.03419494628906,245.11500549316406,244.75999450683594,244.77000427246094,59414
2025-10-03 17:56:00,245.31500244140625,245.4499969482422,245.0102996826172,245.02999877929688,73885
2025-10-03 17:57:00,245.33999633789062,245.47000122070312,245.2550048828125,245.36000061035156,48121
2025-10-03 17:58:00,245.38999938964844,245.44000244140625,245.30999755859375,245.35000610351562,41215
2025-10-03 17:59:00,245.3699951171875,245.5,245.32000732421875,245.4055938720703,30282
2025-10-03 18:00:00,245.22000122070312,245.4199981689453,245.22000122070312,245.3800048828125,40869
2025-10-03 18:01:00,245.1300048828125,245.34100341796875,245.0800018310547,245.30999755859375,33481
2025-10-03 18:02:00,245.16000366210938,245.3000030517578,245.0897979736328,245.14999389648438,40467
2025-10-03 18:03:00,244.99000549316406,245.16000366210938,244.9499969482422,245.14500427246094,30692
2025-10-03 18:04:00,244.66000366210938,244.97999572753906,244.64999389648438,244.97999572753906,23626
2025-10-03 18:05:00,244.86000061035156,244.8699951171875,244.6510009765625,244.67999267578125,38730
2025-10-03 18:06:00,244.84500122070312,244.8699951171875,244.72999572753906,244.8699951171875,19318
2025-10-03 18:07:00,244.9600067138672,245.07000732421875,244.85000610351562,244.85000610351562,25764
2025-10-03 18:08:00,244.94149780273438,245.02000427246094,244.9084014892578,244.99000549316406,30814
2025-10-03 18:09:00,244.8950958251953,245.13999938964844,244.83999633789062,244.97999572753906,34529
2025-10-03 18:10:00,245.00999450683594,245.00999450683594,244.8300018310547,244.89199829101562,28184
2025-10-03 18:11:00,245.10000610351562,245.18739318847656,245.01499938964844,245.01499938964844,15048
2025-10-03 18:12:00,245.1300048828125,245.1999969482422,245.05999755859375,245.11000061035156,25281
2025-10-03 18:13:00,245.10000610351562,245.1199951171875,244.97000122070312,245.1199951171875,21494
2025-10-03 18:14:00,245.02999877929688,245.10000610351562,244.9949951171875,245.08999633789062,24944
2025-10-03 18:15:00,245.05999755859375,245.1199951171875,245.00999450683594,245.02049255371094,21116
2025-10-03 18:16:00,245.0,245.11000061035156,244.9499969482422,245.07000732421875,19874
2025-10-03 18:17:00,245.18240356445312,245.22000122070312,245.0050048828125,245.00999450683594,24829
2025-10-03 18:18:00,245.25,245.3000030517578,245.14999389648438,245.1750030517578,15991
2025-10-03 18:19:00,245.28500366210938,245.33999633789062,245.2100067138672,245.25,26068
2025-10-03 18:20:00,245.125,245.30999755859375,245.10000610351562,245.27000427246094,25102
2025-10-03 18:21:00,245.13999938964844,245.24000549316406,245.08999633789062,245.15699768066406,35786
2025-10-03 18:22:00,245.2550048828125,245.2550048828125,245.1199951171875,245.13999938964844,21989
2025-10-03 18:23:00,244.97000122070312,245.25999450683594,244.97000122070312,245.25,44842
2025-10-03 18:24:00,245.3524932861328,245.3524932861328,244.94000244140625,244.97999572753906,76730
2025-10-03 18:25:00,245.4199981689453,245.5,245.35000610351562,245.35000610351562,50276
2025-10-03 18:26:00,245.49000549316406,245.50999450683594,245.35000610351562,245.4250030517578,24208
2025-10-03 18:27:00,245.33999633789062,245.55999755859375,245.3000030517578,245.5,28398
2025-10-03 18:28:00,245.25999450683594,245.39999389648438,245.24000549316406,245.34100341796875,22183
2025-10-03 18:29:00,245.33999633789062,245.3699951171875,245.25999450683594,245.27000427246094,20546
2025-10-03 18:30:00,245.37989807128906,245.44000244140625,245.2899932861328,245.36000061035156,15118
2025-10-03 18:31:00,245.31500244140625,245.38999938964844,245.25999450683594,245.36000061035156,18491
2025-10-03 18:32:00,245.02999877929688,245.30999755859375,245.02999877929688,245.30999755859375,23871
2025-10-03 18:33:00,245.1699981689453,245.1750030517578,244.99710083007812,245.05999755859375,32065
2025-10-03 18:34:00,245.1699981689453,245.1699981689453,245.09010314941406,245.14999389648438,23617
2025-10-03 18:35:00,245.11500549316406,245.2449951171875,245.10000610351562,245.1699981689453,24305
2025-10-03 18:36:00,245.14999389648438,245.19000244140625,245.10000610351562,245.1300048828125,11765
2025-10-03 18:37:00,245.19000244140625,245.2050018310547,245.1300048828125,245.16000366210938,16004
2025-10-03 18:38:00,245.22999572753906,245.30999755859375,245.22000122070312,245.22000122070312,48206
2025-10-03 18:39:00,245.22500610351562,245.27000427246094,245.1999969482422,245.22999572753906,15518
2025-10-03 18:40:00,245.1988067626953,245.24000549316406,245.10020446777344,245.24000549316406,20690
2025-10-03 18:41:00,245.08999633789062,245.25999450683594,245.08999633789062,245.19500732421875,15670
2025-10-03 18:42:00,245.12100219726562,245.16000366210938,245.0749969482422,245.1199951171875,18891
2025-10-03 18:43:00,245.14999389648438,245.20989990234375,245.10000610351562,245.12510681152344,19492
2025-10-03 18:44:00,245.13999938964844,245.17999267578125,245.10780334472656,245.14999389648438,18736
2025-10-03 18:45:00,245.10499572753906,245.13999938964844,245.0800018310547,245.1300048828125,23877
2025-10-03 18:46:00,245.125,245.125,245.04550170898438,245.11000061035156,23432
2025-10-03 18:47:00,245.03500366210938,245.1199951171875,244.97999572753906,245.1199951171875,25833
2025-10-03 18:48:00,244.97999572753906,245.07000732421875,244.97000122070312,245.05999755859375,36282
2025-10-03 18:49:00,244.79510498046875,245.02000427246094,244.79510498046875,244.98500061035156,21739
2025-10-03 18:50:00,244.8000030517578,244.889892578125,244.7899932861328,244.82000732421875,30694
2025-10-03 18:51:00,244.7904052734375,244.85000610351562,244.75999450683594,244.8300018310547,23221
2025-10-03 18:52:00,244.67999267578125,244.82000732421875,244.66000366210938,244.80999755859375,23164
2025-10-03 18:53:00,244.6300048828125,244.75999450683594,244.6300048828125,244.6737060546875,32724
2025-10-03 18:54:00,244.64999389648438,244.72000122070312,244.63999938964844,244.64999389648438,25691
2025-10-03 18:55:00,244.6199951171875,244.69000244140625,244.58999633789062,244.63999938964844,15143
2025-10-03 18:56:00,244.6199951171875,244.63999938964844,244.5500030517578,244.61500549316406,23393
2025-10-03 18:57:00,244.49000549316406,244.64999389648438,244.47000122070312,244.625,49738
2025-10-03 18:58:00,244.47000122070312,244.64999389648438,244.44500732421875,244.47560119628906,61765
2025-10-03 18:59:00,244.52499389648438,244.5399932861328,244.4199981689453,244.44000244140625,40537
2025-10-03 19:00:00,244.5449981689453,244.5800018310547,244.46620178222656,244.5399932861328,50889
2025-10-03 19:01:00,244.44000244140625,244.72000122070312,244.38999938964844,244.57000732421875,44411
2025-10-03 19:02:00,244.41000366210938,244.47000122070312,244.36000061035156,244.4199981689453,33310
2025-10-03 19:03:00,244.58999633789062,244.60499572753906,244.4199981689453,244.42999267578125,18061
2025-10-03 19:04:00,244.58999633789062,244.61000061035156,244.52999877929688,244.60000610351562,27201
2025-10-03 19:05:00,244.63999938964844,244.672607421875,244.5500030517578,244.60000610351562,28363
2025-10-03 19:06:00,244.44000244140625,244.64999389648438,244.38499450683594,244.63999938964844,37315
2025-10-03 19:07:00,244.4199981689453,244.4600067138672,244.38999938964844,244.43499755859375,18903
2025-10-03 19:08:00,244.38999938964844,244.4600067138672,244.37159729003906,244.42999267578125,16815
2025-10-03 19:09:00,244.52000427246094,244.52000427246094,244.38999938964844,244.38999938964844,18777
2025-10-03 19:10:00,244.43499755859375,244.52999877929688,244.43499755859375,244.5,37059
2025-10-03 19:11:00,244.55999755859375,244.5749969482422,244.33999633789062,244.44500732421875,51839
2025-10-03 19:12:00,244.40049743652344,244.56629943847656,244.36500549316406,244.56629943847656,32055
2025-10-03 19:13:00,244.27000427246094,244.39999389648438,244.27000427246094,244.3699951171875,26189
2025-10-03 19:14:00,244.22999572753906,244.2899932861328,244.19000244140625,244.2899932861328,23730
2025-10-03 19:15:00,244.06500244140625,244.22500610351562,244.0399932861328,244.1999969482422,38058
2025-10-03 19:16:00,244.25,244.25,244.0500030517578,244.0500030517578,65851
2025-10-03 19:17:00,244.3000030517578,244.36000061035156,244.22999572753906,244.2449951171875,52813
2025-10-03 19:18:00,244.14930725097656,244.26010131835938,244.14930725097656,244.26010131835938,31712
2025-10-03 19:19:00,244.1999969482422,244.2100067138672,244.14999389648438,244.14999389648438,24912
2025-10-03 19:20:00,244.16000366210938,244.24000549316406,244.1300048828125,244.1999969482422,27205
2025-10-03 19:21:00,244.13099670410156,244.16000366210938,244.02999877929688,244.14999389648438,41093
2025-10-03 19:22:00,244.30999755859375,244.32000732421875,244.09500122070312,244.1199951171875,40082
2025-10-03 19:23:00,244.38949584960938,244.38999938964844,244.27000427246094,244.3000030517578,28991
2025-10-03 19:24:00,244.30499267578125,244.42999267578125,244.27999877929688,244.38999938964844,38036
2025-10-03 19:25:00,244.3000030517578,244.35000610351562,244.27999877929688,244.30999755859375,38354
2025-10-03 19:26:00,244.33999633789062,244.3699951171875,244.24000549316406,244.30999755859375,36151
2025-10-03 19:27:00,244.4199981689453,244.4499969482422,244.32000732421875,244.35499572753906,25916
2025-10-03 19:28:00,244.3000030517578,244.4550018310547,244.2949981689453,244.39999389648438,27949
2025-10-03 19:29:00,244.3300018310547,244.3800048828125,244.3000030517578,244.3000030517578,35684
2025-10-03 19:30:00,244.22000122070312,244.32000732421875,244.2100067138672,244.32000732421875,50772
2025-10-03 19:31:00,244.25,244.2899932861328,244.1652069091797,244.2100067138672,54152
2025-10-03 19:32:00,244.3699951171875,244.4600067138672,244.25999450683594,244.25999450683594,52289
2025-10-03 19:33:00,244.43499755859375,244.44000244140625,244.33999633789062,244.3699951171875,45051
2025-10-03 19:34:00,244.3699951171875,244.456298828125,244.33999633789062,244.44000244140625,31368
2025-10-03 19:35:00,244.4499969482422,244.4499969482422,244.3300018310547,244.3699951171875,56947
2025-10-03 19:36:00,244.55999755859375,244.58999633789062,244.44000244140625,244.47000122070312,62520
2025-10-03 19:37:00,244.8679962158203,244.8800048828125,244.5500030517578,244.5500030517578,95601
2025-10-03 19:38:00,244.8300018310547,244.88999938964844,244.73500061035156,244.8699951171875,31836
2025-10-03 19:39:00,244.85670471191406,244.8699951171875,244.77999877929688,244.82000732421875,33596
2025-10-03 19:40:00,244.99000549316406,245.01190185546875,244.85000610351562,244.85000610351562,49611
2025-10-03 19:41:00,245.0500030517578,245.07000732421875,244.99000549316406,245.0,46286
2025-10-03 19:42:00,245.05999755859375,245.10000610351562,245.00999450683594,245.0449981689453,38622
2025-10-03 19:43:00,244.9499969482422,245.13499450683594,244.92999267578125,245.06500244140625,49843
2025-10-03 19:44:00,244.69500732421875,244.9250030517578,244.69500732421875,244.9250030517578,80563
2025-10-03 19:45:00,244.75999450683594,244.82000732421875,244.6649932861328,244.69000244140625,50810
2025-10-03 19:46:00,244.77000427246094,244.80999755859375,244.6999969482422,244.75999450683594,44063
2025-10-03 19:47:00,244.82000732421875,244.83999633789062,244.74000549316406,244.7700958251953,37579
2025-10-03 19:48:00,244.82000732421875,244.91000366210938,244.80999755859375,244.8300018310547,45650
2025-10-03 19:49:00,244.75,244.8699951171875,244.75,244.81300354003906,66476
2025-10-03 19:50:00,244.67999267578125,244.75,244.27000427246094,244.75,130303
2025-10-03 19:51:00,244.79100036621094,244.88999938964844,244.66000366210938,244.66000366210938,83558
2025-10-03 19:52:00,244.97970581054688,245.0500030517578,244.8000030517578,244.8000030517578,140717
2025-10-03 19:53:00,245.16990661621094,245.22999572753906,244.92999267578125,244.97000122070312,130136
2025-10-03 19:54:00,245.30499267578125,245.4499969482422,245.1649932861328,245.1649932861328,158727
2025-10-03 19:55:00,245.2899932861328,245.47999572753906,245.1699981689453,245.2899932861328,284902
2025-10-03 19:56:00,245.24000549316406,245.3699951171875,245.22000122070312,245.27999877929688,185344
2025-10-03 19:57:00,245.22000122070312,245.2550048828125,244.99000549316406,245.22000122070312,233308
2025-10-03 19:58:00,245.27999877929688,245.36000061035156,245.22000122070312,245.22999572753906,319021
2025-10-03 19:59:00,245.4499969482422,245.47999572753906,245.2100067138672,245.28500366210938,745301
