Datetime,TSLA,TSLA,TSLA,TSLA,TSLA
2025-09-29 13:30:00,447.3399963378906,447.3699951171875,443.0,444.3550109863281,3226507
2025-09-29 13:31:00,449.5199890136719,449.70001220703125,447.2550048828125,447.3800048828125,952995
2025-09-29 13:32:00,450.0400085449219,450.9800109863281,448.82000732421875,449.4700012207031,1209119
2025-09-29 13:33:00,449.8599853515625,450.1400146484375,448.70001220703125,449.90008544921875,544604
2025-09-29 13:34:00,449.2200012207031,450.6099853515625,448.4200134277344,450.0,507209
2025-09-29 13:35:00,448.79998779296875,450.1000061035156,448.2799987792969,449.1600036621094,454856
2025-09-29 13:36:00,449.0,449.6400146484375,448.4800109863281,448.760009765625,287800
2025-09-29 13:37:00,449.34991455078125,449.7099914550781,448.6499938964844,448.9599914550781,326596
2025-09-29 13:38:00,449.0841064453125,450.2300109863281,448.5,449.42999267578125,450983
2025-09-29 13:39:00,448.6650085449219,449.67999267578125,448.4800109863281,449.05999755859375,383721
2025-09-29 13:40:00,448.3900146484375,449.3900146484375,447.7279052734375,448.6001892089844,447014
2025-09-29 13:41:00,447.05340576171875,448.92999267578125,446.8800964355469,448.44000244140625,521110
2025-09-29 13:42:00,445.42999267578125,447.07000732421875,444.95001220703125,447.0376892089844,542024
2025-09-29 13:43:00,446.3550109863281,446.6300048828125,445.20001220703125,445.37030029296875,409222
2025-09-29 13:44:00,447.3963928222656,447.6299133300781,446.3900146484375,446.3900146484375,358232
2025-09-29 13:45:00,446.806884765625,448.0470886230469,446.0805969238281,447.3500061035156,386632
2025-09-29 13:46:00,446.2850036621094,447.1199951171875,445.79998779296875,446.79998779296875,248266
2025-09-29 13:47:00,445.4700012207031,446.7298889160156,445.05999755859375,446.30999755859375,318029
2025-09-29 13:48:00,445.3583984375,446.0465087890625,445.2099914550781,445.3984069824219,298611
2025-09-29 13:49:00,446.784912109375,446.8800048828125,444.7300109863281,445.4375915527344,532992
2025-09-29 13:50:00,445.93780517578125,446.9800109863281,445.4100036621094,446.7349853515625,273340
2025-09-29 13:51:00,445.3800964355469,446.16241455078125,445.1400146484375,445.9197082519531,182960
2025-09-29 13:52:00,444.2831115722656,445.4800109863281,443.3500061035156,445.42999267578125,551826
2025-09-29 13:53:00,443.79998779296875,444.4800109863281,443.6300048828125,444.28741455078125,331522
2025-09-29 13:54:00,444.5899963378906,444.8699951171875,443.3500061035156,443.8799133300781,326599
2025-09-29 13:55:00,441.7200012207031,444.5899963378906,441.5,444.5799865722656,587347
2025-09-29 13:56:00,442.59228515625,442.7799987792969,441.5,441.6951904296875,330782
2025-09-29 13:57:00,443.1123962402344,443.3900146484375,442.4800109863281,442.6199951171875,287899
2025-09-29 13:58:00,443.8599853515625,444.15899658203125,443.07000732421875,443.0979919433594,294059
2025-09-29 13:59:00,444.4100036621094,444.5299072265625,443.5,443.8999938964844,250322
2025-09-29 14:00:00,443.3150939941406,445.2900085449219,443.26959228515625,444.4100036621094,511872
2025-09-29 14:01:00,442.6549987792969,443.7799987792969,442.2401123046875,443.260009765625,398648
2025-09-29 14:02:00,442.625,443.552490234375,442.44000244140625,442.82000732421875,260129
2025-09-29 14:03:00,441.2200012207031,442.8500061035156,441.2099914550781,442.6700134277344,316253
2025-09-29 14:04:00,441.35009765625,441.8999938964844,441.260009765625,441.8900146484375,409383
2025-09-29 14:05:00,442.8959045410156,443.010009765625,441.1499938964844,441.3399963378906,350514
2025-09-29 14:06:00,443.30999755859375,443.4100036621094,442.8399963378906,442.92999267578125,6235902
2025-09-29 14:07:00,444.42999267578125,444.510009765625,443.18011474609375,443.31500244140625,0
2025-09-29 14:08:00,443.9382019042969,444.510009765625,443.8599853515625,444.4200134277344,256499
2025-09-29 14:09:00,445.2250061035156,445.2900085449219,444.0199890136719,444.0199890136719,372916
2025-09-29 14:10:00,445.0299987792969,445.4798889160156,444.8299865722656,445.1400146484375,262670
2025-09-29 14:11:00,444.0899963378906,445.1899108886719,443.55999755859375,445.0849914550781,334835
2025-09-29 14:12:00,444.35009765625,444.739990234375,444.0,444.0838928222656,175851
2025-09-29 14:13:00,445.31500244140625,445.54998779296875,444.30999755859375,444.31500244140625,280590
2025-09-29 14:14:00,445.79949951171875,445.9299011230469,445.03009033203125,445.30999755859375,230798
2025-09-29 14:15:00,446.1463928222656,446.3500061035156,445.57000732421875,445.75,324831
2025-09-29 14:16:00,446.2749938964844,446.4700012207031,445.82501220703125,446.14239501953125,226961
2025-09-29 14:17:00,446.41009521484375,446.489990234375,445.3999938964844,446.239990234375,262630
2025-09-29 14:18:00,445.7049865722656,446.4599914550781,445.5,446.4599914550781,182407
2025-09-29 14:19:00,444.7699890136719,445.9800109863281,444.739990234375,445.75,274324
2025-09-29 14:20:00,444.7099914550781,445.2799987792969,444.45001220703125,444.79998779296875,187858
2025-09-29 14:21:00,445.1180114746094,445.239990234375,444.5,444.70001220703125,165862
2025-09-29 14:22:00,444.70318603515625,445.1962890625,444.44000244140625,445.0950012207031,182005
2025-09-29 14:23:00,444.3900146484375,444.69000244140625,443.6199951171875,444.6400146484375,245642
2025-09-29 14:24:00,443.393798828125,444.3500061035156,443.1499938964844,444.3500061035156,206873
2025-09-29 14:25:00,443.75201416015625,444.19989013671875,443.0690002441406,443.3999938964844,178094
2025-09-29 14:26:00,444.04400634765625,444.3800048828125,443.6499938964844,443.7650146484375,157670
2025-09-29 14:27:00,444.1199951171875,444.39990234375,443.7500915527344,444.0400085449219,110512
2025-09-29 14:28:00,443.9800109863281,444.29998779296875,443.6600036621094,444.15478515625,99511
2025-09-29 14:29:00,443.7950134277344,444.6199035644531,443.6600036621094,443.9649963378906,186596
2025-09-29 14:30:00,443.7799987792969,444.08990478515625,443.3800048828125,443.8699951171875,148052
2025-09-29 14:31:00,443.7799987792969,444.1376953125,443.3900146484375,443.7850036621094,125360
2025-09-29 14:32:00,444.0299987792969,444.3900146484375,443.760009765625,443.8399963378906,123878
2025-09-29 14:33:00,444.0,444.33880615234375,443.760009765625,444.03790283203125,97191
2025-09-29 14:34:00,443.8099060058594,444.20001220703125,443.5830078125,444.0,104865
2025-09-29 14:35:00,444.0421142578125,444.4700012207031,443.7001037597656,443.739990234375,146694
2025-09-29 14:36:00,443.7550048828125,444.25,443.67999267578125,444.15869140625,111698
2025-09-29 14:37:00,443.8299865722656,444.42999267578125,443.42999267578125,443.7550048828125,181563
2025-09-29 14:38:00,443.44000244140625,444.0899963378906,443.3399963378906,443.83209228515625,151683
2025-09-29 14:39:00,443.2349853515625,443.802490234375,443.0799865722656,443.4501953125,178140
2025-09-29 14:40:00,443.6700134277344,444.3299865722656,442.94000244140625,443.20001220703125,228456
2025-09-29 14:41:00,443.7998962402344,443.8999938964844,443.32000732421875,443.70989990234375,102676
2025-09-29 14:42:00,444.31829833984375,444.45001220703125,443.60919189453125,443.7799987792969,141347
2025-09-29 14:43:00,443.7914123535156,444.57000732421875,443.70001220703125,444.32000732421875,153729
2025-09-29 14:44:00,444.1000061035156,444.3299865722656,443.6499938964844,443.8399963378906,89612
2025-09-29 14:45:00,443.92498779296875,444.1449890136719,443.5,444.1300048828125,119235
2025-09-29 14:46:00,444.54779052734375,444.7139892578125,443.8900146484375,443.95989990234375,150932
2025-09-29 14:47:00,444.89129638671875,444.8999938964844,444.32000732421875,444.4984130859375,125570
2025-09-29 14:48:00,444.5050048828125,445.239990234375,444.32000732421875,444.8994140625,154689
2025-09-29 14:49:00,444.260009765625,444.6000061035156,444.1600036621094,444.5050048828125,83633
2025-09-29 14:50:00,443.4049987792969,444.2898864746094,443.2699890136719,444.260009765625,203661
2025-09-29 14:51:00,443.7300109863281,444.1099853515625,443.3656005859375,443.4200134277344,116803
2025-09-29 14:52:00,443.9200134277344,444.20001220703125,443.53009033203125,443.6864013671875,116733
2025-09-29 14:53:00,443.7900085449219,444.010009765625,443.6600036621094,443.8594055175781,82073
2025-09-29 14:54:00,444.305908203125,444.39990234375,443.6000061035156,443.8500061035156,112836
2025-09-29 14:55:00,443.8529968261719,444.44000244140625,443.79010009765625,444.27880859375,99986
2025-09-29 14:56:00,442.6925048828125,443.9670104980469,442.6000061035156,443.848388671875,256223
2025-09-29 14:57:00,442.8999938964844,443.1000061035156,442.6000061035156,442.70001220703125,136556
2025-09-29 14:58:00,442.8080139160156,443.32000732421875,442.760009765625,442.94500732421875,119686
2025-09-29 14:59:00,442.7699890136719,443.0647888183594,442.4100036621094,442.75,138364
2025-09-29 15:00:00,443.39300537109375,443.4497985839844,442.55999755859375,442.7300109863281,135269
2025-09-29 15:01:00,444.54998779296875,444.5799865722656,443.3699951171875,443.4150085449219,227281
2025-09-29 15:02:00,444.6400146484375,444.8900146484375,444.2200012207031,444.57000732421875,177543
2025-09-29 15:03:00,444.04339599609375,444.6422119140625,443.9200134277344,444.6422119140625,110746
2025-09-29 15:04:00,444.1099853515625,444.2119140625,443.92999267578125,444.0899963378906,76663
2025-09-29 15:05:00,443.8550109863281,444.2998962402344,443.7699890136719,444.1087951660156,119844
2025-09-29 15:06:00,443.9606018066406,443.9999084472656,443.6000061035156,443.9100036621094,97253
2025-09-29 15:07:00,443.3500061035156,444.1070861816406,443.1700134277344,443.9504089355469,125743
2025-09-29 15:08:00,443.2200012207031,443.6299133300781,443.07000732421875,443.32000732421875,100067
2025-09-29 15:09:00,443.3550109863281,443.760009765625,443.17999267578125,443.2250061035156,102428
2025-09-29 15:10:00,442.8699951171875,443.64990234375,442.8299865722656,443.3799133300781,125767
2025-09-29 15:11:00,442.8500061035156,443.260009765625,442.7099914550781,442.8699951171875,103035
2025-09-29 15:12:00,442.9100036621094,443.1299133300781,442.6000061035156,442.83221435546875,101883
2025-09-29 15:13:00,442.4219970703125,442.93389892578125,442.360107421875,442.8900146484375,110274
2025-09-29 15:14:00,442.5199890136719,442.8699951171875,442.2500915527344,442.39678955078125,111476
2025-09-29 15:15:00,442.239990234375,442.79150390625,442.1600036621094,442.56500244140625,136401
2025-09-29 15:16:00,441.7449951171875,442.2900085449219,441.55999755859375,442.2799987792969,267580
2025-09-29 15:17:00,441.3450012207031,442.1700134277344,441.1300048828125,441.67999267578125,189086
2025-09-29 15:18:00,441.2449951171875,441.3599853515625,440.80999755859375,441.2099914550781,303485
2025-09-29 15:19:00,441.7550048828125,442.0534973144531,441.04010009765625,441.26708984375,243957
2025-09-29 15:20:00,441.7550048828125,442.0799865722656,441.20001220703125,441.7449951171875,163782
2025-09-29 15:21:00,442.07000732421875,442.3583984375,441.720703125,441.75,174794
2025-09-29 15:22:00,442.6532897949219,442.9100036621094,442.0801086425781,442.1300048828125,171996
2025-09-29 15:23:00,443.1382141113281,443.239990234375,442.6300048828125,442.6300048828125,228929
2025-09-29 15:24:00,442.8500061035156,443.2200012207031,442.6000061035156,443.1171875,147362
2025-09-29 15:25:00,442.6225891113281,443.239990234375,442.3599853515625,442.8599853515625,159681
2025-09-29 15:26:00,443.010009765625,443.2799987792969,442.6000061035156,442.6300048828125,116287
2025-09-29 15:27:00,442.60980224609375,443.0899963378906,442.4501037597656,443.0,102101
2025-09-29 15:28:00,442.5299987792969,442.9200134277344,442.4599914550781,442.6600036621094,99380
2025-09-29 15:29:00,442.2650146484375,442.61981201171875,442.04998779296875,442.5799865722656,118530
2025-09-29 15:30:00,442.09161376953125,442.55999755859375,441.8900146484375,442.32000732421875,134429
2025-09-29 15:31:00,441.65570068359375,442.1700134277344,441.54998779296875,442.0299987792969,108947
2025-09-29 15:32:00,441.6615905761719,441.922607421875,441.4800109863281,441.65521240234375,87936
2025-09-29 15:33:00,441.635009765625,441.79998779296875,441.1499938964844,441.67999267578125,155187
2025-09-29 15:34:00,440.760009765625,441.67999267578125,440.3500061035156,441.67999267578125,256990
2025-09-29 15:35:00,440.5299987792969,441.04998779296875,440.3599853515625,440.7300109863281,174542
2025-09-29 15:36:00,440.1099853515625,440.7049865722656,439.5,440.5076904296875,404771
2025-09-29 15:37:00,441.0799865722656,441.1383972167969,440.10009765625,440.1509094238281,242113
2025-09-29 15:38:00,441.75,442.0,441.0101013183594,441.0679931640625,206562
2025-09-29 15:39:00,441.71649169921875,441.8900146484375,441.3800048828125,441.726806640625,125536
2025-09-29 15:40:00,441.3299865722656,442.0799865722656,441.25,441.6199951171875,152355
2025-09-29 15:41:00,441.239990234375,441.55999755859375,441.18499755859375,441.3699951171875,74839
2025-09-29 15:42:00,441.7749938964844,441.8900146484375,441.1910095214844,441.239990234375,85662
2025-09-29 15:43:00,442.1199951171875,442.17999267578125,441.45208740234375,441.67999267578125,118221
2025-09-29 15:44:00,442.1619873046875,442.3340148925781,442.0,442.1391906738281,134621
2025-09-29 15:45:00,441.5150146484375,442.29901123046875,441.4837951660156,442.2099914550781,101473
2025-09-29 15:46:00,441.13970947265625,441.5799865722656,440.8599853515625,441.5150146484375,175793
2025-09-29 15:47:00,441.1099853515625,441.44000244140625,440.9502868652344,441.1081848144531,95455
2025-09-29 15:48:00,440.6000061035156,441.1199951171875,440.5799865722656,441.0799865722656,115458
2025-09-29 15:49:00,440.67999267578125,441.1700134277344,440.54998779296875,440.55999755859375,110682
2025-09-29 15:50:00,440.6600036621094,440.8999938964844,440.5,440.7090148925781,91331
2025-09-29 15:51:00,440.94500732421875,441.2795104980469,440.6700134277344,440.6700134277344,107843
2025-09-29 15:52:00,440.510009765625,441.08990478515625,440.3399963378906,440.9100036621094,151391
2025-09-29 15:53:00,440.0899963378906,440.5350036621094,439.95001220703125,440.5,184914
2025-09-29 15:54:00,440.0,440.45001220703125,439.8999938964844,440.1199951171875,145409
2025-09-29 15:55:00,440.0199890136719,440.42999267578125,439.8999938964844,440.0400085449219,118269
2025-09-29 15:56:00,440.0350036621094,440.25,439.75,440.0400085449219,142073
2025-09-29 15:57:00,440.32000732421875,440.3599853515625,439.8999938964844,440.037109375,104462
2025-09-29 15:58:00,440.4599914550781,440.5,440.1099853515625,440.3399963378906,130107
2025-09-29 15:59:00,440.6659851074219,440.94000244140625,440.2701110839844,440.489990234375,140489
2025-09-29 16:00:00,441.05999755859375,441.14990234375,440.610107421875,440.66119384765625,155268
2025-09-29 16:01:00,441.2200012207031,441.239990234375,440.8399963378906,441.1000061035156,134505
2025-09-29 16:02:00,440.29010009765625,441.239990234375,440.2099914550781,441.17498779296875,128170
2025-09-29 16:03:00,440.2300109863281,440.45001220703125,439.8500061035156,440.2900085449219,129276
2025-09-29 16:04:00,440.4706115722656,440.5400085449219,440.1499938964844,440.20001220703125,121426
2025-09-29 16:05:00,440.81988525390625,440.8399963378906,440.4200134277344,440.44000244140625,83596
2025-09-29 16:06:00,440.6307067871094,441.07989501953125,440.5299987792969,440.7998962402344,127028
2025-09-29 16:07:00,440.6400146484375,440.79998779296875,440.44000244140625,440.6400146484375,81722
2025-09-29 16:08:00,441.3280029296875,441.3999938964844,440.6600036621094,440.68450927734375,141830
2025-09-29 16:09:00,441.6000061035156,441.6600036621094,441.2099914550781,441.30499267578125,160994
2025-09-29 16:10:00,441.7398986816406,441.75,441.1401062011719,441.5899963378906,126062
2025-09-29 16:11:00,441.80999755859375,441.8900146484375,441.510009765625,441.7099914550781,130102
2025-09-29 16:12:00,441.5823059082031,441.96990966796875,441.5400085449219,441.8299865722656,103593
2025-09-29 16:13:00,441.92999267578125,441.9700012207031,441.3999938964844,441.5580139160156,91832
2025-09-29 16:14:00,441.5574035644531,442.031005859375,441.510009765625,441.8728942871094,113600
2025-09-29 16:15:00,441.8844909667969,442.0599060058594,441.40008544921875,441.57501220703125,98272
2025-09-29 16:16:00,441.5375061035156,441.94000244140625,441.510009765625,441.8900146484375,74842
2025-09-29 16:17:00,440.7851867675781,441.559814453125,440.5,441.559814453125,162164
2025-09-29 16:18:00,441.1131896972656,441.2300109863281,440.7900085449219,440.7900085449219,82475
2025-09-29 16:19:00,440.97900390625,441.32000732421875,440.9750061035156,441.1050109863281,76987
2025-09-29 16:20:00,441.1400146484375,441.3299865722656,440.75,441.0199890136719,89826
2025-09-29 16:21:00,441.1099853515625,441.32989501953125,440.79998779296875,441.1400146484375,74405
2025-09-29 16:22:00,441.93499755859375,441.9800109863281,441.08099365234375,441.1799011230469,110145
2025-09-29 16:23:00,441.9800109863281,442.20001220703125,441.75,441.9288024902344,155102
2025-09-29 16:24:00,442.04998779296875,442.1099853515625,441.8616943359375,441.9649963378906,83934
2025-09-29 16:25:00,442.0119934082031,442.1700134277344,441.7099914550781,442.0199890136719,124788
2025-09-29 16:26:00,441.75,442.0799865722656,441.70001220703125,441.9833984375,66329
2025-09-29 16:27:00,441.8406066894531,441.8900146484375,441.5799865722656,441.760009765625,74392
2025-09-29 16:28:00,441.92498779296875,442.06988525390625,441.7734069824219,441.85699462890625,51096
2025-09-29 16:29:00,441.88031005859375,442.2200012207031,441.85009765625,441.94000244140625,72764
2025-09-29 16:30:00,442.18060302734375,442.25,441.90020751953125,441.95001220703125,63725
2025-09-29 16:31:00,442.0150146484375,442.3599853515625,442.0000915527344,442.1770935058594,93390
2025-09-29 16:32:00,442.1400146484375,442.1899108886719,441.8922119140625,442.0400085449219,67047
2025-09-29 16:33:00,442.3305969238281,442.3500061035156,442.04998779296875,442.1700134277344,74977
2025-09-29 16:34:00,442.28009033203125,442.489990234375,442.0,442.3500061035156,120398
2025-09-29 16:35:00,442.0950012207031,442.2799987792969,441.7099914550781,442.2799987792969,83751
2025-09-29 16:36:00,442.1409912109375,442.31988525390625,441.9100036621094,442.069091796875,61723
2025-09-29 16:37:00,442.1650085449219,442.3299865722656,441.9800109863281,442.1549987792969,51535
2025-09-29 16:38:00,441.9200134277344,442.1747131347656,441.8299865722656,442.1650085449219,70992
2025-09-29 16:39:00,441.9599914550781,442.05999755859375,441.70001220703125,441.9599914550781,89630
2025-09-29 16:40:00,442.0050048828125,442.19000244140625,441.85009765625,441.9036865234375,86301
2025-09-29 16:41:00,442.2699890136719,442.3299865722656,441.9100036621094,442.0050048828125,86566
2025-09-29 16:42:00,442.2890930175781,442.7300109863281,442.2401123046875,442.2799987792969,141307
2025-09-29 16:43:00,441.82501220703125,442.5,441.82000732421875,442.2900085449219,126787
2025-09-29 16:44:00,441.6199951171875,441.8900146484375,441.4100036621094,441.8232116699219,120867
2025-09-29 16:45:00,441.7799987792969,441.9700012207031,441.625,441.6300048828125,80595
2025-09-29 16:46:00,441.9100036621094,442.1000061035156,441.7550048828125,441.7699890136719,61371
2025-09-29 16:47:00,441.9800109863281,442.2300109863281,441.8999938964844,441.9049987792969,75897
2025-09-29 16:48:00,441.94879150390625,442.3699951171875,441.7900085449219,442.0199890136719,89616
2025-09-29 16:49:00,442.04998779296875,442.1400146484375,441.6177062988281,441.9898986816406,84670
2025-09-29 16:50:00,441.739990234375,442.07000732421875,441.45001220703125,442.05999755859375,87603
2025-09-29 16:51:00,442.0199890136719,442.04998779296875,441.5899963378906,441.760009765625,56384
2025-09-29 16:52:00,441.9700012207031,442.0799865722656,441.6199951171875,442.0,60921
2025-09-29 16:53:00,441.4302062988281,441.9316101074219,441.3399963378906,441.8900146484375,86701
2025-09-29 16:54:00,441.2900085449219,441.6199035644531,441.25,441.4021911621094,70973
2025-09-29 16:55:00,441.260009765625,441.5,441.2200012207031,441.3500061035156,63480
2025-09-29 16:56:00,441.3960876464844,441.53131103515625,441.1304016113281,441.2449951171875,58366
2025-09-29 16:57:00,441.4049987792969,441.510009765625,441.2101135253906,441.4200134277344,40894
2025-09-29 16:58:00,441.29998779296875,441.6600036621094,441.2200012207031,441.4200134277344,52587
2025-09-29 16:59:00,441.5950012207031,441.6199951171875,441.260009765625,441.3240966796875,61859
2025-09-29 17:00:00,441.19970703125,441.739990234375,441.04998779296875,441.6199951171875,75948
2025-09-29 17:01:00,440.81500244140625,441.159912109375,440.7110900878906,441.1400146484375,88459
2025-09-29 17:02:00,440.6488037109375,440.95989990234375,440.53009033203125,440.8399963378906,74059
2025-09-29 17:03:00,439.7416076660156,440.6758117675781,439.67999267578125,440.6199951171875,194527
2025-09-29 17:04:00,440.2300109863281,440.2998962402344,439.69000244140625,439.7200012207031,125422
2025-09-29 17:05:00,440.5950012207031,440.6700134277344,440.2200012207031,440.29998779296875,97697
2025-09-29 17:06:00,440.30999755859375,440.7453918457031,440.30999755859375,440.5899963378906,102498
2025-09-29 17:07:00,440.3747863769531,440.8900146484375,440.17999267578125,440.260009765625,107738
2025-09-29 17:08:00,440.5199890136719,440.5899963378906,440.2699890136719,440.3699951171875,53823
2025-09-29 17:09:00,440.20001220703125,440.5249938964844,440.20001220703125,440.4794921875,66785
2025-09-29 17:10:00,440.6600036621094,440.69989013671875,440.0299987792969,440.2424011230469,77260
2025-09-29 17:11:00,440.75,440.8800048828125,440.45001220703125,440.6816101074219,104462
2025-09-29 17:12:00,440.98089599609375,441.0799865722656,440.75,440.79998779296875,91338
2025-09-29 17:13:00,440.9200134277344,441.1400146484375,440.693603515625,440.968994140625,92198
2025-09-29 17:14:00,440.9800109863281,441.05999755859375,440.739990234375,440.92999267578125,58192
2025-09-29 17:15:00,441.0,441.0199890136719,440.6600036621094,440.92498779296875,68054
2025-09-29 17:16:00,440.739990234375,441.1799011230469,440.60589599609375,441.010009765625,69588
2025-09-29 17:17:00,441.0899963378906,441.1000061035156,440.6676940917969,440.7449951171875,67866
2025-09-29 17:18:00,441.6549987792969,441.69171142578125,441.02301025390625,441.05999755859375,124513
2025-09-29 17:19:00,441.89678955078125,441.9100036621094,441.45001220703125,441.6549987792969,108734
2025-09-29 17:20:00,441.7829895019531,441.9898986816406,441.7099914550781,441.864990234375,96988
2025-09-29 17:21:00,441.6400146484375,441.8900146484375,441.54998779296875,441.7724914550781,66627
2025-09-29 17:22:00,441.48199462890625,441.8399963378906,441.4100036621094,441.6951904296875,65962
2025-09-29 17:23:00,441.69000244140625,442.0199890136719,441.45001220703125,441.50048828125,106536
2025-09-29 17:24:00,441.9065856933594,441.94000244140625,441.5299987792969,441.739990234375,61459
2025-09-29 17:25:00,441.8642883300781,441.95001220703125,441.70001220703125,441.9049987792969,54008
2025-09-29 17:26:00,442.1690979003906,442.3500061035156,441.79998779296875,441.80670166015625,107992
2025-09-29 17:27:00,441.67999267578125,442.2200012207031,441.631103515625,442.1401062011719,105679
2025-09-29 17:28:00,441.8299865722656,441.8493957519531,441.3999938964844,441.7300109863281,131749
2025-09-29 17:29:00,441.760009765625,442.1600036621094,441.6300048828125,441.80999755859375,79661
2025-09-29 17:30:00,442.0,442.25,441.7200012207031,441.8299865722656,88212
2025-09-29 17:31:00,442.1600036621094,442.2699890136719,441.7300109863281,442.0,82950
2025-09-29 17:32:00,442.20220947265625,442.3500061035156,442.0,442.0799865722656,75188
2025-09-29 17:33:00,442.41009521484375,442.489990234375,442.1499938964844,442.1759948730469,114610
2025-09-29 17:34:00,442.07000732421875,442.5799865722656,442.010009765625,442.45001220703125,100084
2025-09-29 17:35:00,442.17010498046875,442.44000244140625,441.989990234375,442.07000732421875,119283
2025-09-29 17:36:00,441.7799987792969,442.3598937988281,441.7799987792969,442.20001220703125,61936
2025-09-29 17:37:00,441.989990234375,442.19970703125,441.8399963378906,441.8399963378906,71325
2025-09-29 17:38:00,441.92498779296875,442.1499938964844,441.8601989746094,441.9902038574219,46083
2025-09-29 17:39:00,441.8900146484375,442.0498962402344,441.8500061035156,441.9599914550781,38851
2025-09-29 17:40:00,442.0199890136719,442.25,441.7799987792969,441.9100036621094,112562
2025-09-29 17:41:00,442.3999938964844,442.46990966796875,441.96600341796875,441.96600341796875,98022
2025-09-29 17:42:00,442.00079345703125,442.4700012207031,441.8299865722656,442.4700012207031,95115
2025-09-29 17:43:00,441.5,441.989990234375,441.4100036621094,441.94000244140625,154249
2025-09-29 17:44:00,441.302490234375,441.510009765625,441.15008544921875,441.4750061035156,93235
2025-09-29 17:45:00,441.5299987792969,441.659912109375,441.1499938964844,441.239990234375,100430
2025-09-29 17:46:00,441.31988525390625,441.55999755859375,441.0799865722656,441.54998779296875,74736
2025-09-29 17:47:00,441.58819580078125,441.7969055175781,441.32000732421875,441.32000732421875,93607
2025-09-29 17:48:00,441.3500061035156,441.6571044921875,441.2300109863281,441.6571044921875,56996
2025-09-29 17:49:00,441.57501220703125,441.6199951171875,441.2748107910156,441.32000732421875,35642
2025-09-29 17:50:00,441.3828125,441.6899108886719,441.2799987792969,441.57501220703125,95426
2025-09-29 17:51:00,441.41448974609375,441.8399963378906,441.3700866699219,441.45989990234375,79373
2025-09-29 17:52:00,441.9649963378906,442.0400085449219,441.4075927734375,441.4197998046875,82319
2025-09-29 17:53:00,441.9671936035156,442.010009765625,441.79998779296875,442.0,49355
2025-09-29 17:54:00,442.0400085449219,442.1499938964844,441.8999938964844,441.9599914550781,70529
2025-09-29 17:55:00,441.9700012207031,442.2300109863281,441.70001220703125,442.0400085449219,84735
2025-09-29 17:56:00,441.8699951171875,442.1400146484375,441.8450012207031,441.93499755859375,52008
2025-09-29 17:57:00,441.8999938964844,441.9649963378906,441.7936096191406,441.8699951171875,46856
2025-09-29 17:58:00,442.2398986816406,442.2398986816406,441.8949890136719,441.8949890136719,56204
2025-09-29 17:59:00,442.3699951171875,442.45001220703125,442.1499938964844,442.2251892089844,71828
2025-09-29 18:00:00,442.1400146484375,442.4700012207031,442.1000061035156,442.3800048828125,67699
2025-09-29 18:01:00,442.80999755859375,442.8500061035156,442.04998779296875,442.1788024902344,126552
2025-09-29 18:02:00,442.625,442.8399963378906,442.3999938964844,442.8399963378906,80592
2025-09-29 18:03:00,442.9750061035156,443.0840148925781,442.625,442.625,141893
2025-09-29 18:04:00,442.95989990234375,443.1700134277344,442.8599853515625,442.9700012207031,111331
2025-09-29 18:05:00,442.9599914550781,443.1199035644531,442.92999267578125,442.9599914550781,79024
2025-09-29 18:06:00,442.94500732421875,443.0799865722656,442.9200134277344,443.0,63647
2025-09-29 18:07:00,442.9197082519531,442.9999084472656,442.6700134277344,442.92449951171875,90198
2025-09-29 18:08:00,442.9389953613281,442.9389953613281,442.7349853515625,442.90008544921875,62993
2025-09-29 18:09:00,443.1199951171875,443.20001220703125,442.6499938964844,442.8916015625,104416
2025-09-29 18:10:00,443.30499267578125,443.3999938964844,442.8999938964844,443.13970947265625,108269
2025-09-29 18:11:00,442.9577941894531,443.3699951171875,442.93011474609375,443.2699890136719,90081
2025-09-29 18:12:00,443.2349853515625,443.39990234375,442.9800109863281,442.9800109863281,87229
2025-09-29 18:13:00,443.1116027832031,443.44000244140625,443.0400085449219,443.2699890136719,78004
2025-09-29 18:14:00,443.1169128417969,443.3500061035156,443.04998779296875,443.114990234375,75055
2025-09-29 18:15:00,443.07501220703125,443.40399169921875,443.010009765625,443.1000061035156,83046
2025-09-29 18:16:00,443.1600036621094,443.2698974609375,442.9100036621094,443.0798034667969,62873
2025-09-29 18:17:00,443.18011474609375,443.2200012207031,442.79998779296875,443.1600036621094,76385
2025-09-29 18:18:00,443.1700134277344,443.2699890136719,443.0299987792969,443.18499755859375,54186
2025-09-29 18:19:00,443.4200134277344,443.45001220703125,442.9100036621094,443.160888671875,80871
2025-09-29 18:20:00,443.5993957519531,443.6499938964844,443.3299865722656,443.3699951171875,130194
2025-09-29 18:21:00,443.5,443.70001220703125,443.4375,443.5799865722656,87609
2025-09-29 18:22:00,443.44000244140625,443.8500061035156,443.44000244140625,443.4949951171875,106132
2025-09-29 18:23:00,443.2699890136719,443.5,443.2200012207031,443.4635925292969,72116
2025-09-29 18:24:00,443.3540954589844,443.364990234375,443.0700988769531,443.2749938964844,71445
2025-09-29 18:25:00,443.05999755859375,443.368896484375,442.94000244140625,443.368896484375,66342
2025-09-29 18:26:00,443.3699951171875,443.4200134277344,442.9800109863281,443.05841064453125,59323
2025-09-29 18:27:00,443.3360900878906,443.5133972167969,443.2300109863281,443.3949890136719,47394
2025-09-29 18:28:00,443.1199035644531,443.3699035644531,443.0,443.3349914550781,47219
2025-09-29 18:29:00,443.1449890136719,443.18798828125,443.0,443.0823974609375,54588
2025-09-29 18:30:00,443.36419677734375,443.5400085449219,443.13031005859375,443.1499938964844,76082
2025-09-29 18:31:00,443.84930419921875,443.84930419921875,443.2799987792969,443.39410400390625,82577
2025-09-29 18:32:00,443.4549865722656,443.8304138183594,443.4012145996094,443.80999755859375,100375
2025-09-29 18:33:00,443.3700866699219,443.6698913574219,443.3700866699219,443.4800109863281,55641
2025-09-29 18:34:00,443.3599853515625,443.50311279296875,443.3299865722656,443.4193115234375,45047
2025-09-29 18:35:00,443.2161865234375,443.42999267578125,443.2047119140625,443.364990234375,119394
2025-09-29 18:36:00,443.2622985839844,443.34991455078125,443.0799865722656,443.2149963378906,47677
2025-09-29 18:37:00,443.35369873046875,443.3800048828125,443.1017150878906,443.2799987792969,48664
2025-09-29 18:38:00,443.159912109375,443.4200134277344,443.05999755859375,443.3599853515625,61055
2025-09-29 18:39:00,442.55999755859375,443.14801025390625,442.5,443.11920166015625,142086
2025-09-29 18:40:00,442.26300048828125,442.7900085449219,442.17999267578125,442.5899963378906,110311
2025-09-29 18:41:00,442.1188049316406,442.44000244140625,442.0299987792969,442.2900085449219,69396
2025-09-29 18:42:00,442.17999267578125,442.3099060058594,442.0299987792969,442.09710693359375,70448
2025-09-29 18:43:00,441.9739074707031,442.239990234375,441.94000244140625,442.185302734375,70955
2025-09-29 18:44:00,442.0299987792969,442.0799865722656,441.79998779296875,442.00830078125,90156
2025-09-29 18:45:00,441.868408203125,442.1700134277344,441.8399963378906,442.0,82584
2025-09-29 18:46:00,442.1177062988281,442.1698913574219,441.8399963378906,441.8399963378906,67233
2025-09-29 18:47:00,442.29998779296875,442.5899963378906,442.0799865722656,442.0799865722656,130993
2025-09-29 18:48:00,442.20001220703125,442.5690002441406,442.20001220703125,442.2900085449219,75719
2025-09-29 18:49:00,442.30999755859375,442.35980224609375,442.0799865722656,442.2300109863281,47984
2025-09-29 18:50:00,442.2615966796875,442.3599853515625,442.07000732421875,442.3598937988281,74583
2025-09-29 18:51:00,442.4552001953125,442.4800109863281,442.1499938964844,442.2749938964844,46695
2025-09-29 18:52:00,442.4200134277344,442.4772033691406,442.25,442.4772033691406,51239
2025-09-29 18:53:00,442.5199890136719,442.55999755859375,442.3500061035156,442.3999938964844,57757
2025-09-29 18:54:00,442.4100036621094,442.67999267578125,442.3500061035156,442.5350036621094,56832
2025-09-29 18:55:00,442.5924987792969,442.74591064453125,442.2900085449219,442.3955078125,60557
2025-09-29 18:56:00,442.32000732421875,442.6300048828125,442.29998779296875,442.5911865234375,52917
2025-09-29 18:57:00,442.66729736328125,442.69000244140625,442.30010986328125,442.3299865722656,58922
2025-09-29 18:58:00,442.4100036621094,442.81988525390625,442.3999938964844,442.6408996582031,75079
2025-09-29 18:59:00,442.3382873535156,442.59649658203125,442.3299865722656,442.4100036621094,58759
2025-09-29 19:00:00,442.0,442.48199462890625,441.8999938964844,442.37091064453125,117519
2025-09-29 19:01:00,442.4200134277344,442.4200134277344,441.989990234375,441.989990234375,55392
2025-09-29 19:02:00,442.3450012207031,442.5299987792969,442.30010986328125,442.3900146484375,70102
2025-09-29 19:03:00,442.14349365234375,442.4100036621094,442.0400085449219,442.369384765625,79443
2025-09-29 19:04:00,442.3747863769531,442.5400085449219,442.0450134277344,442.11590576171875,79217
2025-09-29 19:05:00,442.2099914550781,442.59991455078125,442.1893005371094,442.3999938964844,76389
2025-09-29 19:06:00,441.8114929199219,442.2698974609375,441.8106994628906,442.1929016113281,66329
2025-09-29 19:07:00,441.82000732421875,441.8500061035156,441.4100036621094,441.79998779296875,132435
2025-09-29 19:08:00,441.6199951171875,441.8326110839844,441.5776062011719,441.785888671875,57513
2025-09-29 19:09:00,441.5101013183594,441.7550048828125,441.3500061035156,441.6000061035156,96340
2025-09-29 19:10:00,441.8699951171875,441.94000244140625,441.4601135253906,441.535888671875,64916
2025-09-29 19:11:00,441.89910888671875,442.08990478515625,441.75,441.8550109863281,69362
2025-09-29 19:12:00,441.3800048828125,441.8999938964844,441.3800048828125,441.8949890136719,77162
2025-09-29 19:13:00,441.7200012207031,441.7799987792969,441.29998779296875,441.4042053222656,65324
2025-09-29 19:14:00,441.6650085449219,441.80999755859375,441.6354064941406,441.760009765625,52560
2025-09-29 19:15:00,440.5033874511719,441.69000244140625,440.3999938964844,441.6700134277344,191917
2025-09-29 19:16:00,440.6311950683594,440.8900146484375,440.4100036621094,440.4800109863281,113860
2025-09-29 19:17:00,440.5960998535156,440.79339599609375,440.5,440.65380859375,83260
2025-09-29 19:18:00,440.7650146484375,440.9898986816406,440.41009521484375,440.6000061035156,104125
2025-09-29 19:19:00,441.0,441.12799072265625,440.7099914550781,440.7799987792969,99396
2025-09-29 19:20:00,441.21990966796875,441.2998962402344,440.8699951171875,441.0472106933594,86028
2025-09-29 19:21:00,441.07000732421875,441.3900146484375,440.9700012207031,441.1300048828125,87836
2025-09-29 19:22:00,441.3550109863281,441.45001220703125,441.05419921875,441.0700988769531,71008
2025-09-29 19:23:00,441.3800964355469,441.48870849609375,441.2799987792969,441.3800048828125,60261
2025-09-29 19:24:00,441.1842041015625,441.44989013671875,441.1199951171875,441.4049987792969,59841
2025-09-29 19:25:00,441.31500244140625,441.3999938964844,440.92041015625,441.1499938964844,89078
2025-09-29 19:26:00,441.3663024902344,441.510009765625,441.2773132324219,441.3599853515625,67494
2025-09-29 19:27:00,441.24920654296875,441.42999267578125,441.19000244140625,441.3924865722656,40826
2025-09-29 19:28:00,440.8200988769531,441.2499084472656,440.79010009765625,441.20001220703125,80665
2025-09-29 19:29:00,440.75,440.989990234375,440.60009765625,440.8500061035156,105605
2025-09-29 19:30:00,441.17498779296875,441.17999267578125,440.7190856933594,440.760009765625,83740
2025-09-29 19:31:00,441.3399963378906,441.39990234375,441.0690002441406,441.1401062011719,96963
2025-09-29 19:32:00,441.1199951171875,441.4299011230469,441.0400085449219,441.364990234375,73187
2025-09-29 19:33:00,441.5802001953125,441.67999267578125,441.1600036621094,441.2099914550781,129863
2025-09-29 19:34:00,441.4599914550781,441.54998779296875,441.2200927734375,441.54998779296875,86368
2025-09-29 19:35:00,441.4100036621094,441.6400146484375,441.3500061035156,441.45001220703125,66596
2025-09-29 19:36:00,441.1300048828125,441.5299987792969,441.1300048828125,441.42999267578125,68374
2025-09-29 19:37:00,441.1700134277344,441.2398986816406,441.04998779296875,441.1549987792969,61090
2025-09-29 19:38:00,441.09588623046875,441.25,441.0400085449219,441.1199951171875,57971
2025-09-29 19:39:00,441.42169189453125,441.6000061035156,441.0101013183594,441.07000732421875,116264
2025-09-29 19:40:00,441.5249938964844,441.6499938964844,441.20001220703125,441.4700012207031,118606
2025-09-29 19:41:00,441.375,441.5899963378906,441.1820068359375,441.5199890136719,70986
2025-09-29 19:42:00,441.3500061035156,441.3765869140625,441.0199890136719,441.3399963378906,60420
2025-09-29 19:43:00,441.375,441.44000244140625,441.15008544921875,441.39990234375,68866
2025-09-29 19:44:00,441.32000732421875,441.5199890136719,441.20098876953125,441.3800964355469,99349
2025-09-29 19:45:00,441.7650146484375,441.8799133300781,441.364990234375,441.364990234375,147531
2025-09-29 19:46:00,441.9200134277344,442.159912109375,441.72918701171875,441.7699890136719,98372
2025-09-29 19:47:00,442.1600036621094,442.2200012207031,441.9110107421875,441.9200134277344,79420
2025-09-29 19:48:00,442.1199951171875,442.2900085449219,441.95001220703125,442.1499938964844,104589
2025-09-29 19:49:00,442.260009765625,442.2900085449219,442.07000732421875,442.13970947265625,56567
2025-09-29 19:50:00,442.6890869140625,442.989990234375,442.2300109863281,442.260009765625,229098
2025-09-29 19:51:00,442.32720947265625,442.8399963378906,442.2900085449219,442.7200012207031,138502
2025-09-29 19:52:00,442.3879089355469,442.5050048828125,442.1600036621094,442.3999938964844,146804
2025-09-29 19:53:00,442.2699890136719,442.4200134277344,442.1600036621094,442.340087890625,96970
2025-09-29 19:54:00,442.5400085449219,442.67999267578125,442.2449951171875,442.260009765625,165366
2025-09-29 19:55:00,443.55999755859375,443.6400146484375,442.5899963378906,442.5899963378906,328430
2025-09-29 19:56:00,443.3500061035156,443.5775146484375,443.1600036621094,443.57501220703125,215516
2025-09-29 19:57:00,443.32000732421875,443.510009765625,443.17999267578125,443.3500061035156,219621
2025-09-29 19:58:00,443.0950012207031,443.3500061035156,442.8399963378906,443.3399963378906,225493
2025-09-29 19:59:00,443.2099914550781,443.4599914550781,442.9800109863281,443.1099853515625,407252
2025-09-30 13:30:00,442.4399108886719,443.57989501953125,441.5899963378906,441.5899963378906,1757274
2025-09-30 13:31:00,440.69000244140625,442.4399108886719,440.29449462890625,442.3500061035156,335544
2025-09-30 13:32:00,441.29998779296875,441.79998779296875,439.72760009765625,440.7699890136719,388298
2025-09-30 13:33:00,440.4049987792969,441.4999084472656,439.6099853515625,441.3399963378906,301489
2025-09-30 13:34:00,440.2157897949219,440.58990478515625,439.110107421875,440.3999938964844,303089
2025-09-30 13:35:00,439.6700134277344,440.5887145996094,439.2300109863281,440.1449890136719,294290
2025-09-30 13:36:00,439.0350036621094,440.0899963378906,438.8699951171875,439.5950012207031,332321
2025-09-30 13:37:00,437.42999267578125,439.260009765625,437.2601013183594,439.06500244140625,472041
2025-09-30 13:38:00,437.0899963378906,438.00830078125,436.7099914550781,437.3700866699219,370569
2025-09-30 13:39:00,438.20849609375,438.29998779296875,436.8699951171875,437.0899963378906,330369
2025-09-30 13:40:00,438.6400146484375,438.71990966796875,437.85150146484375,438.1300048828125,285361
2025-09-30 13:41:00,439.2401123046875,439.3999938964844,438.3299865722656,438.6700134277344,289035
2025-09-30 13:42:00,439.1000061035156,439.6700134277344,438.8999938964844,439.2658996582031,311548
2025-09-30 13:43:00,438.9700012207031,439.2799987792969,437.9901123046875,439.1400146484375,332341
2025-09-30 13:44:00,440.3299865722656,440.3699951171875,438.739990234375,438.9599914550781,375690
2025-09-30 13:45:00,441.0,441.29998779296875,439.5400085449219,440.2699890136719,366481
2025-09-30 13:46:00,440.5950012207031,441.2300109863281,440.1700134277344,441.0050964355469,204121
2025-09-30 13:47:00,440.260009765625,440.8349914550781,439.45001220703125,440.7200012207031,189607
2025-09-30 13:48:00,440.2550048828125,440.45001220703125,439.79998779296875,440.3999938964844,131424
2025-09-30 13:49:00,439.8497009277344,440.5799865722656,439.4599914550781,440.2998962402344,184561
2025-09-30 13:50:00,439.0299987792969,439.8500061035156,438.7300109863281,439.760009765625,266128
2025-09-30 13:51:00,438.04010009765625,439.5179138183594,438.0400085449219,438.9200134277344,261321
2025-09-30 13:52:00,438.6300048828125,439.07000732421875,437.9700927734375,438.05999755859375,259303
2025-09-30 13:53:00,439.0199890136719,439.2099914550781,438.602294921875,438.602294921875,137274
2025-09-30 13:54:00,437.9901123046875,439.2398986816406,437.7200012207031,438.9800109863281,288940
2025-09-30 13:55:00,437.8399963378906,438.60321044921875,437.4909973144531,438.07501220703125,240391
2025-09-30 13:56:00,438.1300048828125,438.64990234375,437.7586975097656,437.8299865722656,193781
2025-09-30 13:57:00,438.29998779296875,438.3550109863281,437.70001220703125,438.1600036621094,131621
2025-09-30 13:58:00,437.93499755859375,438.6199035644531,437.8377990722656,438.2749938964844,139863
2025-09-30 13:59:00,438.3999938964844,438.5,437.8299865722656,437.9599914550781,122796
2025-09-30 14:00:00,439.0790100097656,439.0799865722656,438.2099914550781,438.42999267578125,222122
2025-09-30 14:01:00,439.44500732421875,439.6400146484375,438.80999755859375,439.0299987792969,236520
2025-09-30 14:02:00,439.2301025390625,440.0,439.02301025390625,439.5198974609375,212020
2025-09-30 14:03:00,439.67498779296875,439.8800048828125,439.2749938964844,439.2749938964844,140262
2025-09-30 14:04:00,439.1700134277344,439.8349914550781,438.9700012207031,439.7099914550781,128775
2025-09-30 14:05:00,438.7650146484375,439.3175048828125,438.04998779296875,439.20001220703125,209145
2025-09-30 14:06:00,438.5899963378906,438.85760498046875,437.8800048828125,438.7712097167969,175274
2025-09-30 14:07:00,438.9400939941406,439.33990478515625,438.5950012207031,438.5950012207031,151605
2025-09-30 14:08:00,438.9800109863281,439.29998779296875,438.6000061035156,438.989990234375,133763
2025-09-30 14:09:00,438.25,439.0498962402344,438.2117004394531,439.010009765625,114293
2025-09-30 14:10:00,438.2699890136719,438.57000732421875,437.7200012207031,438.239990234375,228647
2025-09-30 14:11:00,438.07501220703125,438.79998779296875,438.0299987792969,438.2699890136719,157342
2025-09-30 14:12:00,439.010986328125,439.2799072265625,438.05010986328125,438.21160888671875,136934
2025-09-30 14:13:00,439.0400085449219,439.19970703125,438.32000732421875,439.0574035644531,130543
2025-09-30 14:14:00,438.5315856933594,439.25,438.5299987792969,438.989990234375,99812
2025-09-30 14:15:00,438.85589599609375,439.09991455078125,438.29010009765625,438.5299987792969,112422
2025-09-30 14:16:00,439.2799987792969,439.6099853515625,438.8599853515625,438.94000244140625,201694
2025-09-30 14:17:00,439.04998779296875,439.3900146484375,438.8900146484375,439.25,126594
2025-09-30 14:18:00,438.8800048828125,439.2300109863281,438.6000061035156,439.04998779296875,135289
2025-09-30 14:19:00,438.2522888183594,439.0,438.0820007324219,438.9200134277344,150273
2025-09-30 14:20:00,438.5050964355469,438.8399963378906,437.989990234375,438.2799987792969,118299
2025-09-30 14:21:00,438.4750061035156,438.7200012207031,438.36199951171875,438.5,60787
2025-09-30 14:22:00,438.69500732421875,439.2300109863281,438.2749938964844,438.5,135473
2025-09-30 14:23:00,438.1300048828125,438.7149963378906,437.82000732421875,438.7149963378906,161413
2025-09-30 14:24:00,438.1549987792969,438.45989990234375,437.94000244140625,438.1109924316406,104227
2025-09-30 14:25:00,438.0950012207031,438.6000061035156,437.8450012207031,438.1600036621094,148816
2025-09-30 14:26:00,437.6300048828125,438.159912109375,437.4800109863281,438.1003112792969,184586
2025-09-30 14:27:00,438.1889953613281,438.3800048828125,437.5799865722656,437.6700134277344,134321
2025-09-30 14:28:00,438.2699890136719,438.9486083984375,438.0799865722656,438.1759948730469,178125
2025-09-30 14:29:00,438.6600036621094,438.7091064453125,438.239990234375,438.30499267578125,127035
2025-09-30 14:30:00,438.9599914550781,439.010009765625,438.3211975097656,438.6449890136719,153105
2025-09-30 14:31:00,439.0249938964844,439.1109924316406,438.54010009765625,439.0098876953125,100727
2025-09-30 14:32:00,439.04998779296875,439.1099853515625,438.6000061035156,439.0350036621094,85327
2025-09-30 14:33:00,438.4200134277344,439.2699890136719,438.29998779296875,439.0719909667969,114675
2025-09-30 14:34:00,438.17999267578125,438.7900085449219,438.1600036621094,438.4100036621094,102289
2025-09-30 14:35:00,438.5299987792969,438.6299133300781,438.1099853515625,438.18499755859375,94246
2025-09-30 14:36:00,438.1499938964844,438.75830078125,438.07000732421875,438.5150146484375,88105
2025-09-30 14:37:00,438.0700988769531,438.2699890136719,437.8800048828125,438.1900939941406,128742
2025-09-30 14:38:00,437.0317077636719,438.1400146484375,436.94000244140625,438.1001892089844,223008
2025-09-30 14:39:00,437.1130065917969,437.2749938964844,436.8699951171875,437.0,224956
2025-09-30 14:40:00,436.8949890136719,437.2699890136719,436.7799987792969,437.1000061035156,158094
2025-09-30 14:41:00,437.70001220703125,437.70001220703125,436.8900146484375,436.908203125,205127
2025-09-30 14:42:00,437.1099853515625,438.0,437.0148010253906,437.75,142591
2025-09-30 14:43:00,437.2900085449219,437.5150146484375,437.0,437.05999755859375,108464
2025-09-30 14:44:00,438.4606018066406,438.54998779296875,437.2488098144531,437.2900085449219,192032
2025-09-30 14:45:00,438.3858947753906,438.6000061035156,438.2799987792969,438.4800109863281,146381
2025-09-30 14:46:00,438.1300048828125,438.6000061035156,438.05010986328125,438.3599853515625,149088
2025-09-30 14:47:00,438.17279052734375,438.4999084472656,438.1000061035156,438.11199951171875,74465
2025-09-30 14:48:00,438.6528015136719,438.739990234375,438.2149963378906,438.2200012207031,152902
2025-09-30 14:49:00,438.7300109863281,438.8999938964844,438.5,438.6600036621094,115375
2025-09-30 14:50:00,438.7590026855469,438.79998779296875,438.3999938964844,438.70001220703125,99201
2025-09-30 14:51:00,438.989990234375,439.260009765625,438.7427978515625,438.7427978515625,185652
2025-09-30 14:52:00,439.0870056152344,439.2691955566406,438.7200927734375,439.04998779296875,122612
2025-09-30 14:53:00,439.29779052734375,439.45001220703125,438.9100036621094,439.0899963378906,141879
2025-09-30 14:54:00,438.87451171875,439.3999938964844,438.7300109863281,439.3399963378906,110436
2025-09-30 14:55:00,440.0,440.19000244140625,438.9200134277344,438.9200134277344,217714
2025-09-30 14:56:00,439.739990234375,439.9784851074219,439.4606018066406,439.9784851074219,112858
2025-09-30 14:57:00,439.630615234375,439.94989013671875,439.4599914550781,439.75738525390625,92878
2025-09-30 14:58:00,439.7687072753906,439.7687072753906,439.2200012207031,439.5849914550781,116218
2025-09-30 14:59:00,439.9750061035156,440.2099914550781,439.69000244140625,439.7099914550781,166813
2025-09-30 15:00:00,440.6799011230469,440.7998962402344,439.95001220703125,439.9635009765625,221739
2025-09-30 15:01:00,440.310302734375,440.75,440.30999755859375,440.5909118652344,149924
2025-09-30 15:02:00,439.73779296875,440.447998046875,439.6700134277344,440.3500061035156,136208
2025-09-30 15:03:00,439.5940856933594,439.8699035644531,439.5299987792969,439.7200012207031,94072
2025-09-30 15:04:00,439.9599914550781,440.05999755859375,439.4599914550781,439.5899963378906,107811
2025-09-30 15:05:00,439.8399963378906,440.1899108886719,439.6000061035156,439.9849853515625,101123
2025-09-30 15:06:00,439.5726013183594,439.9429016113281,439.3900146484375,439.8399963378906,83390
2025-09-30 15:07:00,439.5000915527344,439.8399963378906,439.28009033203125,439.57000732421875,83946
2025-09-30 15:08:00,439.7041015625,439.7799987792969,439.44000244140625,439.57000732421875,54397
2025-09-30 15:09:00,439.44500732421875,439.7200012207031,439.3677978515625,439.69500732421875,53946
2025-09-30 15:10:00,439.2373962402344,439.5981140136719,439.1400146484375,439.5150146484375,73791
2025-09-30 15:11:00,439.0968017578125,439.2449951171875,438.9200134277344,439.2449951171875,116471
2025-09-30 15:12:00,439.4544982910156,439.54998779296875,438.9800109863281,439.1300048828125,96156
2025-09-30 15:13:00,439.3577880859375,439.6499938964844,439.302001953125,439.4400939941406,92914
2025-09-30 15:14:00,439.0450134277344,439.385009765625,438.8599853515625,439.385009765625,105686
2025-09-30 15:15:00,439.239990234375,439.3500061035156,438.8999938964844,439.05999755859375,95095
2025-09-30 15:16:00,439.068603515625,439.3500061035156,438.80999755859375,439.239990234375,85340
2025-09-30 15:17:00,438.69000244140625,439.1099853515625,438.6600036621094,439.07000732421875,103864
2025-09-30 15:18:00,438.6050109863281,438.7699890136719,438.44000244140625,438.694091796875,106389
2025-09-30 15:19:00,438.32769775390625,438.6199035644531,438.29998779296875,438.5799865722656,102584
2025-09-30 15:20:00,438.010009765625,438.6000061035156,437.6199951171875,438.32000732421875,176801
2025-09-30 15:21:00,438.1817932128906,438.2200012207031,437.9020080566406,437.98590087890625,90584
2025-09-30 15:22:00,438.1300048828125,438.3599853515625,438.1000061035156,438.1700134277344,78254
2025-09-30 15:23:00,437.9200134277344,438.2898864746094,437.73028564453125,438.10101318359375,106819
2025-09-30 15:24:00,437.6300048828125,437.9700012207031,437.610107421875,437.9045104980469,113567
2025-09-30 15:25:00,437.79681396484375,437.9800109863281,437.4649963378906,437.6449890136719,122559
2025-09-30 15:26:00,437.885009765625,438.0,437.6000061035156,437.7799987792969,82569
2025-09-30 15:27:00,437.3699951171875,438.1299133300781,437.1000061035156,437.8949890136719,179610
2025-09-30 15:28:00,437.8857116699219,437.92999267578125,437.3380126953125,437.3500061035156,116739
2025-09-30 15:29:00,437.9750061035156,438.2200012207031,437.760009765625,437.9150085449219,142896
2025-09-30 15:30:00,438.2149963378906,438.3500061035156,437.8599853515625,437.92999267578125,91596
2025-09-30 15:31:00,438.1650085449219,438.3500061035156,437.94500732421875,438.2383117675781,99323
2025-09-30 15:32:00,438.0150146484375,438.20001220703125,437.8599853515625,438.1650085449219,49186
2025-09-30 15:33:00,437.5799865722656,438.1000061035156,437.5299987792969,438.05999755859375,79167
2025-09-30 15:34:00,437.8500061035156,437.8999938964844,437.5,437.55841064453125,80104
2025-09-30 15:35:00,436.20849609375,437.95001220703125,436.1000061035156,437.8999938964844,270148
2025-09-30 15:36:00,436.7799987792969,436.7799987792969,436.1600036621094,436.17999267578125,164278
2025-09-30 15:37:00,435.4198913574219,436.7499084472656,435.239990234375,436.69000244140625,279909
2025-09-30 15:38:00,434.6600036621094,435.81890869140625,434.6000061035156,435.3800048828125,378133
2025-09-30 15:39:00,433.7550048828125,434.81988525390625,433.65008544921875,434.6600036621094,357685
2025-09-30 15:40:00,433.5400085449219,434.20001220703125,433.29998779296875,433.760009765625,342374
2025-09-30 15:41:00,433.36041259765625,434.19000244140625,433.3599853515625,433.5400085449219,332687
2025-09-30 15:42:00,434.0516052246094,434.2080078125,433.1199951171875,433.4200134277344,236123
2025-09-30 15:43:00,434.2192077636719,434.4599914550781,433.75,434.0794982910156,257198
2025-09-30 15:44:00,435.0058898925781,435.1000061035156,434.19580078125,434.2200012207031,239643
2025-09-30 15:45:00,435.739990234375,435.75,434.989990234375,435.0118103027344,217621
2025-09-30 15:46:00,435.3891906738281,435.75,435.04998779296875,435.6850891113281,176790
2025-09-30 15:47:00,434.6300048828125,435.42999267578125,434.6099853515625,435.3999938964844,161078
2025-09-30 15:48:00,435.1050109863281,435.25,434.6199951171875,434.635009765625,131116
2025-09-30 15:49:00,435.19189453125,435.4700012207031,434.8200988769531,435.1099853515625,120325
2025-09-30 15:50:00,435.1400146484375,435.6986999511719,435.03009033203125,435.19000244140625,131238
2025-09-30 15:51:00,435.42999267578125,435.4798889160156,434.9200134277344,435.1400146484375,86986
2025-09-30 15:52:00,435.3299865722656,435.6365966796875,435.2001037597656,435.3999938964844,103393
2025-09-30 15:53:00,435.0650939941406,435.6400146484375,435.0,435.3299865722656,147730
2025-09-30 15:54:00,435.4200134277344,435.44000244140625,434.9700012207031,435.05999755859375,83252
2025-09-30 15:55:00,435.32000732421875,435.6199951171875,435.15008544921875,435.42999267578125,75726
2025-09-30 15:56:00,434.6054992675781,435.32000732421875,434.5299987792969,435.32000732421875,127636
2025-09-30 15:57:00,435.3999938964844,435.54998779296875,434.614990234375,434.614990234375,112189
2025-09-30 15:58:00,435.2749938964844,435.7200012207031,435.1499938964844,435.3999938964844,103087
2025-09-30 15:59:00,435.4649963378906,435.489990234375,435.20001220703125,435.260009765625,63574
2025-09-30 16:00:00,435.43499755859375,435.75,435.3349914550781,435.489990234375,102357
2025-09-30 16:01:00,435.89898681640625,436.08990478515625,434.9700012207031,435.3399963378906,142276
2025-09-30 16:02:00,435.2099914550781,435.9198913574219,435.0,435.8949890136719,99273
2025-09-30 16:03:00,435.0249938964844,435.44000244140625,434.90240478515625,435.260009765625,95338
2025-09-30 16:04:00,435.0849914550781,435.1600036621094,434.80999755859375,434.9540100097656,49118
2025-09-30 16:05:00,435.2449951171875,435.33428955078125,434.9100036621094,435.1050109863281,70915
2025-09-30 16:06:00,435.3500061035156,435.55999755859375,435.07000732421875,435.2388000488281,66605
2025-09-30 16:07:00,435.69000244140625,435.7900085449219,435.3599853515625,435.4100036621094,66117
2025-09-30 16:08:00,435.1272888183594,435.7799987792969,435.1272888183594,435.68011474609375,81315
2025-09-30 16:09:00,435.02978515625,435.29998779296875,434.80999755859375,435.1600036621094,95111
2025-09-30 16:10:00,434.9049987792969,435.0538024902344,434.67010498046875,435.0199890136719,99340
2025-09-30 16:11:00,435.0350036621094,435.06781005859375,434.510009765625,434.9100036621094,79053
2025-09-30 16:12:00,435.0,435.0799865722656,434.70001220703125,435.0400085449219,84346
2025-09-30 16:13:00,434.8800048828125,435.010009765625,434.6000061035156,435.0079040527344,69477
2025-09-30 16:14:00,435.1400146484375,435.260009765625,434.7799987792969,434.8500061035156,63026
2025-09-30 16:15:00,434.97808837890625,435.4800109863281,434.8699951171875,435.1499938964844,98002
2025-09-30 16:16:00,434.81689453125,435.0350036621094,434.6099853515625,434.97808837890625,60962
2025-09-30 16:17:00,434.95001220703125,435.0400085449219,434.70001220703125,434.8800048828125,58466
2025-09-30 16:18:00,435.0249938964844,435.04998779296875,434.7699890136719,434.89910888671875,47815
2025-09-30 16:19:00,435.0917053222656,435.2226867675781,434.8900146484375,435.0299987792969,67609
2025-09-30 16:20:00,435.510009765625,435.6099853515625,435.04998779296875,435.04998779296875,81936
2025-09-30 16:21:00,436.0799865722656,436.1299133300781,435.2799987792969,435.4849853515625,164209
2025-09-30 16:22:00,435.54998779296875,436.20001220703125,435.5299987792969,435.9800109863281,122699
2025-09-30 16:23:00,435.5799865722656,435.6400146484375,435.3299865722656,435.6026916503906,94352
2025-09-30 16:24:00,435.2799987792969,435.6499938964844,435.19000244140625,435.57000732421875,109474
2025-09-30 16:25:00,435.14990234375,435.5126953125,435.0299987792969,435.3399963378906,88103
2025-09-30 16:26:00,434.8799133300781,435.1300964355469,434.79998779296875,435.1300964355469,87785
2025-09-30 16:27:00,434.864990234375,435.010009765625,434.6499938964844,434.8299865722656,91094
2025-09-30 16:28:00,435.0899963378906,435.20001220703125,434.8399963378906,434.889892578125,71439
2025-09-30 16:29:00,434.8900146484375,435.2349853515625,434.82000732421875,435.09210205078125,65714
2025-09-30 16:30:00,435.4200134277344,435.57000732421875,434.7900085449219,434.79998779296875,89666
2025-09-30 16:31:00,435.4599914550781,435.5899963378906,435.239990234375,435.4200134277344,64342
2025-09-30 16:32:00,435.56878662109375,435.7331848144531,435.45001220703125,435.4849853515625,72245
2025-09-30 16:33:00,435.510009765625,435.6499938964844,435.4100036621094,435.5899963378906,53147
2025-09-30 16:34:00,435.64208984375,435.6700134277344,435.42999267578125,435.55499267578125,49554
2025-09-30 16:35:00,435.69000244140625,435.8900146484375,435.57049560546875,435.6400146484375,67937
2025-09-30 16:36:00,435.6600036621094,435.79998779296875,435.5199890136719,435.69000244140625,51913
2025-09-30 16:37:00,435.5104064941406,435.69000244140625,435.4501037597656,435.6449890136719,48945
2025-09-30 16:38:00,435.3900146484375,435.77899169921875,435.3699951171875,435.5350036621094,51876
2025-09-30 16:39:00,435.3500061035156,435.44000244140625,435.2200012207031,435.3999938964844,36219
2025-09-30 16:40:00,435.3299865722656,435.5400085449219,435.2817077636719,435.3900146484375,39413
2025-09-30 16:41:00,435.489990234375,435.7200012207031,435.4150085449219,435.4150085449219,47735
2025-09-30 16:42:00,435.4100036621094,435.5994873046875,435.1700134277344,435.510009765625,52887
2025-09-30 16:43:00,435.3500061035156,435.75,435.2799987792969,435.4150085449219,56296
2025-09-30 16:44:00,436.0474853515625,436.1600036621094,435.3500061035156,435.3699035644531,89271
2025-09-30 16:45:00,436.2349853515625,436.489990234375,436.0138854980469,436.06500244140625,117976
2025-09-30 16:46:00,436.1600036621094,436.29998779296875,435.9800109863281,436.2099914550781,73012
2025-09-30 16:47:00,436.3500061035156,436.44000244140625,436.0600891113281,436.1427001953125,57340
2025-09-30 16:48:00,436.2235107421875,436.4049987792969,436.1199951171875,436.3299865722656,55883
2025-09-30 16:49:00,436.2099914550781,436.44989013671875,436.0899963378906,436.2049865722656,62423
2025-09-30 16:50:00,436.1344909667969,436.4396057128906,436.05999755859375,436.2200012207031,46553
2025-09-30 16:51:00,436.32501220703125,436.41461181640625,436.0,436.17999267578125,42521
2025-09-30 16:52:00,436.4200134277344,436.46990966796875,436.2699890136719,436.3299865722656,49684
2025-09-30 16:53:00,436.5473937988281,436.6600036621094,436.20001220703125,436.42999267578125,83749
2025-09-30 16:54:00,436.5,436.6050109863281,436.3500061035156,436.5249938964844,62992
2025-09-30 16:55:00,436.0,436.55999755859375,435.9100036621094,436.5199890136719,103843
2025-09-30 16:56:00,435.8699951171875,436.07000732421875,435.7200012207031,435.9800109863281,80838
2025-09-30 16:57:00,435.89990234375,436.0199890136719,435.8100891113281,435.9800109863281,49525
2025-09-30 16:58:00,435.69061279296875,435.989990234375,434.8214111328125,435.92498779296875,281487
2025-09-30 16:59:00,436.80340576171875,437.1400146484375,435.65008544921875,435.7200012207031,216113
2025-09-30 17:00:00,436.5,436.81500244140625,436.3299865722656,436.81500244140625,89006
2025-09-30 17:01:00,436.9659118652344,436.9999084472656,436.44000244140625,436.510009765625,87773
2025-09-30 17:02:00,437.1051940917969,437.2413024902344,436.7799987792969,436.9700012207031,95733
2025-09-30 17:03:00,436.6499938964844,437.1099853515625,436.5419921875,437.1000061035156,67644
2025-09-30 17:04:00,436.5740051269531,436.71990966796875,436.35009765625,436.5799865722656,74880
2025-09-30 17:05:00,437.1300048828125,437.1600036621094,436.5899963378906,436.5899963378906,77850
2025-09-30 17:06:00,436.964111328125,437.1455078125,436.9197082519531,437.1199951171875,76137
2025-09-30 17:07:00,437.44000244140625,437.5,436.92999267578125,436.989990234375,100410
2025-09-30 17:08:00,437.2145080566406,437.5050048828125,437.1000061035156,437.4800109863281,85824
2025-09-30 17:09:00,437.614990234375,437.6700134277344,437.22149658203125,437.2250061035156,99630
2025-09-30 17:10:00,437.2900085449219,437.6700134277344,437.25,437.6050109863281,88012
2025-09-30 17:11:00,437.3699951171875,437.39990234375,436.8900146484375,437.28131103515625,98178
2025-09-30 17:12:00,437.3349914550781,437.489990234375,437.0899963378906,437.3399963378906,48881
2025-09-30 17:13:00,437.6409912109375,437.8450012207031,437.30010986328125,437.3349914550781,95576
2025-09-30 17:14:00,437.5400085449219,437.8399963378906,437.5400085449219,437.6300964355469,76705
2025-09-30 17:15:00,437.6050109863281,437.77960205078125,437.39300537109375,437.5199890136719,78995
2025-09-30 17:16:00,437.625,437.9200134277344,437.220703125,437.6099853515625,131776
2025-09-30 17:17:00,437.4385070800781,437.70001220703125,437.3800964355469,437.631591796875,70634
2025-09-30 17:18:00,437.6300048828125,437.8211975097656,437.29998779296875,437.4399108886719,80093
2025-09-30 17:19:00,437.5299987792969,437.79998779296875,437.3949890136719,437.6000061035156,55191
2025-09-30 17:20:00,437.489990234375,437.69000244140625,437.35009765625,437.5580139160156,39115
2025-09-30 17:21:00,436.9801025390625,437.5,436.80999755859375,437.5,95282
2025-09-30 17:22:00,437.2669982910156,437.30999755859375,436.8500061035156,437.0199890136719,79548
2025-09-30 17:23:00,436.8700866699219,437.2799987792969,436.8299865722656,437.2799987792969,56388
2025-09-30 17:24:00,436.48699951171875,436.989990234375,436.4200134277344,436.90838623046875,101880
2025-09-30 17:25:00,436.535888671875,436.760009765625,436.4700012207031,436.4849853515625,62831
2025-09-30 17:26:00,436.2799987792969,436.5899963378906,436.25,436.5199890136719,84431
2025-09-30 17:27:00,436.5050964355469,436.5580139160156,436.1700134277344,436.260009765625,54526
2025-09-30 17:28:00,436.8299865722656,436.8299865722656,436.45001220703125,436.5299987792969,83345
2025-09-30 17:29:00,437.4599914550781,437.5498962402344,436.7099914550781,436.80999755859375,106940
2025-09-30 17:30:00,436.9049987792969,437.5,436.82000732421875,437.5,97982
2025-09-30 17:31:00,436.6000061035156,436.96990966796875,436.4501037597656,436.92999267578125,91173
2025-09-30 17:32:00,436.5,436.8800048828125,436.5,436.5979919433594,68956
2025-09-30 17:33:00,436.6300048828125,436.80999755859375,436.4800109863281,436.4800109863281,47108
2025-09-30 17:34:00,436.6050109863281,436.8500061035156,436.5199890136719,436.6300048828125,64792
2025-09-30 17:35:00,436.7373046875,436.8594970703125,436.55999755859375,436.6300048828125,42925
2025-09-30 17:36:00,436.5672912597656,436.760009765625,436.4497985839844,436.70001220703125,36145
2025-09-30 17:37:00,437.0050964355469,437.1189880371094,436.4815979003906,436.55010986328125,67923
2025-09-30 17:38:00,436.7300109863281,437.1050109863281,436.610107421875,436.9800109863281,59985
2025-09-30 17:39:00,436.80999755859375,436.8599853515625,436.51519775390625,436.70001220703125,43123
2025-09-30 17:40:00,436.7701110839844,436.89849853515625,436.67840576171875,436.82000732421875,35748
2025-09-30 17:41:00,437.3999938964844,437.3999938964844,436.6748962402344,436.760009765625,74867
2025-09-30 17:42:00,437.67498779296875,437.7149963378906,437.3299865722656,437.3900146484375,119785
2025-09-30 17:43:00,437.7474060058594,438.0299987792969,437.6400146484375,437.70001220703125,122502
2025-09-30 17:44:00,437.6400146484375,438.1499938964844,437.57000732421875,437.7699890136719,86050
2025-09-30 17:45:00,437.9800109863281,438.01409912109375,437.510009765625,437.6099853515625,69031
2025-09-30 17:46:00,438.42999267578125,438.42999267578125,437.9599914550781,437.9599914550781,114142
2025-09-30 17:47:00,438.6960144042969,438.7598876953125,438.35009765625,438.42999267578125,109173
2025-09-30 17:48:00,438.8799133300781,439.0,438.5899963378906,438.7200012207031,116837
2025-09-30 17:49:00,438.95001220703125,439.010009765625,438.7099914550781,438.889892578125,88847
2025-09-30 17:50:00,439.625,439.7200927734375,438.9372863769531,438.94000244140625,204775
2025-09-30 17:51:00,439.6400146484375,439.7799987792969,439.54010009765625,439.6199951171875,138102
2025-09-30 17:52:00,439.18499755859375,439.6499938964844,439.1300964355469,439.6300048828125,158353
2025-09-30 17:53:00,439.4598083496094,439.4598083496094,439.16009521484375,439.18499755859375,70071
2025-09-30 17:54:00,439.32000732421875,439.57000732421875,439.2401123046875,439.45001220703125,98924
2025-09-30 17:55:00,439.1300048828125,439.57000732421875,439.07000732421875,439.3299865722656,106494
2025-09-30 17:56:00,438.3599853515625,439.2900085449219,438.252197265625,439.1300048828125,149941
2025-09-30 17:57:00,438.6050109863281,438.82000732421875,438.19000244140625,438.3349914550781,114307
2025-09-30 17:58:00,438.7427978515625,439.1400146484375,438.489990234375,438.6050109863281,107130
2025-09-30 17:59:00,438.3349914550781,438.8299865722656,438.2099914550781,438.760009765625,89050
2025-09-30 18:00:00,438.57000732421875,438.57000732421875,438.2799987792969,438.29998779296875,73399
2025-09-30 18:01:00,438.510009765625,438.739990234375,438.4100036621094,438.57000732421875,79862
2025-09-30 18:02:00,438.3299865722656,438.6545104980469,438.2401123046875,438.5006103515625,81043
2025-09-30 18:03:00,438.55999755859375,438.7799987792969,438.25,438.2701110839844,63689
2025-09-30 18:04:00,438.3800048828125,438.6097106933594,438.31060791015625,438.57000732421875,54772
2025-09-30 18:05:00,438.7149963378906,438.8299865722656,438.3800048828125,438.4150085449219,59793
2025-09-30 18:06:00,439.16009521484375,439.25,438.66009521484375,438.69000244140625,139122
2025-09-30 18:07:00,439.3900146484375,439.45001220703125,439.1401062011719,439.19000244140625,94482
2025-09-30 18:08:00,439.2950134277344,439.4700012207031,439.1700134277344,439.3959045410156,102361
2025-09-30 18:09:00,439.2250061035156,439.5,439.22021484375,439.2680969238281,71817
2025-09-30 18:10:00,439.53448486328125,439.6000061035156,439.2099914550781,439.26849365234375,69702
2025-09-30 18:11:00,439.5950012207031,439.760009765625,439.2099914550781,439.5199890136719,95270
2025-09-30 18:12:00,439.9100036621094,440.0799865722656,439.57000732421875,439.5950012207031,168005
2025-09-30 18:13:00,440.1050109863281,440.2099914550781,439.7620849609375,439.93829345703125,146543
2025-09-30 18:14:00,440.1499938964844,440.20001220703125,439.9200134277344,440.1400146484375,144148
2025-09-30 18:15:00,440.9100036621094,441.0899963378906,440.15411376953125,440.15411376953125,290666
2025-09-30 18:16:00,440.8681945800781,441.0,440.4707946777344,440.9100036621094,141860
2025-09-30 18:17:00,440.6499938964844,440.8999938964844,440.4505920410156,440.8999938964844,94010
2025-09-30 18:18:00,440.6839904785156,440.7799072265625,440.3599853515625,440.6300048828125,90830
2025-09-30 18:19:00,441.44000244140625,441.5,440.6199951171875,440.6600036621094,250701
2025-09-30 18:20:00,441.7900085449219,441.8500061035156,441.4100036621094,441.4700012207031,212178
2025-09-30 18:21:00,441.8699951171875,441.92999267578125,441.6000061035156,441.7850036621094,127333
2025-09-30 18:22:00,441.7699890136719,442.1698913574219,441.69000244140625,441.8699951171875,222679
2025-09-30 18:23:00,442.1802062988281,442.239990234375,441.6400146484375,441.739990234375,168291
2025-09-30 18:24:00,442.9200134277344,442.9800109863281,442.0299987792969,442.18499755859375,252239
2025-09-30 18:25:00,443.659912109375,443.75,442.8399963378906,442.8900146484375,363029
2025-09-30 18:26:00,444.29998779296875,444.3299865722656,443.4302062988281,443.635009765625,311399
2025-09-30 18:27:00,444.1199951171875,444.4100036621094,443.8699951171875,444.30499267578125,293348
2025-09-30 18:28:00,443.7149963378906,444.2040100097656,443.67999267578125,444.1099853515625,188249
2025-09-30 18:29:00,443.3900146484375,444.07000732421875,443.29998779296875,443.69219970703125,255871
2025-09-30 18:30:00,442.9700012207031,443.3500061035156,442.5899963378906,443.3500061035156,259499
2025-09-30 18:31:00,443.2804870605469,443.64990234375,442.9237976074219,442.96649169921875,181612
2025-09-30 18:32:00,443.2300109863281,443.3599853515625,442.92999267578125,443.30999755859375,127524
2025-09-30 18:33:00,443.20001220703125,443.3900146484375,442.9700012207031,443.2598876953125,113478
2025-09-30 18:34:00,442.9599914550781,443.4100036621094,442.9200134277344,443.18499755859375,118389
2025-09-30 18:35:00,443.1499938964844,443.4027099609375,442.82000732421875,442.9200134277344,119887
2025-09-30 18:36:00,443.0799865722656,443.3299865722656,442.8800048828125,443.1300048828125,79712
2025-09-30 18:37:00,443.1300048828125,443.5400085449219,442.8999938964844,443.1300048828125,163071
2025-09-30 18:38:00,443.5950012207031,443.8800048828125,442.94000244140625,443.1600036621094,148524
2025-09-30 18:39:00,443.3299865722656,443.6700134277344,443.29998779296875,443.6299133300781,83722
2025-09-30 18:40:00,442.92498779296875,443.6000061035156,442.8999938964844,443.29998779296875,140197
2025-09-30 18:41:00,442.7301025390625,443.1499938964844,442.7300109863281,442.8999938964844,130297
2025-09-30 18:42:00,443.0199890136719,443.1098937988281,442.7300109863281,442.7699890136719,94465
2025-09-30 18:43:00,443.114990234375,443.30999755859375,442.95001220703125,443.03021240234375,101155
2025-09-30 18:44:00,443.3299865722656,443.54998779296875,443.1807861328125,443.19000244140625,109986
2025-09-30 18:45:00,443.26019287109375,443.6000061035156,443.239990234375,443.33270263671875,128668
2025-09-30 18:46:00,443.0950012207031,443.3999938964844,442.95001220703125,443.2441101074219,88874
2025-09-30 18:47:00,443.6767883300781,443.70001220703125,442.8999938964844,443.0899963378906,130472
2025-09-30 18:48:00,443.04278564453125,443.94989013671875,443.0,443.6571960449219,168229
2025-09-30 18:49:00,443.31500244140625,443.3494873046875,443.010498046875,443.04998779296875,77481
2025-09-30 18:50:00,443.0902099609375,443.4189147949219,442.92999267578125,443.32989501953125,102893
2025-09-30 18:51:00,442.5,443.1098937988281,442.44000244140625,443.07000732421875,222422
2025-09-30 18:52:00,442.7449951171875,442.9200134277344,442.32000732421875,442.5050048828125,170653
2025-09-30 18:53:00,442.7650146484375,442.8948059082031,442.6300964355469,442.75,76892
2025-09-30 18:54:00,442.489990234375,442.7900085449219,442.3500061035156,442.7900085449219,80675
2025-09-30 18:55:00,441.8489990234375,442.489990234375,441.80999755859375,442.489990234375,205699
2025-09-30 18:56:00,441.8599853515625,442.1000061035156,441.7699890136719,441.864990234375,115707
2025-09-30 18:57:00,442.0398864746094,442.20001220703125,441.8299865722656,441.8299865722656,107258
2025-09-30 18:58:00,442.3800048828125,442.45989990234375,442.0299987792969,442.0299987792969,113302
2025-09-30 18:59:00,441.9700012207031,442.4399108886719,441.94000244140625,442.3634948730469,94011
2025-09-30 19:00:00,442.2226867675781,442.29998779296875,441.7900085449219,442.010009765625,125421
2025-09-30 19:01:00,442.23748779296875,442.5,442.1600036621094,442.20001220703125,89340
2025-09-30 19:02:00,442.2099914550781,442.25909423828125,441.8872985839844,442.2167053222656,90388
2025-09-30 19:03:00,442.6400146484375,442.6499938964844,442.05999755859375,442.2200012207031,157378
2025-09-30 19:04:00,442.2749938964844,442.6400146484375,442.1199951171875,442.6050109863281,96331
2025-09-30 19:05:00,442.33990478515625,442.5299987792969,442.1300048828125,442.30999755859375,87631
2025-09-30 19:06:00,442.44000244140625,442.70001220703125,442.3500061035156,442.3500061035156,85828
2025-09-30 19:07:00,442.94000244140625,442.9700012207031,442.239990234375,442.45001220703125,108535
2025-09-30 19:08:00,442.864990234375,443.2799987792969,442.80999755859375,442.8999938964844,177033
2025-09-30 19:09:00,442.8599853515625,443.1299133300781,442.79998779296875,442.8699951171875,88258
2025-09-30 19:10:00,442.5212097167969,442.8900146484375,442.42041015625,442.8800048828125,107774
2025-09-30 19:11:00,442.2500915527344,442.5987854003906,442.1000061035156,442.54998779296875,99627
2025-09-30 19:12:00,442.2900085449219,442.364990234375,442.04998779296875,442.2699890136719,81260
2025-09-30 19:13:00,441.54998779296875,442.3299865722656,441.510009765625,442.260009765625,130022
2025-09-30 19:14:00,441.44000244140625,441.639404296875,441.3599853515625,441.54998779296875,127734
2025-09-30 19:15:00,441.3500061035156,441.6000061035156,441.2550048828125,441.4383850097656,119898
2025-09-30 19:16:00,441.3800964355469,441.67999267578125,441.3450012207031,441.375,97762
2025-09-30 19:17:00,441.4115905761719,441.7044982910156,441.3299865722656,441.375,95188
2025-09-30 19:18:00,441.5450134277344,441.94000244140625,441.3999938964844,441.4049987792969,150149
2025-09-30 19:19:00,441.6700134277344,441.79998779296875,441.468994140625,441.510009765625,80036
2025-09-30 19:20:00,441.92999267578125,441.989990234375,441.5899963378906,441.6199951171875,87146
2025-09-30 19:21:00,442.2250061035156,442.260009765625,441.71160888671875,441.92999267578125,118079
2025-09-30 19:22:00,442.4200134277344,442.639892578125,442.20001220703125,442.206298828125,137324
2025-09-30 19:23:00,442.53009033203125,442.6299133300781,442.3999938964844,442.44000244140625,83881
2025-09-30 19:24:00,442.9649963378906,443.0398864746094,442.4901123046875,442.55999755859375,125430
2025-09-30 19:25:00,443.30999755859375,443.3999938964844,442.860107421875,442.95001220703125,188274
2025-09-30 19:26:00,443.69500732421875,443.7499084472656,443.239990234375,443.2749938964844,195397
2025-09-30 19:27:00,444.1199951171875,444.17999267578125,443.6344909667969,443.69000244140625,212891
2025-09-30 19:28:00,444.1499938964844,444.1698913574219,443.80999755859375,444.1050109863281,140520
2025-09-30 19:29:00,444.0400085449219,444.25,443.8500061035156,444.1549987792969,151147
2025-09-30 19:30:00,444.07598876953125,444.20001220703125,443.6600036621094,444.0299987792969,169537
2025-09-30 19:31:00,444.24969482421875,444.4100036621094,444.010009765625,444.09161376953125,182463
2025-09-30 19:32:00,444.409912109375,444.44000244140625,444.0,444.2499084472656,151005
2025-09-30 19:33:00,444.0,444.4200134277344,443.989990234375,444.3916931152344,132011
2025-09-30 19:34:00,443.6673889160156,444.1000061035156,443.5849914550781,444.07000732421875,171180
2025-09-30 19:35:00,443.7799987792969,443.79998779296875,443.57000732421875,443.7099914550781,126276
2025-09-30 19:36:00,444.0,444.17999267578125,443.739990234375,443.7604064941406,163354
2025-09-30 19:37:00,444.0198974609375,444.1600036621094,443.7705078125,444.010009765625,107538
2025-09-30 19:38:00,443.9750061035156,444.1600036621094,443.8399963378906,444.0050048828125,104506
2025-09-30 19:39:00,443.75,444.06500244140625,443.7200012207031,443.9599914550781,100557
2025-09-30 19:40:00,443.1400146484375,443.8500061035156,443.0,443.7300109863281,226245
2025-09-30 19:41:00,443.45001220703125,443.5459899902344,443.0199890136719,443.1499938964844,133100
2025-09-30 19:42:00,443.3699951171875,443.5299987792969,443.25,443.4999084472656,77234
2025-09-30 19:43:00,443.4200134277344,443.4800109863281,443.20001220703125,443.3999938964844,95698
2025-09-30 19:44:00,443.3800048828125,443.4549865722656,443.2799987792969,443.3800048828125,57830
2025-09-30 19:45:00,444.002685546875,444.0400085449219,443.3450012207031,443.3800048828125,180960
2025-09-30 19:46:00,443.86029052734375,444.260009765625,443.86029052734375,443.9700012207031,162472
2025-09-30 19:47:00,443.4495849609375,443.885009765625,443.42999267578125,443.8800048828125,134340
2025-09-30 19:48:00,443.6099853515625,443.75,443.2799987792969,443.4599914550781,172605
2025-09-30 19:49:00,443.5799865722656,443.6400146484375,443.3457946777344,443.6300048828125,112208
2025-09-30 19:50:00,443.6015930175781,443.989990234375,443.30999755859375,443.54998779296875,157645
2025-09-30 19:51:00,444.00030517578125,444.0979919433594,443.6099853515625,443.6499938964844,168297
2025-09-30 19:52:00,444.1700134277344,444.1899108886719,443.8800048828125,444.0400085449219,147522
2025-09-30 19:53:00,444.6600036621094,444.739990234375,444.06500244140625,444.1400146484375,305007
2025-09-30 19:54:00,444.7406005859375,444.82000732421875,444.3999938964844,444.6700134277344,250761
2025-09-30 19:55:00,444.79998779296875,445.0,444.6236877441406,444.7200012207031,272965
2025-09-30 19:56:00,444.6872863769531,444.95001220703125,444.6505126953125,444.760009765625,209483
2025-09-30 19:57:00,444.75,444.8599853515625,444.55010986328125,444.7099914550781,199957
2025-09-30 19:58:00,444.71600341796875,444.79998779296875,444.6099853515625,444.7799987792969,238883
2025-09-30 19:59:00,444.5400085449219,444.8299865722656,444.5400085449219,444.70001220703125,527177
2025-10-01 13:30:00,443.0000915527344,446.1430969238281,443.0,443.739990234375,2002361
2025-10-01 13:31:00,442.17498779296875,443.78619384765625,441.8750915527344,443.0299987792969,395199
2025-10-01 13:32:00,441.2362060546875,442.4599914550781,440.760009765625,442.19000244140625,369219
2025-10-01 13:33:00,442.4700012207031,442.57000732421875,440.8999938964844,441.2875061035156,262907
2025-10-01 13:34:00,442.33990478515625,442.889892578125,441.6000061035156,442.4700012207031,276687
2025-10-01 13:35:00,444.0050048828125,444.1300048828125,442.18011474609375,442.18011474609375,418686
2025-10-01 13:36:00,445.4200134277344,445.55999755859375,443.3599853515625,444.04998779296875,495406
2025-10-01 13:37:00,446.44000244140625,446.8800048828125,445.05010986328125,445.3900146484375,533200
2025-10-01 13:38:00,448.17999267578125,448.2398986816406,446.3666076660156,446.3951110839844,648980
2025-10-01 13:39:00,448.2947082519531,449.5,447.94781494140625,448.239990234375,680757
2025-10-01 13:40:00,446.5574035644531,448.3299865722656,446.4750061035156,448.2900085449219,527111
2025-10-01 13:41:00,447.17999267578125,447.54510498046875,446.2200012207031,446.56500244140625,339870
2025-10-01 13:42:00,445.60888671875,447.34991455078125,445.00469970703125,447.2149963378906,421232
2025-10-01 13:43:00,446.5537109375,446.6799011230469,445.44000244140625,445.7200012207031,257788
2025-10-01 13:44:00,446.9100036621094,446.989990234375,446.0101013183594,446.5799865722656,223704
2025-10-01 13:45:00,447.68499755859375,448.1199951171875,446.8999938964844,446.9100036621094,395981
2025-10-01 13:46:00,448.18499755859375,448.4512939453125,447.35009765625,447.6099853515625,356377
2025-10-01 13:47:00,447.87109375,448.3900146484375,447.32000732421875,448.18499755859375,319884
2025-10-01 13:48:00,447.19000244140625,448.17999267578125,446.61260986328125,448.0,332699
2025-10-01 13:49:00,446.2550048828125,447.4200134277344,445.88031005859375,447.0899963378906,344748
2025-10-01 13:50:00,447.2799987792969,447.3699951171875,445.70001220703125,446.2200012207031,287268
2025-10-01 13:51:00,447.7203063964844,448.20001220703125,447.05010986328125,447.1330871582031,324891
2025-10-01 13:52:00,447.1600036621094,448.6000061035156,446.3299865722656,447.7349853515625,528977
2025-10-01 13:53:00,447.5299987792969,447.5799865722656,446.3092956542969,447.1199951171875,196596
2025-10-01 13:54:00,446.7449951171875,447.6700134277344,446.4154968261719,447.54998779296875,173120
2025-10-01 13:55:00,446.6600036621094,446.8999938964844,446.1300048828125,446.69000244140625,192997
2025-10-01 13:56:00,446.3399963378906,447.0,446.0899963378906,446.6000061035156,168704
2025-10-01 13:57:00,445.9700012207031,446.7410888671875,445.89471435546875,446.489990234375,194407
2025-10-01 13:58:00,445.375,445.95001220703125,444.8554992675781,445.94000244140625,325312
2025-10-01 13:59:00,445.79998779296875,445.9299011230469,444.95001220703125,445.4100036621094,203999
2025-10-01 14:00:00,445.82000732421875,445.92999267578125,445.1499938964844,445.7200012207031,160536
2025-10-01 14:01:00,446.57501220703125,446.6499938964844,445.23040771484375,445.7900085449219,218883
2025-10-01 14:02:00,446.1225891113281,447.32000732421875,446.10009765625,446.6799011230469,328122
2025-10-01 14:03:00,445.79998779296875,446.57000732421875,445.70001220703125,446.2300109863281,216052
2025-10-01 14:04:00,446.739990234375,446.84991455078125,445.8399963378906,445.8399963378906,152026
2025-10-01 14:05:00,447.29901123046875,447.3599853515625,446.25,446.7300109863281,271222
2025-10-01 14:06:00,446.2149963378906,447.5899963378906,446.10430908203125,447.34991455078125,246227
2025-10-01 14:07:00,446.2699890136719,446.77960205078125,446.2349853515625,446.25,109718
2025-10-01 14:08:00,447.5400085449219,447.6300048828125,446.1099853515625,446.2799987792969,222775
2025-10-01 14:09:00,449.2699890136719,449.28759765625,447.489990234375,447.5600891113281,480100
2025-10-01 14:10:00,450.2200012207031,450.489990234375,448.9100036621094,449.239990234375,853796
2025-10-01 14:11:00,449.1600036621094,450.2349853515625,448.79998779296875,450.19061279296875,351116
2025-10-01 14:12:00,449.3454895019531,449.54998779296875,448.70001220703125,449.1600036621094,271320
2025-10-01 14:13:00,449.885498046875,449.92999267578125,448.7099914550781,449.3500061035156,239407
2025-10-01 14:14:00,450.6700134277344,450.7099914550781,449.5799865722656,449.9100036621094,391448
2025-10-01 14:15:00,449.9150085449219,450.8800048828125,449.7001037597656,450.6499938964844,368261
2025-10-01 14:16:00,450.1579895019531,450.34991455078125,449.29998779296875,449.92999267578125,242993
2025-10-01 14:17:00,450.3599853515625,450.44000244140625,449.739990234375,450.135009765625,197884
2025-10-01 14:18:00,450.0199890136719,450.739990234375,449.4100036621094,450.3949890136719,289823
2025-10-01 14:19:00,452.4849853515625,452.6600036621094,450.0199890136719,450.0350036621094,707908
2025-10-01 14:20:00,453.8800048828125,454.0299987792969,452.3999938964844,452.4849853515625,660031
2025-10-01 14:21:00,454.4400939941406,454.79998779296875,453.8291931152344,453.8699951171875,496480
2025-10-01 14:22:00,454.06890869140625,454.67999267578125,453.2701110839844,454.44000244140625,469371
2025-10-01 14:23:00,454.301513671875,454.6000061035156,453.6600036621094,454.1000061035156,355733
2025-10-01 14:24:00,454.5614013671875,454.94000244140625,453.8599853515625,454.2699890136719,301253
2025-10-01 14:25:00,455.7416076660156,455.8599853515625,454.5600891113281,454.6098937988281,584030
2025-10-01 14:26:00,455.5400085449219,455.80999755859375,454.8599853515625,455.74310302734375,373933
2025-10-01 14:27:00,456.1600036621094,456.2900085449219,455.07000732421875,455.44110107421875,371518
2025-10-01 14:28:00,455.98699951171875,456.2099914550781,455.42999267578125,456.1499938964844,497249
2025-10-01 14:29:00,455.6700134277344,455.9825134277344,455.15008544921875,455.8500061035156,311642
2025-10-01 14:30:00,454.2878112792969,455.7900085449219,454.2001037597656,455.69500732421875,451462
2025-10-01 14:31:00,453.4100036621094,454.7699890136719,453.3800048828125,454.220703125,343554
2025-10-01 14:32:00,453.8349914550781,454.239990234375,453.1199951171875,453.42999267578125,288909
2025-10-01 14:33:00,453.7650146484375,454.17999267578125,453.6109924316406,453.8699951171875,153516
2025-10-01 14:34:00,454.4599914550781,454.5400085449219,453.55999755859375,453.7900085449219,244700
2025-10-01 14:35:00,454.510009765625,454.59991455078125,453.7300109863281,454.510009765625,350616
2025-10-01 14:36:00,455.18499755859375,455.3399963378906,454.30169677734375,454.54998779296875,254693
2025-10-01 14:37:00,454.7300109863281,455.1700134277344,454.5199890136719,455.1700134277344,169345
2025-10-01 14:38:00,455.1199951171875,455.20001220703125,454.4200134277344,454.739990234375,160806
2025-10-01 14:39:00,454.510009765625,455.3599853515625,454.42999267578125,455.1499938964844,184245
2025-10-01 14:40:00,455.1748962402344,455.2900085449219,454.1600036621094,454.510009765625,186688
2025-10-01 14:41:00,454.848388671875,455.4700012207031,454.6000061035156,455.1708984375,187764
2025-10-01 14:42:00,454.7950134277344,455.25,454.6700134277344,454.9399108886719,125878
2025-10-01 14:43:00,454.47698974609375,454.8599853515625,454.20001220703125,454.7243957519531,178491
2025-10-01 14:44:00,454.7799987792969,455.25,454.44000244140625,454.6000061035156,172189
2025-10-01 14:45:00,455.01971435546875,455.260009765625,454.5,454.7850036621094,207213
2025-10-01 14:46:00,454.739990234375,455.0797119140625,454.3500061035156,454.989990234375,239466
2025-10-01 14:47:00,454.510009765625,455.1788024902344,454.3999938964844,454.739990234375,168145
2025-10-01 14:48:00,454.5799865722656,454.6700134277344,454.25,454.5,161781
2025-10-01 14:49:00,454.4159851074219,454.67999267578125,454.1000061035156,454.6289978027344,141239
2025-10-01 14:50:00,454.2749938964844,454.75,454.1600036621094,454.3800048828125,119081
2025-10-01 14:51:00,454.8500061035156,455.07940673828125,454.2699890136719,454.32000732421875,177215
2025-10-01 14:52:00,455.0000915527344,455.3500061035156,454.79998779296875,454.8500061035156,224007
2025-10-01 14:53:00,456.3500061035156,456.489990234375,454.79998779296875,455.0530090332031,365473
2025-10-01 14:54:00,457.2650146484375,457.45001220703125,456.2099914550781,456.29998779296875,482779
2025-10-01 14:55:00,457.3900146484375,457.5498962402344,456.9200134277344,457.2900085449219,313543
2025-10-01 14:56:00,457.04010009765625,457.7200012207031,456.9104919433594,457.45989990234375,280004
2025-10-01 14:57:00,458.2300109863281,458.3349914550781,457.04010009765625,457.04010009765625,432470
2025-10-01 14:58:00,458.4649963378906,458.5986022949219,457.79998779296875,458.2349853515625,353127
2025-10-01 14:59:00,458.67999267578125,458.7799072265625,458.20001220703125,458.4700012207031,274194
2025-10-01 15:00:00,458.0408935546875,458.8699951171875,457.8800048828125,458.6658935546875,294303
2025-10-01 15:01:00,458.07000732421875,458.35260009765625,457.79998779296875,458.010009765625,199107
2025-10-01 15:02:00,457.4472961425781,458.2200012207031,457.44000244140625,458.0799865722656,180258
2025-10-01 15:03:00,457.381103515625,457.739990234375,457.1400146484375,457.44549560546875,180168
2025-10-01 15:04:00,457.2049865722656,457.7099914550781,457.1099853515625,457.4129943847656,136731
2025-10-01 15:05:00,456.1199951171875,457.2200012207031,456.0841064453125,457.2149963378906,273957
2025-10-01 15:06:00,456.0350036621094,456.30999755859375,455.760009765625,456.1700134277344,238980
2025-10-01 15:07:00,456.3550109863281,456.44000244140625,455.8999938964844,456.039794921875,131715
2025-10-01 15:08:00,456.07000732421875,456.7300109863281,455.8301086425781,456.3900146484375,179193
2025-10-01 15:09:00,456.2550048828125,456.44000244140625,455.95001220703125,456.1099853515625,109805
2025-10-01 15:10:00,455.9649963378906,456.54998779296875,455.8900146484375,456.2149963378906,153908
2025-10-01 15:11:00,456.02740478515625,456.1400146484375,455.82000732421875,455.9700012207031,100287
2025-10-01 15:12:00,455.4100036621094,456.2618103027344,455.4100036621094,456.1000061035156,150832
2025-10-01 15:13:00,456.510009765625,456.79998779296875,455.3999938964844,455.3999938964844,203664
2025-10-01 15:14:00,457.0198974609375,457.1099853515625,456.2200012207031,456.5498962402344,201621
2025-10-01 15:15:00,456.1499938964844,457.25,456.010009765625,456.92388916015625,209609
2025-10-01 15:16:00,455.67999267578125,456.3598937988281,455.6224060058594,456.1650085449219,134823
2025-10-01 15:17:00,456.010009765625,456.2799987792969,455.6512145996094,455.71600341796875,132262
2025-10-01 15:18:00,455.92999267578125,456.25,455.6300048828125,456.0299987792969,141884
2025-10-01 15:19:00,455.4949951171875,456.21551513671875,455.45001220703125,455.9200134277344,155532
2025-10-01 15:20:00,454.5899963378906,455.5299987792969,454.4695129394531,455.4902038574219,258941
2025-10-01 15:21:00,454.9700012207031,455.0448913574219,454.53350830078125,454.5506896972656,158167
2025-10-01 15:22:00,454.0965881347656,454.95001220703125,453.8999938964844,454.9307861328125,212814
2025-10-01 15:23:00,453.8299865722656,454.1709899902344,453.4692077636719,454.1709899902344,251358
2025-10-01 15:24:00,453.93499755859375,454.1000061035156,453.610107421875,453.7699890136719,152780
2025-10-01 15:25:00,454.29998779296875,454.45001220703125,453.69000244140625,453.8900146484375,153601
2025-10-01 15:26:00,454.8299865722656,455.14990234375,454.3399963378906,454.3699951171875,187029
2025-10-01 15:27:00,455.1400146484375,455.19000244140625,454.78009033203125,454.80999755859375,150416
2025-10-01 15:28:00,454.99749755859375,455.3800048828125,454.9700927734375,455.1600036621094,142873
2025-10-01 15:29:00,454.8550109863281,455.1499938964844,454.5,455.0299987792969,149584
2025-10-01 15:30:00,455.2699890136719,455.34991455078125,454.8299865722656,454.8500061035156,125263
2025-10-01 15:31:00,454.7441101074219,455.3800048828125,454.6199951171875,455.2832946777344,129345
2025-10-01 15:32:00,454.6408996582031,455.2200012207031,454.6408996582031,454.7650146484375,127446
2025-10-01 15:33:00,454.968994140625,454.989990234375,454.2900085449219,454.68499755859375,113206
2025-10-01 15:34:00,455.0224914550781,455.1700134277344,454.7123107910156,454.9750061035156,95265
2025-10-01 15:35:00,454.7742004394531,455.114990234375,454.61090087890625,455.0199890136719,71072
2025-10-01 15:36:00,455.010009765625,455.17999267578125,454.5,454.7799987792969,113372
2025-10-01 15:37:00,454.9700012207031,455.0799865722656,454.6700134277344,455.0,73419
2025-10-01 15:38:00,455.0,455.239990234375,454.79998779296875,455.0205993652344,90866
2025-10-01 15:39:00,454.8622131347656,455.1400146484375,454.760009765625,455.0198974609375,86308
2025-10-01 15:40:00,454.42498779296875,455.0799865722656,454.3500061035156,454.9200134277344,99076
2025-10-01 15:41:00,453.8399963378906,454.5899963378906,453.8299865722656,454.3999938964844,124767
2025-10-01 15:42:00,453.8190002441406,453.9800109863281,453.70001220703125,453.8381042480469,101150
2025-10-01 15:43:00,453.72601318359375,453.989990234375,453.6000061035156,453.82501220703125,111237
2025-10-01 15:44:00,453.4316101074219,453.91778564453125,453.3999938964844,453.69219970703125,136448
2025-10-01 15:45:00,453.3955078125,453.57000732421875,453.1700134277344,453.43499755859375,150416
2025-10-01 15:46:00,452.7099914550781,453.4100036621094,452.6000061035156,453.3500061035156,218081
2025-10-01 15:47:00,452.6499938964844,453.1000061035156,452.54998779296875,452.7300109863281,130252
2025-10-01 15:48:00,453.17999267578125,453.26458740234375,452.4800109863281,452.6400146484375,151626
2025-10-01 15:49:00,453.55841064453125,453.6000061035156,453.0801086425781,453.1700134277344,146306
2025-10-01 15:50:00,453.8800048828125,453.94989013671875,453.2300109863281,453.5400085449219,137963
2025-10-01 15:51:00,454.06500244140625,454.1799011230469,453.8100891113281,453.8800048828125,134212
2025-10-01 15:52:00,453.82000732421875,454.1400146484375,453.79998779296875,454.0286865234375,96569
2025-10-01 15:53:00,453.8699951171875,454.1199951171875,453.6404113769531,453.80999755859375,114108
2025-10-01 15:54:00,454.5150146484375,454.6499938964844,453.8800048828125,453.8999938964844,136973
2025-10-01 15:55:00,454.05999755859375,454.5150146484375,454.05010986328125,454.5150146484375,90892
2025-10-01 15:56:00,454.3500061035156,454.44781494140625,454.0400085449219,454.06500244140625,95282
2025-10-01 15:57:00,454.7550048828125,454.79998779296875,454.19000244140625,454.36981201171875,142986
2025-10-01 15:58:00,455.0653076171875,455.32989501953125,454.7998962402344,454.7998962402344,190959
2025-10-01 15:59:00,455.4518127441406,455.70001220703125,455.0364990234375,455.1099853515625,211027
2025-10-01 16:00:00,455.5799865722656,455.7099914550781,455.35040283203125,455.4700012207031,126496
2025-10-01 16:01:00,455.19000244140625,455.6300048828125,455.0635070800781,455.6000061035156,123606
2025-10-01 16:02:00,454.8900146484375,455.4200134277344,454.8800048828125,455.19000244140625,100391
2025-10-01 16:03:00,454.7749938964844,455.1700134277344,454.7312927246094,454.92999267578125,96072
2025-10-01 16:04:00,454.3900146484375,454.92999267578125,454.3800048828125,454.75,111858
2025-10-01 16:05:00,454.2900085449219,454.6700134277344,454.17999267578125,454.360107421875,94107
2025-10-01 16:06:00,454.7300109863281,454.8800048828125,454.32501220703125,454.3299865722656,109425
2025-10-01 16:07:00,454.7950134277344,455.1600036621094,454.6700134277344,454.760009765625,108696
2025-10-01 16:08:00,454.8999938964844,454.9798889160156,454.7587890625,454.80499267578125,49015
2025-10-01 16:09:00,454.6600036621094,454.9200134277344,454.57000732421875,454.90008544921875,67548
2025-10-01 16:10:00,454.94000244140625,455.07281494140625,454.6224060058594,454.6549987792969,84832
2025-10-01 16:11:00,454.8299865722656,455.1300048828125,454.66009521484375,454.93109130859375,72066
2025-10-01 16:12:00,455.09228515625,455.2344055175781,454.7585144042969,454.7585144042969,90500
2025-10-01 16:13:00,454.9197082519531,455.1299133300781,454.70001220703125,455.1199951171875,76186
2025-10-01 16:14:00,454.91448974609375,455.1499938964844,454.75,454.9444885253906,76164
2025-10-01 16:15:00,454.5799865722656,454.94989013671875,454.5400085449219,454.8699951171875,61943
2025-10-01 16:16:00,455.2124938964844,455.30999755859375,454.5509948730469,454.60809326171875,103779
2025-10-01 16:17:00,455.340087890625,455.7699890136719,455.17999267578125,455.20001220703125,155330
2025-10-01 16:18:00,455.5299987792969,455.739990234375,455.3833923339844,455.3833923339844,94130
2025-10-01 16:19:00,455.05999755859375,455.58990478515625,455.04998779296875,455.52490234375,84940
2025-10-01 16:20:00,454.42999267578125,455.07000732421875,454.35009765625,455.05999755859375,127704
2025-10-01 16:21:00,454.6000061035156,454.6700134277344,454.3599853515625,454.42498779296875,72359
2025-10-01 16:22:00,454.614990234375,454.75,454.4601135253906,454.5799865722656,61224
2025-10-01 16:23:00,454.75,454.7998962402344,454.5299987792969,454.614990234375,78726
2025-10-01 16:24:00,455.0098876953125,455.06988525390625,454.70001220703125,454.760009765625,80343
2025-10-01 16:25:00,455.3550109863281,455.39410400390625,454.8500061035156,454.9700012207031,100932
2025-10-01 16:26:00,456.2349853515625,456.32000732421875,455.2699890136719,455.3800048828125,216052
2025-10-01 16:27:00,456.0506896972656,456.2699890136719,455.82049560546875,456.2699890136719,119537
2025-10-01 16:28:00,456.3127136230469,456.3909912109375,455.989990234375,456.0249938964844,136288
2025-10-01 16:29:00,456.2099914550781,456.42999267578125,456.1700134277344,456.260009765625,110017
2025-10-01 16:30:00,456.3800048828125,456.5400085449219,456.1651916503906,456.25,128872
2025-10-01 16:31:00,456.4200134277344,456.80999755859375,456.364990234375,456.3699951171875,162964
2025-10-01 16:32:00,456.0050048828125,456.6400146484375,455.9100036621094,456.3999938964844,147099
2025-10-01 16:33:00,456.2279968261719,456.3999938964844,455.9200134277344,456.0050048828125,91454
2025-10-01 16:34:00,456.7550048828125,456.7550048828125,456.1600036621094,456.20001220703125,124590
2025-10-01 16:35:00,456.90008544921875,456.9599914550781,456.6000061035156,456.79998779296875,141879
2025-10-01 16:36:00,457.1650085449219,457.30999755859375,456.79998779296875,456.94000244140625,170393
2025-10-01 16:37:00,457.44000244140625,457.4700012207031,457.0400085449219,457.1650085449219,11414000
2025-10-01 16:38:00,457.67498779296875,457.8500061035156,457.30010986328125,457.44000244140625,0
2025-10-01 16:39:00,458.2099914550781,458.510009765625,457.5,457.67498779296875,317953
2025-10-01 16:40:00,457.80999755859375,458.30999755859375,457.67999267578125,458.2699890136719,235245
2025-10-01 16:41:00,457.54730224609375,457.885009765625,457.25,457.80999755859375,168591
2025-10-01 16:42:00,457.1700134277344,457.6693115234375,457.13079833984375,457.55010986328125,111605
2025-10-01 16:43:00,457.29449462890625,457.8385925292969,457.1199951171875,457.1388854980469,137421
2025-10-01 16:44:00,456.5199890136719,457.29998779296875,456.5,457.29998779296875,159578
2025-10-01 16:45:00,455.989990234375,456.5400085449219,455.8900146484375,456.5,201466
2025-10-01 16:46:00,455.7200012207031,456.0849914550781,455.54998779296875,455.93499755859375,139769
2025-10-01 16:47:00,456.1700134277344,456.2499084472656,455.70001220703125,455.739990234375,140197
2025-10-01 16:48:00,456.1669006347656,456.5799865722656,456.0506896972656,456.20001220703125,124071
2025-10-01 16:49:00,455.84100341796875,456.2384033203125,455.6000061035156,456.1322021484375,118381
2025-10-01 16:50:00,455.9598083496094,456.00860595703125,455.6210021972656,455.8450012207031,85258
2025-10-01 16:51:00,456.3599853515625,456.42840576171875,455.8335876464844,455.960205078125,90281
2025-10-01 16:52:00,456.489990234375,456.57000732421875,456.25,456.3861083984375,105740
2025-10-01 16:53:00,456.4599914550781,456.659912109375,456.3200988769531,456.4599914550781,98882
2025-10-01 16:54:00,456.2449951171875,456.4798889160156,456.2200012207031,456.4263916015625,64467
2025-10-01 16:55:00,456.1050109863281,456.2699890136719,456.0199890136719,456.2300109863281,70672
2025-10-01 16:56:00,456.239990234375,456.59991455078125,456.1449890136719,456.1449890136719,85493
2025-10-01 16:57:00,456.2300109863281,456.34991455078125,455.9200134277344,456.2200012207031,73946
2025-10-01 16:58:00,456.3500061035156,456.5400085449219,456.20001220703125,456.2250061035156,65028
2025-10-01 16:59:00,456.9375915527344,456.9898986816406,456.2850036621094,456.351806640625,115022
2025-10-01 17:00:00,457.25,457.2998962402344,456.8900146484375,456.9599914550781,178274
2025-10-01 17:01:00,458.0465087890625,458.1300048828125,457.19000244140625,457.2449951171875,220745
2025-10-01 17:02:00,457.88861083984375,458.2900085449219,457.8399963378906,458.0610046386719,203168
2025-10-01 17:03:00,457.8450012207031,458.20001220703125,457.65008544921875,457.8699951171875,148836
2025-10-01 17:04:00,457.7543029785156,458.04998779296875,457.669189453125,457.84649658203125,113820
2025-10-01 17:05:00,457.8999938964844,458.0599060058594,457.7716979980469,457.81988525390625,103105
2025-10-01 17:06:00,458.0107116699219,458.1199951171875,457.8100891113281,457.901611328125,88862
2025-10-01 17:07:00,458.114990234375,458.1698913574219,457.75,458.0470886230469,89374
2025-10-01 17:08:00,457.94940185546875,458.239990234375,457.74169921875,458.135009765625,96071
2025-10-01 17:09:00,457.8550109863281,457.9599914550781,457.70001220703125,457.92999267578125,66200
2025-10-01 17:10:00,457.8599853515625,458.0,457.7300109863281,457.8594055175781,63419
2025-10-01 17:11:00,458.1000061035156,458.3500061035156,457.70001220703125,457.8450012207031,126353
2025-10-01 17:12:00,457.760009765625,458.4700012207031,457.70001220703125,458.0940856933594,141379
2025-10-01 17:13:00,457.80999755859375,457.95001220703125,457.5799865722656,457.7300109863281,121763
2025-10-01 17:14:00,457.8500061035156,457.989990234375,457.6600036621094,457.8500061035156,70874
2025-10-01 17:15:00,458.0089111328125,458.2499084472656,457.78009033203125,457.8500061035156,105636
2025-10-01 17:16:00,458.0440979003906,458.19989013671875,457.8999938964844,458.0299987792969,82938
2025-10-01 17:17:00,458.1083984375,458.4599914550781,457.9200134277344,458.0799865722656,135318
2025-10-01 17:18:00,458.95001220703125,458.9700012207031,457.8500061035156,458.0799865722656,154930
2025-10-01 17:19:00,458.5950927734375,459.1000061035156,458.32000732421875,458.8900146484375,242509
2025-10-01 17:20:00,458.27349853515625,458.82000732421875,458.2699890136719,458.54998779296875,121955
2025-10-01 17:21:00,457.8514099121094,458.3396911621094,457.8514099121094,458.25,124360
2025-10-01 17:22:00,458.3750915527344,458.3999938964844,457.7300109863281,457.8540954589844,158250
2025-10-01 17:23:00,458.2300109863281,458.5299987792969,458.1300048828125,458.3522033691406,102751
2025-10-01 17:24:00,458.0220947265625,458.2698974609375,457.9100036621094,458.2650146484375,67535
2025-10-01 17:25:00,457.99609375,458.2699890136719,457.97088623046875,458.0799865722656,61906
2025-10-01 17:26:00,458.3606872558594,458.5400085449219,458.010009765625,458.0199890136719,95831
2025-10-01 17:27:00,458.04998779296875,458.4049987792969,457.8599853515625,458.4049987792969,87688
2025-10-01 17:28:00,458.1700134277344,458.2698974609375,458.0199890136719,458.0450134277344,53795
2025-10-01 17:29:00,458.4700012207031,458.510009765625,458.1199951171875,458.1700134277344,1086088
2025-10-01 17:30:00,458.25,458.6000061035156,458.20001220703125,458.4830017089844,86742
2025-10-01 17:31:00,458.408203125,458.75,458.2300109863281,458.25,120523
2025-10-01 17:32:00,458.87701416015625,459.20001220703125,458.36480712890625,458.4800109863281,188753
2025-10-01 17:33:00,459.2650146484375,459.2850036621094,458.8905029296875,458.8918151855469,178104
2025-10-01 17:34:00,459.010009765625,459.3399963378906,458.9263916015625,459.2799987792969,141819
2025-10-01 17:35:00,459.0849914550781,459.1592102050781,458.9599914550781,459.010009765625,13671633
2025-10-01 17:36:00,458.6231994628906,459.20001220703125,458.60418701171875,459.04998779296875,177313
2025-10-01 17:37:00,458.79541015625,458.8999938964844,458.5400085449219,458.69989013671875,135398
2025-10-01 17:38:00,459.989990234375,460.0,458.82000732421875,458.8450012207031,477160
2025-10-01 17:39:00,459.54998779296875,460.2900085449219,459.4200134277344,459.9599914550781,777692
2025-10-01 17:40:00,458.7799987792969,459.6289978027344,458.7200012207031,459.5992126464844,238571
2025-10-01 17:41:00,458.9794921875,459.20001220703125,458.7156982421875,458.7799987792969,189643
2025-10-01 17:42:00,458.7200012207031,459.0799865722656,458.42999267578125,458.9798889160156,200200
2025-10-01 17:43:00,458.6499938964844,458.8500061035156,458.57000732421875,458.67999267578125,148791
2025-10-01 17:44:00,459.3349914550781,459.3699951171875,458.8399963378906,458.9316101074219,82917
2025-10-01 17:45:00,458.98919677734375,459.3599853515625,458.79998779296875,459.3299865722656,124160
2025-10-01 17:46:00,459.3099060058594,459.3294982910156,458.9200134277344,458.9974060058594,97362
2025-10-01 17:47:00,459.32000732421875,459.3800048828125,459.1000061035156,459.3294982910156,101496
2025-10-01 17:48:00,459.2200012207031,459.4599914550781,458.9602966308594,459.30499267578125,131069
2025-10-01 17:49:00,459.6700134277344,459.7109069824219,458.92999267578125,459.20001220703125,210561
2025-10-01 17:50:00,459.6400146484375,459.95001220703125,459.6000061035156,459.6700134277344,185107
2025-10-01 17:51:00,459.5419921875,459.75,459.45001220703125,459.6300048828125,127621
2025-10-01 17:52:00,459.3949890136719,459.5899963378906,459.20001220703125,459.54290771484375,120603
2025-10-01 17:53:00,458.7349853515625,459.5,458.70001220703125,459.4599914550781,167376
2025-10-01 17:54:00,458.6600036621094,459.0899963378906,458.6300048828125,458.7330017089844,136675
2025-10-01 17:55:00,458.4804992675781,458.6711120605469,458.29998779296875,458.6300048828125,164483
2025-10-01 17:56:00,458.6650085449219,458.80999755859375,458.3999938964844,458.4598083496094,144716
2025-10-01 17:57:00,458.7112121582031,458.9599914550781,458.4700012207031,458.6600036621094,138159
2025-10-01 17:58:00,458.2900085449219,458.7250061035156,457.8999938964844,458.7099914550781,220129
2025-10-01 17:59:00,458.32000732421875,458.46990966796875,458.090087890625,458.3500061035156,110828
2025-10-01 18:00:00,459.251708984375,459.30999755859375,458.1058044433594,458.32000732421875,216789
2025-10-01 18:01:00,458.97869873046875,459.3782958984375,458.9200134277344,459.2850036621094,165757
2025-10-01 18:02:00,458.8800048828125,459.1214904785156,458.6199951171875,458.9200134277344,126109
2025-10-01 18:03:00,459.1400146484375,459.17999267578125,458.70001220703125,458.9299011230469,86080
2025-10-01 18:04:00,459.1600036621094,459.3500061035156,458.98291015625,459.1484069824219,150659
2025-10-01 18:05:00,460.04998779296875,460.18548583984375,459.1535949707031,459.1600036621094,297829
2025-10-01 18:06:00,459.7096862792969,460.1300048828125,459.6570129394531,460.04449462890625,192920
2025-10-01 18:07:00,459.9773864746094,460.0398864746094,459.5799865722656,459.70001220703125,193251
2025-10-01 18:08:00,460.75,460.8999938964844,459.9700012207031,459.989990234375,396424
2025-10-01 18:09:00,460.70001220703125,460.8999938964844,460.54998779296875,460.7349853515625,214958
2025-10-01 18:10:00,460.489990234375,460.7749938964844,460.2699890136719,460.662109375,205811
2025-10-01 18:11:00,459.8800048828125,460.75,459.8299865722656,460.5650939941406,209532
2025-10-01 18:12:00,460.64691162109375,460.6849060058594,459.79998779296875,459.9049987792969,200890
2025-10-01 18:13:00,460.9411926269531,461.0799865722656,460.510009765625,460.69000244140625,358824
2025-10-01 18:14:00,461.0950012207031,461.1866149902344,460.7950134277344,460.95001220703125,213880
2025-10-01 18:15:00,460.6050109863281,461.1600036621094,460.44000244140625,461.125,241923
2025-10-01 18:16:00,460.5,460.69000244140625,460.3999938964844,460.6050109863281,126133
2025-10-01 18:17:00,460.7900085449219,460.8399963378906,460.45001220703125,460.4700927734375,115191
2025-10-01 18:18:00,460.8699951171875,460.8900146484375,460.5712890625,460.81939697265625,97740
2025-10-01 18:19:00,460.5,460.8999938964844,460.42999267578125,460.8399963378906,135918
2025-10-01 18:20:00,460.30010986328125,460.7200012207031,460.110107421875,460.5199890136719,139077
2025-10-01 18:21:00,460.1600036621094,460.3594970703125,459.95001220703125,460.2605895996094,206441
2025-10-01 18:22:00,460.2200012207031,460.3900146484375,459.8500061035156,460.1199951171875,169141
2025-10-01 18:23:00,459.8399963378906,460.30999755859375,459.6700134277344,460.20001220703125,148821
2025-10-01 18:24:00,460.0150146484375,460.07989501953125,459.760009765625,459.83599853515625,121168
2025-10-01 18:25:00,460.239990234375,460.42999267578125,459.9548034667969,460.0249938964844,145546
2025-10-01 18:26:00,460.0400085449219,460.239990234375,459.8599853515625,460.239990234375,137257
2025-10-01 18:27:00,459.4800109863281,460.2099914550781,459.3999938964844,460.07000732421875,168466
2025-10-01 18:28:00,459.239990234375,459.6322937011719,459.10089111328125,459.4541015625,184015
2025-10-01 18:29:00,459.3598937988281,459.489990234375,459.20001220703125,459.24859619140625,134648
2025-10-01 18:30:00,459.54998779296875,459.69989013671875,459.2900085449219,459.3456115722656,166770
2025-10-01 18:31:00,459.5127868652344,459.57000732421875,459.1900939941406,459.5400085449219,124669
2025-10-01 18:32:00,460.1098937988281,460.1112976074219,459.4200134277344,459.489990234375,176594
2025-10-01 18:33:00,460.3299865722656,460.3299865722656,459.8218078613281,460.0799865722656,168179
2025-10-01 18:34:00,460.2701110839844,460.5,460.1600036621094,460.2900085449219,170349
2025-10-01 18:35:00,460.32000732421875,460.4198913574219,460.1600036621094,460.2900085449219,99926
2025-10-01 18:36:00,460.30499267578125,460.5,460.201904296875,460.3273010253906,121556
2025-10-01 18:37:00,460.30999755859375,460.3399963378906,460.0199890136719,460.29998779296875,134513
2025-10-01 18:38:00,460.0249938964844,460.30999755859375,459.8500061035156,460.30999755859375,101325
2025-10-01 18:39:00,459.9700012207031,460.1199951171875,459.8500061035156,460.0249938964844,65905
2025-10-01 18:40:00,459.8800048828125,460.1484069824219,459.8399963378906,459.9200134277344,80740
2025-10-01 18:41:00,460.010009765625,460.164794921875,459.8399963378906,459.9020080566406,100798
2025-10-01 18:42:00,459.8800048828125,460.25,459.7099914550781,459.9750061035156,155699
2025-10-01 18:43:00,459.67010498046875,459.8900146484375,459.34600830078125,459.8550109863281,155564
2025-10-01 18:44:00,459.7300109863281,459.92999267578125,459.5199890136719,459.69940185546875,102681
2025-10-01 18:45:00,459.9649963378906,460.0721130371094,459.7099914550781,459.78179931640625,89548
2025-10-01 18:46:00,459.9599914550781,460.20001220703125,459.94000244140625,459.9649963378906,103382
2025-10-01 18:47:00,460.2366027832031,460.25,459.9978942871094,459.9978942871094,87128
2025-10-01 18:48:00,460.0299987792969,460.6000061035156,460.0299987792969,460.2200012207031,191137
2025-10-01 18:49:00,460.0827941894531,460.1499938964844,459.7300109863281,460.04010009765625,150911
2025-10-01 18:50:00,460.1300048828125,460.2900085449219,460.0,460.1003112792969,93117
2025-10-01 18:51:00,460.1600036621094,460.2799987792969,460.0,460.2383117675781,90492
2025-10-01 18:52:00,460.19500732421875,460.3500061035156,460.1199951171875,460.17999267578125,76256
2025-10-01 18:53:00,460.3399963378906,460.4093933105469,460.1499938964844,460.20001220703125,88321
2025-10-01 18:54:00,460.04998779296875,460.34991455078125,459.95001220703125,460.32000732421875,111656
2025-10-01 18:55:00,459.8500061035156,460.1099853515625,459.6499938964844,460.0,118154
2025-10-01 18:56:00,460.0299987792969,460.2419128417969,459.8028869628906,459.8699951171875,104481
2025-10-01 18:57:00,460.218994140625,460.3500061035156,459.873291015625,460.0199890136719,108466
2025-10-01 18:58:00,460.1600036621094,460.260009765625,460.1000061035156,460.18499755859375,69159
2025-10-01 18:59:00,460.1050109863281,460.3183898925781,460.0083923339844,460.1979064941406,79872
2025-10-01 19:00:00,460.42999267578125,460.42999267578125,460.0899963378906,460.1300048828125,108781
2025-10-01 19:01:00,459.9941101074219,460.57000732421875,459.95001220703125,460.3999938964844,162808
2025-10-01 19:02:00,459.71759033203125,460.0198974609375,459.55999755859375,459.9800109863281,226901
2025-10-01 19:03:00,460.05999755859375,460.07501220703125,459.489990234375,459.6896057128906,189967
2025-10-01 19:04:00,460.82000732421875,460.8399963378906,459.8158874511719,460.0658874511719,239465
2025-10-01 19:05:00,460.67999267578125,460.9200134277344,460.5101013183594,460.8086853027344,224963
2025-10-01 19:06:00,460.7956848144531,460.82958984375,460.4200134277344,460.6650085449219,112122
2025-10-01 19:07:00,461.0703125,461.2900085449219,460.6600036621094,460.8056945800781,350351
2025-10-01 19:08:00,461.25,461.42999267578125,461.07000732421875,461.0700988769531,219249
2025-10-01 19:09:00,461.010009765625,461.2850036621094,460.8999938964844,461.2099914550781,169770
2025-10-01 19:10:00,460.760009765625,461.1799011230469,460.6600036621094,461.0199890136719,132691
2025-10-01 19:11:00,460.9200134277344,461.04998779296875,460.6000061035156,460.7601013183594,160060
2025-10-01 19:12:00,460.4831848144531,460.9059143066406,460.4750061035156,460.8699951171875,172558
2025-10-01 19:13:00,460.739990234375,460.7998962402344,460.3599853515625,460.5393981933594,142394
2025-10-01 19:14:00,460.6300048828125,460.82000732421875,460.489990234375,460.7403869628906,115665
2025-10-01 19:15:00,460.9620056152344,461.010009765625,460.510009765625,460.6300048828125,143750
2025-10-01 19:16:00,460.4920959472656,461.0,460.45001220703125,460.9700012207031,152816
2025-10-01 19:17:00,460.3999938964844,460.6199951171875,460.3399963378906,460.4747009277344,143820
2025-10-01 19:18:00,460.4700012207031,460.57000732421875,460.29998779296875,460.42999267578125,151937
2025-10-01 19:19:00,460.260009765625,460.5,459.9649963378906,460.4649963378906,176994
2025-10-01 19:20:00,460.1700134277344,460.3699951171875,460.0400085449219,460.2650146484375,109255
2025-10-01 19:21:00,460.0801086425781,460.44000244140625,459.9800109863281,460.184814453125,171284
2025-10-01 19:22:00,460.3599853515625,460.3999938964844,459.9549865722656,460.1300048828125,105724
2025-10-01 19:23:00,460.1531982421875,460.4800109863281,460.1099853515625,460.3599853515625,86790
2025-10-01 19:24:00,460.239990234375,460.3810119628906,460.0899963378906,460.1499938964844,113389
2025-10-01 19:25:00,460.4574890136719,460.4798889160156,460.12030029296875,460.239990234375,85391
2025-10-01 19:26:00,460.1600036621094,460.6000061035156,460.1243896484375,460.4512939453125,122529
2025-10-01 19:27:00,460.0,460.19580078125,459.92999267578125,460.1697998046875,141395
2025-10-01 19:28:00,460.239990234375,460.260009765625,459.9200134277344,459.9599914550781,145115
2025-10-01 19:29:00,460.19500732421875,460.82000732421875,460.1199951171875,460.239990234375,217930
2025-10-01 19:30:00,460.20001220703125,460.3500061035156,459.9800109863281,460.2200012207031,130035
2025-10-01 19:31:00,460.135009765625,460.4659118652344,460.04998779296875,460.2049865722656,120792
2025-10-01 19:32:00,460.17999267578125,460.29998779296875,459.9599914550781,460.1413879394531,135833
2025-10-01 19:33:00,460.3999938964844,460.4800109863281,460.13470458984375,460.17498779296875,130874
2025-10-01 19:34:00,460.5299987792969,460.7099914550781,460.3800048828125,460.4200134277344,200314
2025-10-01 19:35:00,460.44500732421875,460.77899169921875,460.3299865722656,460.5,158572
2025-10-01 19:36:00,460.57501220703125,460.760009765625,460.43798828125,460.4429931640625,155103
2025-10-01 19:37:00,460.5799865722656,460.8800048828125,460.5,460.6000061035156,206331
2025-10-01 19:38:00,460.5799865722656,460.8243103027344,460.4516906738281,460.6099853515625,174592
2025-10-01 19:39:00,460.55499267578125,460.6050109863281,460.32049560546875,460.5400085449219,126958
2025-10-01 19:40:00,460.94000244140625,461.0899963378906,460.3800048828125,460.5450134277344,241804
2025-10-01 19:41:00,460.8699951171875,461.0098876953125,460.6199951171875,461.0098876953125,146998
2025-10-01 19:42:00,460.5700988769531,460.8599853515625,460.239990234375,460.8599853515625,204283
2025-10-01 19:43:00,460.8999938964844,460.989990234375,460.5600891113281,460.5600891113281,225712
2025-10-01 19:44:00,461.0299987792969,461.1650085449219,460.82000732421875,460.8710021972656,211975
2025-10-01 19:45:00,460.9200134277344,461.30999755859375,460.7799987792969,461.0350036621094,225953
2025-10-01 19:46:00,461.2099914550781,461.239990234375,460.8599853515625,460.9100036621094,157790
2025-10-01 19:47:00,461.2330017089844,461.32000732421875,461.0870056152344,461.2300109863281,192528
2025-10-01 19:48:00,461.6300048828125,461.7099914550781,461.1600036621094,461.2300109863281,325146
2025-10-01 19:49:00,461.3399963378906,461.9200134277344,461.19000244140625,461.6549987792969,364827
2025-10-01 19:50:00,461.6400146484375,462.2900085449219,461.239990234375,461.3399963378906,563451
2025-10-01 19:51:00,461.19000244140625,461.6400146484375,461.0400085449219,461.5899963378906,350881
2025-10-01 19:52:00,460.9198913574219,461.4200134277344,460.760009765625,461.2200012207031,331499
2025-10-01 19:53:00,461.2799987792969,461.2900085449219,460.7799987792969,460.9200134277344,212887
2025-10-01 19:54:00,461.80999755859375,462.010009765625,461.25,461.2799987792969,482104
2025-10-01 19:55:00,460.2088928222656,462.0199890136719,459.7200012207031,461.8900146484375,629335
2025-10-01 19:56:00,459.2449951171875,460.1499938964844,459.2101135253906,460.1499938964844,386011
2025-10-01 19:57:00,459.3299865722656,459.389892578125,459.010009765625,459.239990234375,399403
2025-10-01 19:58:00,459.42999267578125,459.45001220703125,459.07000732421875,459.30999755859375,458952
2025-10-01 19:59:00,459.4700012207031,459.7799987792969,459.1099853515625,459.4393005371094,716927
2025-10-02 13:30:00,468.80999755859375,470.75,467.0,470.5400085449219,12836333
2025-10-02 13:31:00,467.2699890136719,469.42999267578125,466.70001220703125,468.92999267578125,802604
2025-10-02 13:32:00,466.4252014160156,467.489990234375,466.3800048828125,467.2699890136719,171993
2025-10-02 13:33:00,468.5450134277344,469.6099853515625,467.0,469.30999755859375,1422582
2025-10-02 13:34:00,466.1199951171875,468.5284118652344,466.0,468.44000244140625,592011
2025-10-02 13:35:00,464.2099914550781,466.3164978027344,463.91009521484375,466.0799865722656,991579
2025-10-02 13:36:00,462.16009521484375,464.1600036621094,462.0299987792969,464.1600036621094,872880
2025-10-02 13:37:00,461.84271240234375,463.0799865722656,461.739990234375,462.1664123535156,719050
2025-10-02 13:38:00,463.4400939941406,463.6799011230469,461.34490966796875,461.9599914550781,744338
2025-10-02 13:39:00,462.46160888671875,464.4200134277344,462.4200134277344,463.46490478515625,646850
2025-10-02 13:40:00,462.46649169921875,463.69000244140625,462.1499938964844,462.4200134277344,523342
2025-10-02 13:41:00,460.4399108886719,462.8999938964844,459.6600036621094,462.4631042480469,959530
2025-10-02 13:42:00,458.2950134277344,460.8999938964844,457.8399963378906,460.4259948730469,1016114
2025-10-02 13:43:00,456.0934143066406,458.4949951171875,455.79998779296875,458.2799987792969,1016964
2025-10-02 13:44:00,454.739990234375,456.7698974609375,454.6000061035156,456.05499267578125,1188772
2025-10-02 13:45:00,457.239990234375,457.8799133300781,454.35150146484375,454.7799987792969,0
2025-10-02 13:46:00,460.4989929199219,460.55999755859375,456.8999938964844,457.2449951171875,7499704
2025-10-02 13:47:00,461.42999267578125,461.6700134277344,460.0899963378906,460.45001220703125,776021
2025-10-02 13:48:00,460.864990234375,461.7510986328125,460.45001220703125,461.4649963378906,748253
2025-10-02 13:49:00,457.8599853515625,461.3799133300781,457.6700134277344,461.0,735457
2025-10-02 13:50:00,456.9200134277344,458.25,456.6600036621094,457.8399963378906,638394
2025-10-02 13:51:00,456.79010009765625,458.4299011230469,456.590087890625,456.94500732421875,580256
2025-10-02 13:52:00,456.8099060058594,457.7298889160156,455.69000244140625,456.9200134277344,656749
2025-10-02 13:53:00,457.05999755859375,457.3479919433594,456.20001220703125,456.6300048828125,407919
2025-10-02 13:54:00,456.04998779296875,458.2300109863281,455.7900085449219,457.04998779296875,553272
2025-10-02 13:55:00,454.7300109863281,457.1400146484375,454.5,456.05499267578125,721785
2025-10-02 13:56:00,453.8800048828125,454.8999938964844,453.3800048828125,454.73291015625,755028
2025-10-02 13:57:00,455.8450012207031,455.9198913574219,453.739990234375,453.9119873046875,559648
2025-10-02 13:58:00,457.44830322265625,457.54998779296875,455.7580871582031,455.8429870605469,533294
2025-10-02 13:59:00,456.65130615234375,457.6679992675781,456.1000061035156,457.4200134277344,360040
2025-10-02 14:00:00,457.75,457.75,456.1199951171875,456.7300109863281,388112
2025-10-02 14:01:00,458.364013671875,458.6000061035156,456.9599914550781,457.74310302734375,546181
2025-10-02 14:02:00,457.07501220703125,458.4200134277344,456.67999267578125,458.34600830078125,365074
2025-10-02 14:03:00,457.7699890136719,458.1250915527344,457.07501220703125,457.1300048828125,271234
2025-10-02 14:04:00,458.95001220703125,459.32000732421875,457.7799987792969,457.8799133300781,503364
2025-10-02 14:05:00,457.875,459.19000244140625,457.79998779296875,458.92010498046875,462888
2025-10-02 14:06:00,456.4150085449219,458.45001220703125,455.8699951171875,457.8699951171875,532038
2025-10-02 14:07:00,457.364990234375,457.4999084472656,456.20001220703125,456.40740966796875,286893
2025-10-02 14:08:00,458.2200012207031,458.260009765625,457.1199951171875,457.29998779296875,271089
2025-10-02 14:09:00,458.9700012207031,458.9700012207031,457.7099914550781,458.1600036621094,258467
2025-10-02 14:10:00,458.91009521484375,459.5199890136719,458.260009765625,458.90948486328125,375346
2025-10-02 14:11:00,456.4757995605469,459.2488098144531,456.3999938964844,458.99969482421875,481048
2025-10-02 14:12:00,456.5143127441406,457.3500061035156,456.4010925292969,456.5400085449219,312812
2025-10-02 14:13:00,457.1400146484375,457.5723876953125,456.4400939941406,456.5150146484375,278035
2025-10-02 14:14:00,456.443115234375,457.239990234375,456.1400146484375,457.2099914550781,281489
2025-10-02 14:15:00,456.5400085449219,457.4599914550781,456.32000732421875,456.3999938964844,232095
2025-10-02 14:16:00,456.75,457.04998779296875,455.8500061035156,456.5873107910156,366208
2025-10-02 14:17:00,456.6099853515625,457.3299865722656,456.1000061035156,456.75,265222
2025-10-02 14:18:00,456.88751220703125,457.1799011230469,456.3399963378906,456.67999267578125,203664
2025-10-02 14:19:00,455.31500244140625,457.5199890136719,455.0700988769531,456.92999267578125,559962
2025-10-02 14:20:00,453.6835021972656,456.0989990234375,453.6600036621094,455.2701110839844,599862
2025-10-02 14:21:00,454.2699890136719,454.6700134277344,453.5101013183594,453.6619873046875,362274
2025-10-02 14:22:00,454.7677917480469,455.2493896484375,453.7699890136719,454.2950134277344,332586
2025-10-02 14:23:00,455.4049987792969,455.82000732421875,454.6300048828125,454.710205078125,308045
2025-10-02 14:24:00,454.4742126464844,455.6853942871094,454.239990234375,455.4049987792969,295425
2025-10-02 14:25:00,455.2049865722656,455.5,454.3782043457031,454.3999938964844,227031
2025-10-02 14:26:00,454.9254150390625,455.3599853515625,454.760009765625,455.077392578125,191039
2025-10-02 14:27:00,455.2699890136719,455.42999267578125,454.68011474609375,454.9549865722656,204099
2025-10-02 14:28:00,454.70001220703125,455.6899108886719,454.70001220703125,455.385986328125,259378
2025-10-02 14:29:00,454.75,455.95001220703125,454.6400146484375,454.70001220703125,335973
2025-10-02 14:30:00,454.010009765625,455.42999267578125,453.54998779296875,454.74700927734375,417413
2025-10-02 14:31:00,453.66009521484375,454.6050109863281,453.6300048828125,454.0350036621094,312594
2025-10-02 14:32:00,452.7008056640625,454.3800048828125,452.6200866699219,453.6355895996094,509891
2025-10-02 14:33:00,451.7449951171875,453.0,451.7001037597656,452.7799987792969,643951
2025-10-02 14:34:00,452.0798034667969,452.4800109863281,451.70001220703125,451.7019958496094,436247
2025-10-02 14:35:00,453.010009765625,453.07000732421875,451.8800048828125,452.0758972167969,366937
2025-10-02 14:36:00,452.82501220703125,453.6000061035156,452.489990234375,453.0299072265625,349362
2025-10-02 14:37:00,454.1853942871094,454.2300109863281,452.819091796875,452.9200134277344,272506
2025-10-02 14:38:00,453.79998779296875,454.18499755859375,453.3999938964844,454.18499755859375,215801
2025-10-02 14:39:00,454.6748046875,454.89990234375,453.65740966796875,453.7699890136719,318996
2025-10-02 14:40:00,455.5234069824219,455.5234069824219,454.6510009765625,454.67498779296875,328950
2025-10-02 14:41:00,455.1400146484375,455.9599914550781,455.0400085449219,455.5299987792969,391349
2025-10-02 14:42:00,455.5899963378906,455.7488098144531,454.8013916015625,455.135009765625,283908
2025-10-02 14:43:00,455.5050048828125,455.6899108886719,454.9599914550781,455.5299987792969,206408
2025-10-02 14:44:00,455.5726013183594,455.7850036621094,455.07550048828125,455.5,186448
2025-10-02 14:45:00,455.0054931640625,456.04998779296875,454.91009521484375,455.6099853515625,299780
2025-10-02 14:46:00,453.18499755859375,454.9898986816406,453.0000915527344,454.9898986816406,391777
2025-10-02 14:47:00,453.8102111816406,454.260009765625,453.04998779296875,453.1600036621094,293053
2025-10-02 14:48:00,454.45001220703125,454.48980712890625,453.80999755859375,453.80999755859375,219011
2025-10-02 14:49:00,454.5350036621094,454.6499938964844,454.0299987792969,454.4513854980469,161285
2025-10-02 14:50:00,453.4100036621094,454.61029052734375,453.3299865722656,454.54998779296875,189752
2025-10-02 14:51:00,454.42498779296875,454.57000732421875,453.40301513671875,453.42999267578125,196498
2025-10-02 14:52:00,454.81719970703125,454.9800109863281,454.1200866699219,454.510009765625,176749
2025-10-02 14:53:00,454.42999267578125,454.8399963378906,454.1600036621094,454.7101135253906,135409
2025-10-02 14:54:00,453.57501220703125,454.6099853515625,453.30010986328125,454.4200134277344,210195
2025-10-02 14:55:00,454.17120361328125,454.2300109863281,453.3399963378906,453.57501220703125,169946
2025-10-02 14:56:00,452.9200134277344,454.2362060546875,452.8800048828125,454.2099914550781,262899
2025-10-02 14:57:00,453.2900085449219,453.55999755859375,452.6199951171875,452.90008544921875,250224
2025-10-02 14:58:00,452.95001220703125,453.43499755859375,452.70001220703125,453.23309326171875,183899
2025-10-02 14:59:00,452.79998779296875,453.20001220703125,452.5,452.95001220703125,221089
2025-10-02 15:00:00,453.47601318359375,453.4800109863281,451.9700012207031,452.7904968261719,403221
2025-10-02 15:01:00,452.87701416015625,453.6799011230469,452.6000061035156,453.45001220703125,234244
2025-10-02 15:02:00,451.5400085449219,453.0199890136719,451.5400085449219,452.80999755859375,328955
2025-10-02 15:03:00,449.5299987792969,451.8695983886719,449.3599853515625,451.5299987792969,1082854
2025-10-02 15:04:00,449.85009765625,450.5199890136719,449.340087890625,449.55999755859375,491647
2025-10-02 15:05:00,450.56500244140625,450.7900085449219,449.8949890136719,449.8949890136719,387133
2025-10-02 15:06:00,451.1700134277344,451.1700134277344,450.44000244140625,450.55499267578125,299791
2025-10-02 15:07:00,452.25,452.29998779296875,451.1499938964844,451.20001220703125,290507
2025-10-02 15:08:00,451.8599853515625,452.5,451.760009765625,452.239990234375,321850
2025-10-02 15:09:00,452.2799987792969,452.5820007324219,451.7099914550781,451.8550109863281,292362
2025-10-02 15:10:00,453.25,453.6061096191406,452.1600036621094,452.2875061035156,434119
2025-10-02 15:11:00,452.989990234375,453.260009765625,452.3599853515625,453.20001220703125,275871
2025-10-02 15:12:00,452.42999267578125,453.2087097167969,452.3299865722656,453.0299987792969,214456
2025-10-02 15:13:00,453.385009765625,453.4399108886719,452.42999267578125,452.4649963378906,269577
2025-10-02 15:14:00,453.327392578125,453.45001220703125,452.8299865722656,453.45001220703125,200742
2025-10-02 15:15:00,453.4800109863281,453.4800109863281,452.95001220703125,453.3598937988281,160515
2025-10-02 15:16:00,453.1199951171875,453.7294006347656,453.0400085449219,453.42498779296875,270568
2025-10-02 15:17:00,453.6549987792969,453.68499755859375,452.8999938964844,453.2019958496094,165556
2025-10-02 15:18:00,453.6000061035156,453.8699035644531,453.2900085449219,453.6700134277344,185606
2025-10-02 15:19:00,453.63909912109375,453.9700012207031,453.42999267578125,453.5849914550781,169243
2025-10-02 15:20:00,453.5,453.70989990234375,453.1499938964844,453.6700134277344,160350
2025-10-02 15:21:00,453.32000732421875,453.75,453.0199890136719,453.4700012207031,177833
2025-10-02 15:22:00,454.03009033203125,454.2699890136719,453.1099853515625,453.29998779296875,371470
2025-10-02 15:23:00,454.04998779296875,454.25,453.989990234375,454.05999755859375,206483
2025-10-02 15:24:00,453.6400146484375,454.3599853515625,453.57000732421875,454.0,249787
2025-10-02 15:25:00,452.090087890625,453.7200012207031,452.0400085449219,453.6300964355469,368659
2025-10-02 15:26:00,451.07501220703125,452.2196960449219,450.989990234375,452.135009765625,375521
2025-10-02 15:27:00,451.45001220703125,451.8699951171875,451.04010009765625,451.0766906738281,236189
2025-10-02 15:28:00,451.29998779296875,451.6400146484375,451.05999755859375,451.3999938964844,254334
2025-10-02 15:29:00,450.3039855957031,451.37200927734375,450.1499938964844,451.29998779296875,318525
2025-10-02 15:30:00,450.875,451.05609130859375,450.0199890136719,450.3492126464844,337844
2025-10-02 15:31:00,450.6322021484375,451.1400146484375,450.4601135253906,450.875,246247
2025-10-02 15:32:00,449.3699951171875,450.6700134277344,449.1400146484375,450.6700134277344,499699
2025-10-02 15:33:00,449.4451904296875,449.8900146484375,448.7002868652344,449.3511047363281,484199
2025-10-02 15:34:00,450.07000732421875,450.5498962402344,449.29559326171875,449.42498779296875,409987
2025-10-02 15:35:00,449.1300048828125,450.260009765625,448.8500061035156,450.1199951171875,300661
2025-10-02 15:36:00,448.1000061035156,449.3799133300781,447.8290100097656,449.1671142578125,549450
2025-10-02 15:37:00,446.6700134277344,448.25,446.20001220703125,448.1199951171875,624361
2025-10-02 15:38:00,447.2799987792969,447.489990234375,446.6099853515625,446.67498779296875,370840
2025-10-02 15:39:00,446.42999267578125,447.61279296875,446.1099853515625,447.2900085449219,517007
2025-10-02 15:40:00,447.0400085449219,447.2699890136719,445.8999938964844,446.3800964355469,529092
2025-10-02 15:41:00,448.0,448.2499084472656,447.0790100097656,447.0799865722656,510978
2025-10-02 15:42:00,447.09649658203125,448.1199951171875,446.6200866699219,447.98480224609375,330820
2025-10-02 15:43:00,447.4826965332031,447.5299987792969,446.5299987792969,447.1000061035156,309271
2025-10-02 15:44:00,446.1199951171875,447.5400085449219,446.0799865722656,447.4601135253906,284823
2025-10-02 15:45:00,446.6499938964844,446.6499938964844,445.9849853515625,446.0950012207031,364562
2025-10-02 15:46:00,446.3500061035156,446.989990234375,446.0,446.67999267578125,245699
2025-10-02 15:47:00,444.9200134277344,446.4798889160156,444.8800048828125,446.2703857421875,750412
2025-10-02 15:48:00,445.3500061035156,445.4800109863281,444.79998779296875,444.9100036621094,348514
2025-10-02 15:49:00,444.9849853515625,445.7909851074219,444.7300109863281,445.24310302734375,307417
2025-10-02 15:50:00,446.6700134277344,446.7174072265625,444.95001220703125,445.0400085449219,389573
2025-10-02 15:51:00,445.5799865722656,446.75,445.5,446.635009765625,366104
2025-10-02 15:52:00,447.19000244140625,447.19000244140625,445.5350036621094,445.6152038574219,346142
2025-10-02 15:53:00,447.848388671875,447.989990234375,446.9200134277344,447.1449890136719,291007
2025-10-02 15:54:00,448.1499938964844,448.2215881347656,447.6600036621094,447.8216857910156,284046
2025-10-02 15:55:00,448.39788818359375,448.76910400390625,448.0299987792969,448.1099853515625,329290
2025-10-02 15:56:00,448.010009765625,448.6000061035156,447.79998779296875,448.3699951171875,298806
2025-10-02 15:57:00,448.3800048828125,448.45001220703125,447.92999267578125,448.0199890136719,161581
2025-10-02 15:58:00,448.1700134277344,448.5790100097656,447.79998779296875,448.3800048828125,243116
2025-10-02 15:59:00,447.5799865722656,448.3598937988281,447.5799865722656,448.17999267578125,198360
2025-10-02 16:00:00,446.94110107421875,447.6000061035156,446.9100036621094,447.5299987792969,259532
2025-10-02 16:01:00,447.0382080078125,447.55999755859375,446.8399963378906,446.9599914550781,185681
2025-10-02 16:02:00,448.330810546875,448.4800109863281,447.0299987792969,447.0299987792969,249719
2025-10-02 16:03:00,448.91009521484375,449.0,448.2001037597656,448.4049987792969,352092
2025-10-02 16:04:00,448.05999755859375,449.0159912109375,447.92999267578125,448.9599914550781,279089
2025-10-02 16:05:00,446.93499755859375,448.1099853515625,446.6199951171875,447.9599914550781,281464
2025-10-02 16:06:00,447.2349853515625,447.63970947265625,446.8599853515625,446.9595031738281,194939
2025-10-02 16:07:00,448.45111083984375,448.5762939453125,446.82000732421875,447.2300109863281,218799
2025-10-02 16:08:00,447.44000244140625,448.4476013183594,447.32000732421875,448.4460144042969,225560
2025-10-02 16:09:00,448.10009765625,448.10009765625,447.4549865722656,447.4700012207031,130375
2025-10-02 16:10:00,447.9700012207031,448.239990234375,447.7601013183594,448.1000061035156,149555
2025-10-02 16:11:00,447.8999938964844,448.3800048828125,447.6600036621094,447.9700012207031,169178
2025-10-02 16:12:00,447.9750061035156,448.3500061035156,447.7200012207031,447.8999938964844,103259
2025-10-02 16:13:00,447.7200012207031,448.3399963378906,447.489990234375,448.1300048828125,152765
2025-10-02 16:14:00,448.2550048828125,448.30999755859375,447.6600036621094,447.7054138183594,126633
2025-10-02 16:15:00,448.2300109863281,448.5,448.1099853515625,448.18829345703125,171455
2025-10-02 16:16:00,448.6499938964844,448.69989013671875,448.0899963378906,448.251708984375,183326
2025-10-02 16:17:00,448.20001220703125,448.6499938964844,447.8999938964844,448.5994873046875,203819
2025-10-02 16:18:00,447.67999267578125,448.3598937988281,447.5201110839844,448.19000244140625,184534
2025-10-02 16:19:00,448.1890869140625,448.2699890136719,447.6241149902344,447.68499755859375,155917
2025-10-02 16:20:00,447.70001220703125,448.1950988769531,447.1004943847656,448.1650085449219,182452
2025-10-02 16:21:00,446.9100036621094,447.70159912109375,446.8800048828125,447.652099609375,171577
2025-10-02 16:22:00,447.510009765625,447.5299987792969,446.92999267578125,446.94000244140625,160591
2025-10-02 16:23:00,447.7525939941406,447.8299865722656,447.4100036621094,447.5090026855469,118243
2025-10-02 16:24:00,447.0249938964844,447.7799987792969,446.8999938964844,447.739990234375,151090
2025-10-02 16:25:00,446.7900085449219,447.4150085449219,446.739990234375,447.0235900878906,114156
2025-10-02 16:26:00,447.04840087890625,447.3200988769531,446.6499938964844,446.7900085449219,146737
2025-10-02 16:27:00,447.07501220703125,447.260009765625,446.95001220703125,447.0350036621094,102700
2025-10-02 16:28:00,446.92999267578125,447.3399963378906,446.9100036621094,447.04998779296875,118275
2025-10-02 16:29:00,447.38299560546875,447.4999084472656,446.9200134277344,446.92999267578125,102738
2025-10-02 16:30:00,447.39019775390625,447.6596984863281,447.1000061035156,447.37200927734375,140704
2025-10-02 16:31:00,447.5150146484375,447.67999267578125,447.07720947265625,447.4049987792969,101960
2025-10-02 16:32:00,447.6700134277344,447.760009765625,447.360107421875,447.4800109863281,97358
2025-10-02 16:33:00,447.3599853515625,447.79998779296875,447.010009765625,447.6499938964844,162032
2025-10-02 16:34:00,447.1050109863281,447.4599914550781,447.03131103515625,447.3800048828125,90920
2025-10-02 16:35:00,447.0314025878906,447.29998779296875,446.82000732421875,447.15521240234375,154012
2025-10-02 16:36:00,447.0849914550781,447.1700134277344,446.7300109863281,447.0068054199219,128914
2025-10-02 16:37:00,445.6099853515625,447.1499938964844,445.3299865722656,447.1400146484375,387243
2025-10-02 16:38:00,445.6700134277344,446.1871032714844,445.42999267578125,445.6596984863281,221926
2025-10-02 16:39:00,446.1700134277344,446.29998779296875,445.66009521484375,445.6889953613281,149890
2025-10-02 16:40:00,445.7900085449219,446.2799072265625,445.67999267578125,446.1600036621094,150464
2025-10-02 16:41:00,444.20001220703125,445.909912109375,443.8299865722656,445.83990478515625,683574
2025-10-02 16:42:00,444.6098937988281,445.05731201171875,444.1401062011719,444.260009765625,278700
2025-10-02 16:43:00,444.3599853515625,445.1499938964844,444.3599853515625,444.54998779296875,234795
2025-10-02 16:44:00,442.97210693359375,444.55999755859375,442.8999938964844,444.3699951171875,489907
2025-10-02 16:45:00,442.1000061035156,443.07989501953125,441.7799987792969,442.90008544921875,483622
2025-10-02 16:46:00,442.6099853515625,442.94000244140625,441.989990234375,442.0799865722656,366999
2025-10-02 16:47:00,443.17498779296875,443.2900085449219,442.5000915527344,442.55999755859375,318486
2025-10-02 16:48:00,441.70001220703125,443.19989013671875,441.70001220703125,443.1910095214844,331688
2025-10-02 16:49:00,442.55999755859375,442.67999267578125,441.4599914550781,441.70001220703125,334946
2025-10-02 16:50:00,443.04998779296875,443.2300109863281,442.5224914550781,442.6000061035156,266057
2025-10-02 16:51:00,443.55999755859375,443.7200012207031,442.80999755859375,443.0,260943
2025-10-02 16:52:00,444.07000732421875,444.19891357421875,443.1484069824219,443.5799865722656,280482
2025-10-02 16:53:00,443.9949951171875,444.08990478515625,443.590087890625,444.0450134277344,175487
2025-10-02 16:54:00,443.7149963378906,444.29998779296875,443.5618896484375,443.9739990234375,235618
2025-10-02 16:55:00,443.6700134277344,444.1199951171875,443.3699951171875,443.64898681640625,229385
2025-10-02 16:56:00,443.76611328125,444.0799865722656,443.2799987792969,443.71990966796875,182273
2025-10-02 16:57:00,444.30999755859375,444.3598937988281,443.739990234375,443.739990234375,191881
2025-10-02 16:58:00,443.95831298828125,444.4200134277344,443.79998779296875,444.30999755859375,155877
2025-10-02 16:59:00,444.05999755859375,444.2499084472656,443.9107971191406,443.9107971191406,95878
2025-10-02 17:00:00,444.0199890136719,444.5,443.80999755859375,444.0199890136719,160550
2025-10-02 17:01:00,444.07501220703125,444.20001220703125,443.44140625,444.0,220400
2025-10-02 17:02:00,443.9424133300781,444.4100036621094,443.8299865722656,444.06048583984375,181975
2025-10-02 17:03:00,443.9988098144531,444.1697082519531,443.55059814453125,443.9779968261719,171070
2025-10-02 17:04:00,443.8500061035156,444.239990234375,443.7099914550781,444.0,277781
2025-10-02 17:05:00,444.07501220703125,444.1000061035156,443.6014099121094,443.80108642578125,139897
2025-10-02 17:06:00,444.6708068847656,444.75,444.0238037109375,444.08050537109375,210220
2025-10-02 17:07:00,444.1499938964844,444.739990234375,444.0006103515625,444.739990234375,167995
2025-10-02 17:08:00,443.9580078125,444.114990234375,443.5700988769531,444.1000061035156,168530
2025-10-02 17:09:00,443.44500732421875,444.3599853515625,443.2900085449219,443.8800048828125,192781
2025-10-02 17:10:00,444.03009033203125,444.21990966796875,443.3999938964844,443.3999938964844,153021
2025-10-02 17:11:00,443.6000061035156,444.1499938964844,443.4599914550781,444.010009765625,136591
2025-10-02 17:12:00,443.68798828125,443.9635009765625,443.45001220703125,443.57501220703125,108172
2025-10-02 17:13:00,443.1698913574219,443.8699951171875,442.67999267578125,443.70001220703125,274297
2025-10-02 17:14:00,443.4901123046875,443.7300109863281,443.1700134277344,443.1700134277344,149089
2025-10-02 17:15:00,443.2799987792969,443.6700134277344,443.1200866699219,443.4827880859375,123829
2025-10-02 17:16:00,443.30999755859375,443.3999938964844,443.0,443.2349853515625,138860
2025-10-02 17:17:00,442.92999267578125,443.3599853515625,442.8299865722656,443.3544921875,149170
2025-10-02 17:18:00,442.3284912109375,443.1282043457031,442.20001220703125,442.92999267578125,224302
2025-10-02 17:19:00,443.0899963378906,443.0899963378906,442.20001220703125,442.3200988769531,218174
2025-10-02 17:20:00,442.96929931640625,443.20001220703125,442.6506042480469,443.0292053222656,144168
2025-10-02 17:21:00,443.4700012207031,443.6299133300781,442.9700012207031,442.9700012207031,233198
2025-10-02 17:22:00,443.901611328125,443.9800109863281,443.3800964355469,443.3901062011719,215209
2025-10-02 17:23:00,443.8299865722656,444.20001220703125,443.4599914550781,443.8949890136719,222192
2025-10-02 17:24:00,444.1883850097656,444.2900085449219,443.65618896484375,443.7850036621094,162689
2025-10-02 17:25:00,444.32000732421875,444.4800109863281,444.1300048828125,444.16339111328125,182249
2025-10-02 17:26:00,444.2882995605469,444.510009765625,444.10009765625,444.2699890136719,155629
2025-10-02 17:27:00,444.5400085449219,444.6000061035156,444.010009765625,444.2900085449219,294878
2025-10-02 17:28:00,445.44940185546875,445.6300048828125,444.5050048828125,444.5465087890625,359451
2025-10-02 17:29:00,445.8900146484375,446.04998779296875,445.3830871582031,445.4457092285156,302766
2025-10-02 17:30:00,445.7200012207031,445.8999938964844,445.3699951171875,445.8900146484375,235262
2025-10-02 17:31:00,445.7900085449219,445.989990234375,445.4200134277344,445.739990234375,195004
2025-10-02 17:32:00,445.80999755859375,445.8800048828125,445.4750061035156,445.7777099609375,171563
2025-10-02 17:33:00,446.5585021972656,446.7799987792969,445.80999755859375,445.8150939941406,348264
2025-10-02 17:34:00,446.2699890136719,446.67999267578125,445.9700012207031,446.54998779296875,263066
2025-10-02 17:35:00,445.79998779296875,446.3999938964844,445.6199951171875,446.239990234375,202039
2025-10-02 17:36:00,444.8349914550781,445.8599853515625,444.760009765625,445.7900085449219,331962
2025-10-02 17:37:00,444.277099609375,445.0199890136719,444.0199890136719,444.8316955566406,252370
2025-10-02 17:38:00,443.1925048828125,444.3699951171875,443.1700134277344,444.2550048828125,226135
2025-10-02 17:39:00,443.2814025878906,443.3900146484375,442.6300048828125,443.18609619140625,344506
2025-10-02 17:40:00,443.739990234375,443.9800109863281,443.1099853515625,443.30999755859375,252455
2025-10-02 17:41:00,444.375,444.6600036621094,443.4100036621094,443.769287109375,281671
2025-10-02 17:42:00,443.5516052246094,444.4198913574219,443.5516052246094,444.3699951171875,202703
2025-10-02 17:43:00,443.29119873046875,443.7699890136719,443.2200012207031,443.6099853515625,208960
2025-10-02 17:44:00,442.80499267578125,443.42999267578125,442.4800109863281,443.2900085449219,299360
2025-10-02 17:45:00,442.8153991699219,443.2099914550781,442.70001220703125,442.82000732421875,208893
2025-10-02 17:46:00,440.6650085449219,443.1099853515625,440.489990234375,442.79998779296875,610437
2025-10-02 17:47:00,440.0450134277344,441.20001220703125,439.6000061035156,440.6099853515625,735353
2025-10-02 17:48:00,440.95001220703125,441.20989990234375,439.8800048828125,440.0199890136719,402608
2025-10-02 17:49:00,441.5472106933594,441.7200012207031,440.36700439453125,440.9999084472656,352727
2025-10-02 17:50:00,441.54998779296875,441.7829895019531,441.2099914550781,441.6000061035156,208348
2025-10-02 17:51:00,440.8800048828125,441.8699951171875,440.5,441.54998779296875,321854
2025-10-02 17:52:00,441.4599914550781,441.5299072265625,440.8599853515625,440.9302062988281,206073
2025-10-02 17:53:00,441.80999755859375,442.0,441.281005859375,441.3900146484375,209292
2025-10-02 17:54:00,441.2598876953125,441.82501220703125,441.1300048828125,441.82501220703125,154868
2025-10-02 17:55:00,440.80999755859375,441.6300048828125,440.760009765625,441.17010498046875,226744
2025-10-02 17:56:00,441.00408935546875,441.1700134277344,440.6499938964844,440.82000732421875,160985
2025-10-02 17:57:00,440.7300109863281,441.239990234375,440.6499938964844,440.9700012207031,141419
2025-10-02 17:58:00,441.1199951171875,441.3800048828125,440.6600036621094,440.7318115234375,155645
2025-10-02 17:59:00,441.0299987792969,441.3399963378906,440.6700134277344,441.14788818359375,179118
2025-10-02 18:00:00,440.80999755859375,441.5552062988281,440.7956848144531,441.0150146484375,197260
2025-10-02 18:01:00,441.0,441.2298889160156,440.46099853515625,440.8299865722656,297192
2025-10-02 18:02:00,440.82000732421875,441.0899963378906,440.45001220703125,441.0150146484375,150049
2025-10-02 18:03:00,440.70001220703125,440.8529052734375,440.4125061035156,440.82550048828125,158006
2025-10-02 18:04:00,441.07000732421875,441.1400146484375,440.55999755859375,440.67999267578125,153873
2025-10-02 18:05:00,441.7799987792969,442.2698974609375,441.0849914550781,441.1499938964844,295469
2025-10-02 18:06:00,442.239990234375,442.29998779296875,441.7850036621094,441.7850036621094,177090
2025-10-02 18:07:00,441.8399963378906,442.32000732421875,441.7799987792969,442.239990234375,170597
2025-10-02 18:08:00,441.8782958984375,441.9299011230469,441.29998779296875,441.8482971191406,179896
2025-10-02 18:09:00,441.5780029296875,442.1496887207031,441.54998779296875,441.8999938964844,141920
2025-10-02 18:10:00,441.82391357421875,441.8800048828125,441.4200134277344,441.5899963378906,107506
2025-10-02 18:11:00,442.05999755859375,442.260009765625,441.8500061035156,441.8500061035156,155011
2025-10-02 18:12:00,442.5033874511719,442.6199951171875,441.9200134277344,442.0899963378906,224788
2025-10-02 18:13:00,442.135009765625,442.7099914550781,442.1300048828125,442.5350036621094,165315
2025-10-02 18:14:00,442.7749938964844,442.8699951171875,442.1000061035156,442.2449951171875,184687
2025-10-02 18:15:00,442.5014953613281,442.79998779296875,442.3599853515625,442.760009765625,117342
2025-10-02 18:16:00,442.1300048828125,442.659912109375,442.1199951171875,442.5249938964844,118380
2025-10-02 18:17:00,442.4085998535156,442.7200012207031,442.10101318359375,442.1400146484375,154348
2025-10-02 18:18:00,442.5700988769531,442.79998779296875,442.3599853515625,442.3949890136719,135409
2025-10-02 18:19:00,442.94500732421875,443.1700134277344,442.5317077636719,442.57501220703125,198059
2025-10-02 18:20:00,442.9930114746094,443.29998779296875,442.9100036621094,442.9302062988281,166897
2025-10-02 18:21:00,442.80499267578125,443.1712951660156,442.54998779296875,443.0299987792969,159507
2025-10-02 18:22:00,442.80999755859375,442.8500061035156,442.3500061035156,442.7991027832031,142236
2025-10-02 18:23:00,442.8258972167969,442.97100830078125,442.5199890136719,442.82501220703125,135212
2025-10-02 18:24:00,442.4200134277344,442.82000732421875,442.3900146484375,442.8009033203125,112199
2025-10-02 18:25:00,441.6322021484375,442.4549865722656,441.6000061035156,442.42010498046875,216889
2025-10-02 18:26:00,442.04998779296875,442.20001220703125,441.6005859375,441.6600036621094,132822
2025-10-02 18:27:00,439.885009765625,442.0899963378906,439.75,442.07501220703125,490909
2025-10-02 18:28:00,440.489990234375,440.96990966796875,439.0799865722656,439.88079833984375,452924
2025-10-02 18:29:00,441.2484130859375,441.2484130859375,440.489990234375,440.489990234375,232915
2025-10-02 18:30:00,441.2550048828125,441.6000061035156,441.1499938964844,441.19110107421875,215028
2025-10-02 18:31:00,440.4501037597656,441.3500061035156,440.4501037597656,441.2900085449219,203419
2025-10-02 18:32:00,440.12359619140625,440.7699890136719,440.0,440.489990234375,245069
2025-10-02 18:33:00,440.2500915527344,440.6856994628906,440.0899963378906,440.1499938964844,219998
2025-10-02 18:34:00,440.1535949707031,440.5588073730469,440.1000061035156,440.2799987792969,185145
2025-10-02 18:35:00,439.7850036621094,440.5799865722656,439.7099914550781,440.1600036621094,268826
2025-10-02 18:36:00,438.9800109863281,439.94989013671875,438.45001220703125,439.7500915527344,545416
2025-10-02 18:37:00,439.9591064453125,439.9898986816406,438.95001220703125,438.98760986328125,300017
2025-10-02 18:38:00,440.0400085449219,440.1409912109375,439.5101013183594,439.9534912109375,199795
2025-10-02 18:39:00,441.15008544921875,441.2699890136719,440.010009765625,440.03350830078125,334865
2025-10-02 18:40:00,440.8399963378906,441.4100036621094,440.69000244140625,441.17498779296875,239285
2025-10-02 18:41:00,440.9501037597656,441.1199951171875,440.70001220703125,440.8299865722656,141014
2025-10-02 18:42:00,441.3652038574219,441.5,440.8900146484375,440.9999084472656,168993
2025-10-02 18:43:00,440.8918151855469,441.5,440.7200012207031,441.3999938964844,163934
2025-10-02 18:44:00,441.3599853515625,441.5,440.85009765625,440.86090087890625,152119
2025-10-02 18:45:00,440.94000244140625,441.6300048828125,440.80010986328125,441.340087890625,202560
2025-10-02 18:46:00,440.1216125488281,441.19000244140625,439.989990234375,440.95001220703125,287976
2025-10-02 18:47:00,440.6658020019531,440.69000244140625,440.1163024902344,440.125,183893
2025-10-02 18:48:00,441.0400085449219,441.3900146484375,440.5799865722656,440.6300048828125,178508
2025-10-02 18:49:00,441.4270935058594,441.46990966796875,441.0,441.0350036621094,131178
2025-10-02 18:50:00,441.1600036621094,441.45001220703125,440.80999755859375,441.45001220703125,176017
2025-10-02 18:51:00,441.0400085449219,441.16119384765625,440.70001220703125,441.1600036621094,123016
2025-10-02 18:52:00,441.0,441.489990234375,440.75,440.9949951171875,152076
2025-10-02 18:53:00,441.1640930175781,441.20001220703125,440.8900146484375,441.0249938964844,110468
2025-10-02 18:54:00,441.1299133300781,441.3900146484375,440.8800048828125,441.17999267578125,129823
2025-10-02 18:55:00,440.9331970214844,441.5849914550781,440.80999755859375,441.1300048828125,189058
2025-10-02 18:56:00,441.010009765625,441.1299133300781,440.7200927734375,440.95001220703125,161499
2025-10-02 18:57:00,441.010009765625,441.1600036621094,440.8500061035156,441.0068054199219,103829
2025-10-02 18:58:00,440.99261474609375,441.18450927734375,440.7301025390625,441.0299987792969,132071
2025-10-02 18:59:00,441.04998779296875,441.3599853515625,440.9200134277344,441.0,127332
2025-10-02 19:00:00,441.3700866699219,441.5069885253906,441.0,441.0199890136719,177480
2025-10-02 19:01:00,442.8800048828125,442.9599914550781,441.3399963378906,441.385009765625,386484
2025-10-02 19:02:00,443.0586853027344,443.1700134277344,442.7001037597656,442.9100036621094,284940
2025-10-02 19:03:00,443.3299865722656,443.4700012207031,442.9252014160156,443.08099365234375,252753
2025-10-02 19:04:00,443.40240478515625,443.4898986816406,443.1600036621094,443.3500061035156,196716
2025-10-02 19:05:00,443.92999267578125,444.20001220703125,443.4173889160156,443.43499755859375,343776
2025-10-02 19:06:00,443.2699890136719,444.1499938964844,443.17999267578125,443.989990234375,297713
2025-10-02 19:07:00,442.05999755859375,443.3371887207031,442.0,443.31500244140625,333992
2025-10-02 19:08:00,442.0400085449219,442.2799987792969,441.7900085449219,442.0799865722656,257880
2025-10-02 19:09:00,441.9075012207031,442.30999755859375,441.7200012207031,442.0,240909
2025-10-02 19:10:00,441.8949890136719,442.2380065917969,441.7099914550781,441.8999938964844,234695
2025-10-02 19:11:00,442.20001220703125,442.3699951171875,441.8507080078125,441.9100036621094,147560
2025-10-02 19:12:00,441.42999267578125,442.2149963378906,441.0400085449219,442.20001220703125,283995
2025-10-02 19:13:00,441.82000732421875,441.9999084472656,441.3500061035156,441.4049987792969,186487
2025-10-02 19:14:00,442.0249938964844,442.1499938964844,441.67999267578125,441.8399963378906,178584
2025-10-02 19:15:00,441.95001220703125,442.2799987792969,441.5,442.0249938964844,247603
2025-10-02 19:16:00,442.0,442.2300109863281,441.8800048828125,442.0199890136719,135476
2025-10-02 19:17:00,442.0400085449219,442.45001220703125,441.739990234375,442.0,179041
2025-10-02 19:18:00,442.0068054199219,442.20001220703125,441.85009765625,442.1980895996094,113797
2025-10-02 19:19:00,442.3599853515625,442.4100036621094,441.82000732421875,441.989990234375,135638
2025-10-02 19:20:00,442.5249938964844,442.79998779296875,442.25,442.3500061035156,207815
2025-10-02 19:21:00,442.625,442.79998779296875,442.45001220703125,442.5423889160156,186108
2025-10-02 19:22:00,442.7699890136719,442.79998779296875,442.2500915527344,442.6300964355469,508402
2025-10-02 19:23:00,443.1701965332031,443.3599853515625,442.6700134277344,442.69000244140625,287654
2025-10-02 19:24:00,442.7300109863281,443.3699951171875,442.7001037597656,443.19500732421875,354110
2025-10-02 19:25:00,442.79998779296875,443.2200012207031,442.70001220703125,442.7300109863281,206897
2025-10-02 19:26:00,442.35760498046875,442.8800048828125,442.2200012207031,442.7705993652344,183709
2025-10-02 19:27:00,442.92999267578125,442.95001220703125,442.37799072265625,442.3800048828125,166318
2025-10-02 19:28:00,442.5672912597656,442.989990234375,442.5,442.9154052734375,106296
2025-10-02 19:29:00,442.7799987792969,442.92999267578125,442.53009033203125,442.54998779296875,122934
2025-10-02 19:30:00,442.1600036621094,443.0400085449219,442.1099853515625,442.7850036621094,194680
2025-10-02 19:31:00,441.7799987792969,442.260009765625,441.6000061035156,442.19781494140625,272832
2025-10-02 19:32:00,441.9200134277344,441.95001220703125,441.25,441.7799987792969,246460
2025-10-02 19:33:00,441.0249938964844,441.9700012207031,441.0,441.8900146484375,219280
2025-10-02 19:34:00,441.05499267578125,441.1300048828125,440.6300964355469,441.0400085449219,321262
2025-10-02 19:35:00,440.260009765625,441.1199951171875,440.0000915527344,441.05999755859375,259159
2025-10-02 19:36:00,439.84759521484375,440.3900146484375,439.7900085449219,440.3099060058594,372784
2025-10-02 19:37:00,439.6499938964844,440.2090148925781,439.6300964355469,439.8599853515625,321244
2025-10-02 19:38:00,440.375,440.47479248046875,439.67999267578125,439.67999267578125,267546
2025-10-02 19:39:00,440.3999938964844,440.4599914550781,440.1394958496094,440.364990234375,200495
2025-10-02 19:40:00,440.5697021484375,440.70001220703125,439.8500061035156,440.4100036621094,271302
2025-10-02 19:41:00,439.9549865722656,440.6659851074219,439.8999938964844,440.57000732421875,203348
2025-10-02 19:42:00,440.2300109863281,440.5,439.8999938964844,439.9460144042969,231652
2025-10-02 19:43:00,439.9880065917969,440.5400085449219,439.8999938964844,440.2349853515625,214613
2025-10-02 19:44:00,439.0799865722656,440.0799865722656,439.0400085449219,440.0,404042
2025-10-02 19:45:00,439.239990234375,439.30999755859375,438.67999267578125,439.1000061035156,415889
2025-10-02 19:46:00,438.8700866699219,439.4209899902344,438.510009765625,439.239990234375,316360
2025-10-02 19:47:00,438.8299865722656,439.17999267578125,438.70001220703125,438.8699951171875,257178
2025-10-02 19:48:00,438.3699951171875,438.8550109863281,438.0899963378906,438.8500061035156,357911
2025-10-02 19:49:00,438.94000244140625,439.1099853515625,438.2958068847656,438.3900146484375,312663
2025-10-02 19:50:00,437.4100036621094,439.0400085449219,437.0401916503906,438.9800109863281,744601
2025-10-02 19:51:00,438.30999755859375,438.30999755859375,437.4100036621094,437.4200134277344,427529
2025-10-02 19:52:00,436.95001220703125,438.2900085449219,436.8399963378906,438.2900085449219,527414
2025-10-02 19:53:00,437.20001220703125,437.79998779296875,436.92449951171875,436.989990234375,353266
2025-10-02 19:54:00,436.2200012207031,437.2799987792969,435.9700012207031,437.19000244140625,677052
2025-10-02 19:55:00,436.55120849609375,437.0899963378906,435.9700012207031,436.239990234375,521867
2025-10-02 19:56:00,436.44000244140625,436.80999755859375,436.29998779296875,436.6000061035156,378732
2025-10-02 19:57:00,436.3999938964844,436.6300048828125,435.90008544921875,436.4700012207031,507217
2025-10-02 19:58:00,435.9949951171875,436.4399108886719,435.9200134277344,436.3699951171875,540143
2025-10-02 19:59:00,435.9700012207031,436.3900146484375,435.57000732421875,436.0199890136719,1133432
2025-10-03 13:30:00,442.94549560546875,444.44000244140625,442.2699890136719,443.2850036621094,4986362
2025-10-03 13:31:00,446.123291015625,446.7699890136719,442.90399169921875,443.010986328125,1087459
2025-10-03 13:32:00,445.86749267578125,446.64898681640625,445.2217102050781,446.1000061035156,729444
2025-10-03 13:33:00,442.20001220703125,445.8699951171875,441.8299865722656,445.8063049316406,820211
2025-10-03 13:34:00,441.9255065917969,442.9700012207031,441.0,442.2499084472656,709049
2025-10-03 13:35:00,441.5249938964844,442.04998779296875,441.340087890625,441.9700012207031,104117
2025-10-03 13:36:00,442.0683898925781,442.09820556640625,440.56201171875,441.57000732421875,1011975
2025-10-03 13:37:00,442.45001220703125,442.55999755859375,441.375,442.0187072753906,429135
2025-10-03 13:38:00,441.434814453125,442.55999755859375,441.29998779296875,442.44500732421875,357898
2025-10-03 13:39:00,441.5950012207031,442.20001220703125,440.9200134277344,441.4451904296875,357005
2025-10-03 13:40:00,439.739990234375,442.30999755859375,439.6700134277344,441.659912109375,653943
2025-10-03 13:41:00,439.1138000488281,440.2290954589844,438.6300048828125,439.8399963378906,764612
2025-10-03 13:42:00,438.4381103515625,439.46990966796875,438.3999938964844,439.0700988769531,456166
2025-10-03 13:43:00,440.6099853515625,440.6099853515625,438.3800048828125,438.5111999511719,512521
2025-10-03 13:44:00,441.1300048828125,441.92498779296875,440.330810546875,440.6199951171875,556430
2025-10-03 13:45:00,440.010009765625,441.2300109863281,439.2099914550781,441.1578063964844,0
2025-10-03 13:46:00,439.4674987792969,440.2900085449219,439.0,440.01220703125,4230416
2025-10-03 13:47:00,440.1300964355469,440.3999938964844,439.20001220703125,439.4565124511719,310058
2025-10-03 13:48:00,440.60089111328125,440.8399963378906,439.80999755859375,440.1950988769531,256934
2025-10-03 13:49:00,440.0325927734375,440.69000244140625,439.40008544921875,440.6199035644531,337955
2025-10-03 13:50:00,440.3699951171875,440.5799865722656,439.4200134277344,440.0325927734375,295113
2025-10-03 13:51:00,439.2300109863281,440.489990234375,439.20001220703125,440.31500244140625,250243
2025-10-03 13:52:00,439.6036071777344,439.82989501953125,438.1499938964844,439.2300109863281,460657
2025-10-03 13:53:00,438.6099853515625,440.1499938964844,438.57000732421875,439.59698486328125,309066
2025-10-03 13:54:00,438.23040771484375,438.9648132324219,437.6000061035156,438.6473083496094,545779
2025-10-03 13:55:00,437.42059326171875,438.1600036621094,437.0199890136719,438.1600036621094,484568
2025-10-03 13:56:00,437.1199951171875,438.2598876953125,437.0799865722656,437.3944091796875,372941
2025-10-03 13:57:00,437.60308837890625,438.139892578125,437.0299987792969,437.1300048828125,336044
2025-10-03 13:58:00,436.41119384765625,437.6700134277344,436.2799987792969,437.55999755859375,446091
2025-10-03 13:59:00,438.1650085449219,438.4299011230469,436.45001220703125,436.45001220703125,520967
2025-10-03 14:00:00,436.62200927734375,438.29998779296875,436.3500061035156,438.2300109863281,411626
2025-10-03 14:01:00,435.9800109863281,437.5299987792969,435.70001220703125,436.5368957519531,629868
2025-10-03 14:02:00,435.1000061035156,436.3399963378906,434.78009033203125,436.0299987792969,727700
2025-10-03 14:03:00,434.82000732421875,435.7200012207031,434.75,435.1199951171875,469765
2025-10-03 14:04:00,435.1000061035156,435.8194885253906,434.6000061035156,434.7799987792969,498797
2025-10-03 14:05:00,433.409912109375,435.17999267578125,433.2101135253906,435.0610046386719,662366
2025-10-03 14:06:00,433.81500244140625,434.29901123046875,433.20001220703125,433.28009033203125,480225
2025-10-03 14:07:00,434.2099914550781,434.3299865722656,433.1499938964844,433.8299865722656,425636
2025-10-03 14:08:00,432.19000244140625,434.25,432.0199890136719,434.1600036621094,622810
2025-10-03 14:09:00,431.70989990234375,432.32501220703125,431.25,432.16009521484375,681199
2025-10-03 14:10:00,431.0165100097656,432.2699890136719,430.6700134277344,431.6700134277344,659974
2025-10-03 14:11:00,429.71990966796875,431.2699890136719,429.2101135253906,431.010009765625,1136629
2025-10-03 14:12:00,430.760009765625,430.8363037109375,429.3999938964844,429.6911926269531,689836
2025-10-03 14:13:00,430.0679016113281,430.95001220703125,430.0,430.7799987792969,383680
2025-10-03 14:14:00,431.4198913574219,431.6499938964844,430.0,430.0450134277344,531991
2025-10-03 14:15:00,433.35040283203125,433.3800048828125,431.30999755859375,431.3680114746094,653259
2025-10-03 14:16:00,433.3399963378906,433.59991455078125,432.54998779296875,433.2701110839844,574075
2025-10-03 14:17:00,432.8599853515625,433.489990234375,432.6131896972656,433.3450012207031,257006
2025-10-03 14:18:00,432.0133056640625,433.0,431.70001220703125,432.8699035644531,352036
2025-10-03 14:19:00,431.25,432.31988525390625,430.94500732421875,432.05340576171875,410580
2025-10-03 14:20:00,430.6401062011719,431.4805908203125,430.45001220703125,431.3299865722656,331200
2025-10-03 14:21:00,431.29998779296875,431.9085998535156,430.68011474609375,430.7699890136719,334405
2025-10-03 14:22:00,430.7550048828125,431.4200134277344,430.5000915527344,431.2620849609375,279665
2025-10-03 14:23:00,429.6600036621094,431.239990234375,429.5400085449219,430.7799987792969,540437
2025-10-03 14:24:00,430.6401062011719,430.67999267578125,429.3999938964844,429.751708984375,364628
2025-10-03 14:25:00,430.4999084472656,430.75,429.75,430.6050109863281,313637
2025-10-03 14:26:00,429.4549865722656,430.78839111328125,429.2099914550781,430.4549865722656,372979
2025-10-03 14:27:00,428.0299987792969,429.69000244140625,427.8800048828125,429.43011474609375,865489
2025-10-03 14:28:00,427.8900146484375,428.7099914550781,427.8800048828125,427.9801025390625,455097
2025-10-03 14:29:00,428.1300048828125,428.5299987792969,427.79998779296875,427.9150085449219,485716
2025-10-03 14:30:00,427.94000244140625,428.6700134277344,427.79998779296875,428.1199951171875,394821
2025-10-03 14:31:00,427.04998779296875,428.04998779296875,427.0400085449219,428.010009765625,576071
2025-10-03 14:32:00,426.50640869140625,427.69000244140625,426.5,427.0401916503906,562018
2025-10-03 14:33:00,426.7900085449219,427.19061279296875,426.29998779296875,426.5150146484375,544766
2025-10-03 14:34:00,427.32000732421875,427.7200012207031,426.7200012207031,426.875,489180
2025-10-03 14:35:00,429.04998779296875,429.1099853515625,427.1400146484375,427.260009765625,610547
2025-10-03 14:36:00,428.8949890136719,429.5028076171875,428.6401062011719,429.02301025390625,460326
2025-10-03 14:37:00,429.81048583984375,429.8800048828125,428.6300048828125,428.9150085449219,442410
2025-10-03 14:38:00,430.10540771484375,430.3580017089844,429.3800048828125,429.79998779296875,452090
2025-10-03 14:39:00,429.69390869140625,430.6499938964844,429.6199951171875,430.1455078125,466067
2025-10-03 14:40:00,428.260009765625,429.7200012207031,428.2200012207031,429.7200012207031,611150
2025-10-03 14:41:00,429.0552062988281,429.7699890136719,428.0199890136719,428.2749938964844,455769
2025-10-03 14:42:00,428.14990234375,429.55999755859375,428.07000732421875,429.0,382902
2025-10-03 14:43:00,427.3945007324219,428.6099853515625,427.30999755859375,428.1496887207031,442887
2025-10-03 14:44:00,427.9241027832031,428.19500732421875,427.25,427.3721923828125,284594
2025-10-03 14:45:00,427.65008544921875,428.3299865722656,427.1300048828125,428.0,349229
2025-10-03 14:46:00,426.8450012207031,428.01300048828125,426.3399963378906,427.75,490472
2025-10-03 14:47:00,425.66119384765625,427.5,425.6099853515625,426.83599853515625,634102
2025-10-03 14:48:00,425.2799987792969,426.05999755859375,424.7200012207031,425.6000061035156,815289
2025-10-03 14:49:00,426.31500244140625,426.3900146484375,425.239990234375,425.28118896484375,492411
2025-10-03 14:50:00,425.69989013671875,426.3800048828125,425.45001220703125,426.29998779296875,384867
2025-10-03 14:51:00,427.07501220703125,427.17999267578125,425.4599914550781,425.56719970703125,459985
2025-10-03 14:52:00,426.7550048828125,427.114990234375,426.4442138671875,427.0729064941406,391558
2025-10-03 14:53:00,425.677001953125,426.8599853515625,425.677001953125,426.7738952636719,357719
2025-10-03 14:54:00,426.1700134277344,426.4599914550781,425.614013671875,425.7049865722656,272181
2025-10-03 14:55:00,425.9761047363281,426.25,425.5799865722656,426.1593933105469,241219
2025-10-03 14:56:00,426.8554992675781,427.04998779296875,425.70001220703125,425.9800109863281,392193
2025-10-03 14:57:00,427.501708984375,427.70001220703125,426.8275146484375,426.8546142578125,390014
2025-10-03 14:58:00,428.2699890136719,428.3699035644531,427.3999938964844,427.4949951171875,388094
2025-10-03 14:59:00,427.3935852050781,428.7200012207031,427.32000732421875,428.239990234375,448877
2025-10-03 15:00:00,427.9150085449219,427.9898986816406,426.9700012207031,427.45001220703125,332282
2025-10-03 15:01:00,427.69500732421875,428.0400085449219,427.29998779296875,427.9085998535156,196295
2025-10-03 15:02:00,427.2492980957031,427.8399963378906,427.090087890625,427.70001220703125,256803
2025-10-03 15:03:00,426.94000244140625,428.23760986328125,426.8999938964844,427.19500732421875,315445
2025-10-03 15:04:00,426.60150146484375,427.4599914550781,426.4200134277344,426.9200134277344,321826
2025-10-03 15:05:00,427.67999267578125,427.79998779296875,426.07000732421875,426.6000061035156,352308
2025-10-03 15:06:00,427.7149963378906,427.9599914550781,427.29998779296875,427.6346130371094,222421
2025-10-03 15:07:00,428.59991455078125,428.6390075683594,427.7001037597656,427.7001037597656,355565
2025-10-03 15:08:00,428.3299865722656,428.7900085449219,428.1700134277344,428.54998779296875,289324
2025-10-03 15:09:00,428.5600891113281,429.0799865722656,428.2099914550781,428.32220458984375,589683
2025-10-03 15:10:00,428.83770751953125,428.8500061035156,428.20001220703125,428.5624084472656,249391
2025-10-03 15:11:00,430.4949951171875,430.5299987792969,428.80999755859375,428.8500061035156,603332
2025-10-03 15:12:00,430.3399963378906,430.5199890136719,429.7799987792969,430.4849853515625,480757
2025-10-03 15:13:00,429.35009765625,430.3800048828125,429.2701110839844,430.32000732421875,376706
2025-10-03 15:14:00,429.1449890136719,429.4800109863281,428.54998779296875,429.3599853515625,365232
2025-10-03 15:15:00,429.1199951171875,429.239990234375,428.590087890625,429.1199951171875,273891
2025-10-03 15:16:00,429.4750061035156,429.8399963378906,429.0,429.110107421875,315284
2025-10-03 15:17:00,430.04998779296875,430.07000732421875,429.2900085449219,429.5,222235
2025-10-03 15:18:00,430.1600036621094,430.20001220703125,429.3900146484375,430.0249938964844,235479
2025-10-03 15:19:00,429.864990234375,430.6694030761719,429.80010986328125,430.1600036621094,330414
2025-10-03 15:20:00,429.9549865722656,430.19000244140625,429.6700134277344,429.8934020996094,181900
2025-10-03 15:21:00,431.0830078125,431.0899963378906,429.93499755859375,429.93499755859375,362808
2025-10-03 15:22:00,430.8536071777344,431.1300048828125,430.53009033203125,431.0450134277344,289012
2025-10-03 15:23:00,431.0400085449219,431.260009765625,430.57281494140625,430.875,296185
2025-10-03 15:24:00,431.6000061035156,431.6199951171875,430.82000732421875,431.0096130371094,344118
2025-10-03 15:25:00,431.43499755859375,431.6000061035156,431.1000061035156,431.57598876953125,301717
2025-10-03 15:26:00,431.3800048828125,431.6899108886719,430.8100891113281,431.3699951171875,277308
2025-10-03 15:27:00,430.8699035644531,431.6000061035156,430.5,431.42999267578125,301562
2025-10-03 15:28:00,430.7799072265625,431.3999938964844,430.68011474609375,430.8570861816406,191875
2025-10-03 15:29:00,430.82000732421875,430.8999938964844,430.2900085449219,430.75,204756
2025-10-03 15:30:00,430.7699890136719,431.84991455078125,430.55999755859375,430.8349914550781,390983
2025-10-03 15:31:00,431.1614074707031,431.1899108886719,430.3999938964844,430.7842102050781,217119
2025-10-03 15:32:00,430.1099853515625,431.3399963378906,429.79998779296875,431.125,381934
2025-10-03 15:33:00,429.0799865722656,430.3999938964844,429.0,430.1000061035156,342211
2025-10-03 15:34:00,429.6669921875,429.9198913574219,428.8299865722656,429.06500244140625,242264
2025-10-03 15:35:00,429.8429870605469,430.1499938964844,429.2699890136719,429.70001220703125,214463
2025-10-03 15:36:00,429.4800109863281,429.9450988769531,429.43011474609375,429.80230712890625,143309
2025-10-03 15:37:00,429.4067077636719,429.82000732421875,429.1000061035156,429.5118103027344,219642
2025-10-03 15:38:00,429.3194885253906,429.4800109863281,428.9700012207031,429.3877868652344,205327
2025-10-03 15:39:00,428.9999084472656,429.6700134277344,428.70001220703125,429.239990234375,314808
2025-10-03 15:40:00,428.8349914550781,429.1400146484375,428.7200012207031,428.989990234375,240485
2025-10-03 15:41:00,429.25,429.45989990234375,428.8999938964844,428.9100036621094,195664
2025-10-03 15:42:00,429.0350036621094,429.6000061035156,428.95001220703125,429.2200012207031,193396
2025-10-03 15:43:00,429.3699035644531,429.43499755859375,428.8599853515625,429.10198974609375,154253
2025-10-03 15:44:00,430.0929870605469,430.1698913574219,429.17999267578125,429.2900085449219,218289
2025-10-03 15:45:00,430.5299987792969,430.6000061035156,429.8299865722656,430.0754089355469,242573
2025-10-03 15:46:00,430.2850036621094,430.6199951171875,430.04998779296875,430.42999267578125,166917
2025-10-03 15:47:00,429.1300048828125,430.29998779296875,429.1076965332031,430.25,206986
2025-10-03 15:48:00,429.3949890136719,429.6300048828125,429.010009765625,429.1400146484375,122473
2025-10-03 15:49:00,429.7900085449219,429.8699951171875,429.2300109863281,429.3822021484375,128424
2025-10-03 15:50:00,429.9360046386719,430.1098937988281,429.6700134277344,429.7492980957031,124998
2025-10-03 15:51:00,430.0650939941406,430.3900146484375,429.9100036621094,429.9399108886719,158459
2025-10-03 15:52:00,429.89410400390625,430.1000061035156,429.739990234375,430.06500244140625,119321
2025-10-03 15:53:00,429.6449890136719,429.92230224609375,429.2699890136719,429.92230224609375,148826
2025-10-03 15:54:00,429.7414855957031,430.260009765625,429.5978088378906,429.6000061035156,158184
2025-10-03 15:55:00,430.0899963378906,430.1000061035156,429.58428955078125,429.7149963378906,125941
2025-10-03 15:56:00,430.0813903808594,430.45001220703125,429.8417053222656,430.0799865722656,165284
2025-10-03 15:57:00,430.2934875488281,430.54901123046875,430.05999755859375,430.1099853515625,497667
2025-10-03 15:58:00,430.2449951171875,430.4363098144531,430.1203918457031,430.2810974121094,82810
2025-10-03 15:59:00,430.2550964355469,430.3075866699219,429.9200134277344,430.260009765625,114783
2025-10-03 16:00:00,429.69000244140625,430.3800048828125,429.67999267578125,430.2508850097656,118309
2025-10-03 16:01:00,430.125,430.2099914550781,429.3999938964844,429.71099853515625,200444
2025-10-03 16:02:00,429.6636047363281,430.1600036621094,429.5,430.0835876464844,149807
2025-10-03 16:03:00,429.19000244140625,429.98590087890625,429.0799865722656,429.6213073730469,165011
2025-10-03 16:04:00,429.4549865722656,429.75,429.0801086425781,429.19000244140625,101712
2025-10-03 16:05:00,429.2850036621094,429.5400085449219,429.110107421875,429.4800109863281,103491
2025-10-03 16:06:00,429.6940002441406,429.7200012207031,429.1308898925781,429.2799987792969,105431
2025-10-03 16:07:00,429.27398681640625,430.20001220703125,429.0,429.6824035644531,221477
2025-10-03 16:08:00,428.68548583984375,429.3692932128906,428.4700012207031,429.2799987792969,201734
2025-10-03 16:09:00,429.04998779296875,429.1400146484375,428.6400146484375,428.6400146484375,145373
2025-10-03 16:10:00,428.3500061035156,429.1238098144531,428.25,429.06219482421875,219757
2025-10-03 16:11:00,427.7193908691406,428.489990234375,427.3999938964844,428.3450012207031,340242
2025-10-03 16:12:00,427.9993896484375,428.07000732421875,427.676513671875,427.70001220703125,190562
2025-10-03 16:13:00,427.8752136230469,428.21759033203125,427.8586120605469,427.9800109863281,193414
2025-10-03 16:14:00,428.0799865722656,428.1700134277344,427.70001220703125,427.8699951171875,145707
2025-10-03 16:15:00,427.4143981933594,428.1914978027344,427.2799987792969,428.0799865722656,246549
2025-10-03 16:16:00,428.0050048828125,428.1700134277344,427.4172058105469,427.44000244140625,198674
2025-10-03 16:17:00,428.04998779296875,428.2799987792969,427.8900146484375,427.97589111328125,166852
2025-10-03 16:18:00,428.29998779296875,428.4200134277344,427.9849853515625,428.0719909667969,140787
2025-10-03 16:19:00,428.3599853515625,428.4580078125,427.947998046875,428.29998779296875,148058
2025-10-03 16:20:00,427.9639892578125,428.54998779296875,427.8299865722656,428.3515930175781,173624
2025-10-03 16:21:00,427.8399963378906,428.3500061035156,427.65020751953125,427.994384765625,177911
2025-10-03 16:22:00,428.19000244140625,428.4999084472656,427.80999755859375,427.9115905761719,119265
2025-10-03 16:23:00,428.2250061035156,428.44000244140625,427.8287048339844,428.1896057128906,103972
2025-10-03 16:24:00,427.82000732421875,428.3999938964844,427.760009765625,428.23260498046875,95658
2025-10-03 16:25:00,427.7049865722656,428.260009765625,427.4075927734375,427.8399963378906,284274
2025-10-03 16:26:00,426.94000244140625,427.8500061035156,426.8399963378906,427.6896057128906,321907
2025-10-03 16:27:00,427.82000732421875,428.0,426.92999267578125,426.9562072753906,213469
2025-10-03 16:28:00,428.4800109863281,428.56988525390625,427.79058837890625,427.79058837890625,224628
2025-10-03 16:29:00,427.9400939941406,428.5071105957031,427.7705078125,428.48260498046875,173118
2025-10-03 16:30:00,427.6650085449219,428.0,427.510009765625,428.0,118626
2025-10-03 16:31:00,428.0274963378906,428.04998779296875,427.6199951171875,427.65740966796875,105756
2025-10-03 16:32:00,427.8900146484375,428.1000061035156,427.7300109863281,427.9739990234375,74334
2025-10-03 16:33:00,427.7300109863281,427.9200134277344,427.67010498046875,427.8500061035156,81785
2025-10-03 16:34:00,427.95849609375,427.989990234375,427.6700134277344,427.7200012207031,61218
2025-10-03 16:35:00,428.19000244140625,428.25,427.6600036621094,427.9649963378906,106055
2025-10-03 16:36:00,427.82501220703125,428.29998779296875,427.7099914550781,428.20001220703125,103943
2025-10-03 16:37:00,427.7864990234375,427.8800048828125,427.54998779296875,427.843994140625,89340
2025-10-03 16:38:00,427.2710876464844,427.7799987792969,427.17999267578125,427.7699890136719,137251
2025-10-03 16:39:00,427.2336120605469,427.5398864746094,427.1300048828125,427.2449951171875,115599
2025-10-03 16:40:00,426.7286071777344,427.4137878417969,426.5,427.20318603515625,212949
2025-10-03 16:41:00,427.5450134277344,427.6400146484375,426.6400146484375,426.7200012207031,204403
2025-10-03 16:42:00,427.010009765625,427.6565856933594,426.95001220703125,427.57000732421875,164910
2025-10-03 16:43:00,427.0849914550781,427.2749938964844,426.9200134277344,427.06890869140625,117945
2025-10-03 16:44:00,426.7099914550781,427.1221008300781,426.6499938964844,427.0849914550781,145532
2025-10-03 16:45:00,427.30999755859375,427.3500061035156,426.68701171875,426.69000244140625,167402
2025-10-03 16:46:00,426.7250061035156,427.44989013671875,426.57000732421875,427.32940673828125,142805
2025-10-03 16:47:00,425.9800109863281,426.8605041503906,425.94769287109375,426.7659912109375,323623
2025-10-03 16:48:00,426.32989501953125,426.3900146484375,425.94000244140625,426.0,216304
2025-10-03 16:49:00,425.9100036621094,426.45001220703125,425.69000244140625,426.339111328125,282699
2025-10-03 16:50:00,425.1300048828125,425.9368896484375,425.0299987792969,425.9100036621094,374383
2025-10-03 16:51:00,424.71990966796875,425.25,424.36199951171875,425.1005859375,689723
2025-10-03 16:52:00,424.9800109863281,425.1234130859375,424.6700134277344,424.70001220703125,265002
2025-10-03 16:53:00,424.57501220703125,425.0,424.4700012207031,424.9100036621094,193360
2025-10-03 16:54:00,424.6759033203125,424.79901123046875,424.0799865722656,424.54998779296875,358606
2025-10-03 16:55:00,424.8038024902344,425.2471008300781,424.5,424.65008544921875,319592
2025-10-03 16:56:00,424.22088623046875,424.8479919433594,423.8999938964844,424.7622985839844,467229
2025-10-03 16:57:00,424.3999938964844,424.6000061035156,424.04010009765625,424.29998779296875,272866
2025-10-03 16:58:00,424.18499755859375,424.6106872558594,424.0600891113281,424.3800048828125,201883
2025-10-03 16:59:00,424.173095703125,424.82000732421875,424.0400085449219,424.16009521484375,219985
2025-10-03 17:00:00,422.4100036621094,424.1300048828125,422.1600036621094,424.1000061035156,850633
2025-10-03 17:01:00,421.8734130859375,422.70001220703125,421.5899963378906,422.4497985839844,594577
2025-10-03 17:02:00,421.239990234375,422.3399963378906,420.9989929199219,421.8949890136719,680576
2025-10-03 17:03:00,421.1700134277344,421.45001220703125,420.69000244140625,421.30999755859375,446594
2025-10-03 17:04:00,421.3550109863281,421.6300048828125,420.5,421.1449890136719,480357
2025-10-03 17:05:00,420.4200134277344,421.6698913574219,420.1400146484375,421.32000732421875,497193
2025-10-03 17:06:00,420.1700134277344,421.1400146484375,419.55999755859375,420.42999267578125,886418
2025-10-03 17:07:00,420.8033142089844,421.1300048828125,420.1683044433594,420.1683044433594,408030
2025-10-03 17:08:00,421.5716857910156,421.67999267578125,420.7349853515625,420.80999755859375,337626
2025-10-03 17:09:00,421.4599914550781,421.69000244140625,420.95001220703125,421.6199951171875,293415
2025-10-03 17:10:00,421.92059326171875,422.1000061035156,421.29998779296875,421.4100036621094,326504
2025-10-03 17:11:00,422.44500732421875,422.6099853515625,421.82000732421875,421.9100036621094,346635
2025-10-03 17:12:00,422.4700012207031,422.760009765625,422.010009765625,422.42999267578125,308411
2025-10-03 17:13:00,421.79998779296875,422.9049987792969,421.3500061035156,422.49310302734375,376383
2025-10-03 17:14:00,422.5199890136719,422.5762939453125,421.7486877441406,421.760009765625,190042
2025-10-03 17:15:00,421.7149963378906,422.57000732421875,421.6400146484375,422.510009765625,270937
2025-10-03 17:16:00,421.3944091796875,422.30999755859375,421.35009765625,421.760009765625,228692
2025-10-03 17:17:00,421.7799987792969,422.091796875,421.2799987792969,421.3599853515625,201651
2025-10-03 17:18:00,421.2997131347656,421.9898986816406,421.1300048828125,421.7850036621094,178755
2025-10-03 17:19:00,421.2349853515625,421.67999267578125,420.94000244140625,421.3299865722656,311633
2025-10-03 17:20:00,421.0899963378906,421.5899963378906,420.8900146484375,421.3399963378906,196463
2025-10-03 17:21:00,420.7099914550781,421.31890869140625,420.2900085449219,421.1400146484375,249287
2025-10-03 17:22:00,420.9136047363281,421.2298889160156,420.42999267578125,420.73760986328125,208577
2025-10-03 17:23:00,420.6330871582031,421.1700134277344,420.6000061035156,420.8599853515625,163425
2025-10-03 17:24:00,420.82000732421875,421.0198974609375,420.32000732421875,420.6311950683594,218638
2025-10-03 17:25:00,420.4700012207031,421.1700134277344,420.20001220703125,420.8800048828125,218586
2025-10-03 17:26:00,421.4549865722656,421.5,420.510009765625,420.510009765625,197053
2025-10-03 17:27:00,420.7742919921875,421.70001220703125,420.6000061035156,421.4100036621094,279248
2025-10-03 17:28:00,421.1700134277344,421.2911071777344,420.5199890136719,420.76031494140625,165232
2025-10-03 17:29:00,420.93499755859375,421.29998779296875,420.739990234375,421.20001220703125,137696
2025-10-03 17:30:00,421.135986328125,421.5,420.6300048828125,420.92999267578125,185837
2025-10-03 17:31:00,421.8100891113281,422.1199951171875,421.0105895996094,421.0600891113281,215732
2025-10-03 17:32:00,422.67919921875,422.67919921875,421.8500061035156,421.875,236990
2025-10-03 17:33:00,422.7900085449219,423.04998779296875,422.42999267578125,422.6400146484375,297999
2025-10-03 17:34:00,422.69000244140625,423.0199890136719,422.53009033203125,422.7961120605469,244668
2025-10-03 17:35:00,422.6300048828125,423.0398864746094,422.5,422.69000244140625,197412
2025-10-03 17:36:00,422.6791076660156,423.07000732421875,422.5199890136719,422.69000244140625,223426
2025-10-03 17:37:00,422.1600036621094,422.8052062988281,422.010009765625,422.6679992675781,194203
2025-10-03 17:38:00,422.114990234375,422.4200134277344,421.80999755859375,422.20001220703125,225232
2025-10-03 17:39:00,421.7699890136719,422.0151062011719,421.5,421.989990234375,161951
2025-10-03 17:40:00,421.62921142578125,422.07989501953125,421.3999938964844,421.8099060058594,144468
2025-10-03 17:41:00,421.1650085449219,421.6098937988281,420.92999267578125,421.5899963378906,216651
2025-10-03 17:42:00,421.0299987792969,421.32391357421875,420.8599853515625,421.1639099121094,180975
2025-10-03 17:43:00,420.70050048828125,421.1300048828125,420.2962951660156,421.0824890136719,242605
2025-10-03 17:44:00,419.8999938964844,420.8218994140625,419.7300109863281,420.75,407984
2025-10-03 17:45:00,419.8918151855469,420.31988525390625,419.760009765625,419.92999267578125,262535
2025-10-03 17:46:00,418.53289794921875,420.1099853515625,418.4800109863281,419.90179443359375,680064
2025-10-03 17:47:00,419.44940185546875,419.6799011230469,418.510009765625,418.5899963378906,338926
2025-10-03 17:48:00,419.67999267578125,419.8299865722656,419.45001220703125,419.4552001953125,222794
2025-10-03 17:49:00,419.7286071777344,420.159912109375,419.489990234375,419.7799987792969,245621
2025-10-03 17:50:00,418.8599853515625,419.8999938964844,418.60009765625,419.6650085449219,294970
2025-10-03 17:51:00,418.2900085449219,418.95220947265625,417.8089904785156,418.8599853515625,495484
2025-10-03 17:52:00,417.8299865722656,418.75,417.5299987792969,418.2300109863281,394511
2025-10-03 17:53:00,417.4700012207031,417.9429931640625,417.010009765625,417.8599853515625,455886
2025-10-03 17:54:00,416.75531005859375,417.5799865722656,416.57501220703125,417.37799072265625,462924
2025-10-03 17:55:00,417.9750061035156,418.3399963378906,416.7300109863281,416.739990234375,554473
2025-10-03 17:56:00,418.760009765625,418.760009765625,417.69000244140625,417.92999267578125,361432
2025-10-03 17:57:00,418.9200134277344,419.260009765625,418.5400085449219,418.7864990234375,310581
2025-10-03 17:58:00,419.072998046875,419.3800048828125,418.70001220703125,418.9800109863281,260556
2025-10-03 17:59:00,419.5299987792969,419.69000244140625,419.1099853515625,419.1199951171875,268400
2025-10-03 18:00:00,418.9599914550781,419.989990234375,418.8500061035156,419.55999755859375,306155
2025-10-03 18:01:00,419.7611083984375,419.8799133300781,418.8800048828125,418.9700927734375,295860
2025-10-03 18:02:00,419.7550048828125,420.0,419.5,419.8456115722656,245396
2025-10-03 18:03:00,419.5047912597656,419.7900085449219,419.1499938964844,419.7349853515625,222345
2025-10-03 18:04:00,419.69000244140625,419.9599914550781,419.3399963378906,419.5299987792969,164334
2025-10-03 18:05:00,420.0249938964844,420.3102111816406,419.67999267578125,419.70001220703125,268872
2025-10-03 18:06:00,418.8424987792969,419.9790954589844,418.6000061035156,419.9599914550781,265942
2025-10-03 18:07:00,418.2618103027344,419.2300109863281,418.0299987792969,418.8999938964844,331411
2025-10-03 18:08:00,418.2699890136719,418.3799133300781,417.760009765625,418.2101135253906,261878
2025-10-03 18:09:00,418.25,418.7441101074219,417.6400146484375,418.25518798828125,269390
2025-10-03 18:10:00,419.2149963378906,419.25,418.04998779296875,418.2799987792969,201227
2025-10-03 18:11:00,419.797607421875,419.95989990234375,419.0299987792969,419.218505859375,259962
2025-10-03 18:12:00,420.0299987792969,420.22509765625,419.648193359375,419.79998779296875,252797
2025-10-03 18:13:00,420.2699890136719,420.2998962402344,419.710693359375,420.0299987792969,185442
2025-10-03 18:14:00,420.25,420.3399963378906,419.8800048828125,420.2869873046875,176181
2025-10-03 18:15:00,421.2250061035156,421.29998779296875,420.16009521484375,420.2799987792969,360970
2025-10-03 18:16:00,421.3908996582031,421.489990234375,421.0,421.19000244140625,301839
2025-10-03 18:17:00,422.3299865722656,422.3900146484375,421.3536071777344,421.3611145019531,295229
2025-10-03 18:18:00,422.3699951171875,422.4800109863281,422.05999755859375,422.3399963378906,268781
2025-10-03 18:19:00,422.2362976074219,422.5799865722656,422.0899963378906,422.3714904785156,290198
2025-10-03 18:20:00,421.8599853515625,422.29998779296875,421.4800109863281,422.2900085449219,339363
2025-10-03 18:21:00,422.0799865722656,422.2499084472656,421.8699951171875,421.92999267578125,163379
2025-10-03 18:22:00,422.57501220703125,422.75,422.0799865722656,422.0899963378906,220159
2025-10-03 18:23:00,422.7200012207031,422.82000732421875,422.42498779296875,422.6199951171875,177656
2025-10-03 18:24:00,422.7900085449219,422.8800048828125,422.46038818359375,422.7200012207031,169066
2025-10-03 18:25:00,422.5899963378906,423.02191162109375,422.54998779296875,422.7821960449219,214862
2025-10-03 18:26:00,423.239990234375,423.3299865722656,422.5,422.5859069824219,240566
2025-10-03 18:27:00,423.82989501953125,423.8800048828125,423.2073059082031,423.24310302734375,301950
2025-10-03 18:28:00,423.8971862792969,424.1098937988281,423.77099609375,423.8599853515625,315363
2025-10-03 18:29:00,424.24249267578125,424.3900146484375,423.8700866699219,423.9197998046875,284937
2025-10-03 18:30:00,424.0740051269531,424.5,423.8999938964844,424.260009765625,318035
2025-10-03 18:31:00,423.20001220703125,424.12310791015625,423.1415100097656,424.06048583984375,365654
2025-10-03 18:32:00,422.79998779296875,423.3900146484375,422.69000244140625,423.17010498046875,270300
2025-10-03 18:33:00,422.5198974609375,422.8999938964844,422.3999938964844,422.79998779296875,240817
2025-10-03 18:34:00,423.0776062011719,423.20001220703125,422.3500061035156,422.489990234375,245690
2025-10-03 18:35:00,422.6388854980469,423.3539123535156,422.20001220703125,423.04998779296875,265038
2025-10-03 18:36:00,423.42999267578125,423.489990234375,422.57000732421875,422.57000732421875,182694
2025-10-03 18:37:00,423.9800109863281,424.010009765625,422.739990234375,423.3800048828125,243564
2025-10-03 18:38:00,423.41400146484375,424.0950012207031,423.32000732421875,423.9224853515625,182906
2025-10-03 18:39:00,423.10260009765625,423.44000244140625,423.0201110839844,423.4200134277344,105315
2025-10-03 18:40:00,422.70001220703125,423.239990234375,422.510009765625,423.0985107421875,171718
2025-10-03 18:41:00,422.7101135253906,423.1000061035156,422.6499938964844,422.69000244140625,122306
2025-10-03 18:42:00,423.54998779296875,423.64990234375,422.68499755859375,422.7300109863281,170191
2025-10-03 18:43:00,422.9740905761719,423.6299133300781,422.8399963378906,423.6199951171875,138260
2025-10-03 18:44:00,422.989990234375,423.19989013671875,422.90008544921875,422.9649963378906,77766
2025-10-03 18:45:00,422.75,423.0880126953125,422.5899963378906,423.0199890136719,166332
2025-10-03 18:46:00,423.0,423.06500244140625,422.7049865722656,422.80999755859375,133632
2025-10-03 18:47:00,422.8800048828125,423.0299987792969,422.7178955078125,422.9700012207031,284996
2025-10-03 18:48:00,422.7488098144531,423.0,422.5884094238281,422.8500061035156,124377
2025-10-03 18:49:00,422.0899963378906,422.8699951171875,421.92999267578125,422.7200012207031,313861
2025-10-03 18:50:00,421.9649963378906,422.6099853515625,421.75,422.1099853515625,240402
2025-10-03 18:51:00,422.17999267578125,422.3999938964844,421.9649963378906,421.9649963378906,126927
2025-10-03 18:52:00,422.07501220703125,422.29998779296875,421.8197021484375,422.17999267578125,135175
2025-10-03 18:53:00,421.5863952636719,422.260009765625,421.5400085449219,422.1152038574219,350275
2025-10-03 18:54:00,421.93499755859375,422.1000061035156,421.6099853515625,421.6099853515625,194120
2025-10-03 18:55:00,423.0168151855469,423.06658935546875,421.860107421875,421.9100036621094,254470
2025-10-03 18:56:00,423.54998779296875,423.6400146484375,422.9921875,422.9921875,243760
2025-10-03 18:57:00,423.2940979003906,423.6084899902344,423.2099914550781,423.5650939941406,122942
2025-10-03 18:58:00,423.2688903808594,423.4599914550781,423.19000244140625,423.25,123550
2025-10-03 18:59:00,423.2099914550781,423.3299865722656,423.07000732421875,423.1499938964844,126869
2025-10-03 19:00:00,424.4296875,424.45001220703125,422.9107971191406,423.17999267578125,286372
2025-10-03 19:01:00,423.9891052246094,424.8800048828125,423.8800048828125,424.3599853515625,380798
2025-10-03 19:02:00,423.40008544921875,424.20001220703125,423.0946960449219,424.02740478515625,313298
2025-10-03 19:03:00,423.3900146484375,423.9200134277344,423.260009765625,423.5199890136719,139447
2025-10-03 19:04:00,423.4700012207031,423.5398864746094,423.04998779296875,423.3399963378906,187572
2025-10-03 19:05:00,424.0982971191406,424.239990234375,423.17999267578125,423.44000244140625,243316
2025-10-03 19:06:00,424.77569580078125,424.79998779296875,424.0400085449219,424.04998779296875,267627
2025-10-03 19:07:00,425.0877990722656,425.2799987792969,424.7749938964844,424.7749938964844,360115
2025-10-03 19:08:00,424.555908203125,425.2200012207031,424.555908203125,425.2200012207031,222697
2025-10-03 19:09:00,424.9700012207031,425.06500244140625,424.3999938964844,424.55999755859375,188589
2025-10-03 19:10:00,425.6700134277344,425.7200012207031,424.88958740234375,424.9700012207031,333715
2025-10-03 19:11:00,426.4800109863281,426.5585021972656,425.6400146484375,425.6700134277344,510257
2025-10-03 19:12:00,426.5299987792969,426.5899963378906,426.1199951171875,426.4800109863281,358048
2025-10-03 19:13:00,426.7449951171875,426.9110107421875,426.45001220703125,426.5440979003906,283898
2025-10-03 19:14:00,427.4198913574219,427.422607421875,426.5400085449219,426.7200012207031,428899
2025-10-03 19:15:00,428.55499267578125,428.7200012207031,427.2200012207031,427.3800048828125,633108
2025-10-03 19:16:00,427.79150390625,429.2398986816406,427.74578857421875,428.56500244140625,665304
2025-10-03 19:17:00,427.9700012207031,428.25,427.55499267578125,427.7699890136719,342010
2025-10-03 19:18:00,427.8500061035156,428.1000061035156,427.1505126953125,427.9549865722656,358404
2025-10-03 19:19:00,427.5101013183594,428.32000732421875,427.42041015625,427.8894958496094,280604
2025-10-03 19:20:00,428.04998779296875,428.25,427.4949951171875,427.5105895996094,249589
2025-10-03 19:21:00,427.5950012207031,428.1099853515625,427.32000732421875,428.0,293906
2025-10-03 19:22:00,426.989990234375,427.8999938964844,426.989990234375,427.6099853515625,291607
2025-10-03 19:23:00,427.32000732421875,427.3203125,426.7300109863281,427.0,261526
2025-10-03 19:24:00,427.5,427.70001220703125,427.1000061035156,427.32000732421875,198068
2025-10-03 19:25:00,428.3669128417969,428.7200012207031,427.5249938964844,427.5249938964844,436900
2025-10-03 19:26:00,428.44000244140625,428.7590026855469,428.1506042480469,428.39208984375,269273
2025-10-03 19:27:00,428.29998779296875,428.9299011230469,428.29998779296875,428.489990234375,296192
2025-10-03 19:28:00,427.7950134277344,428.3599853515625,427.4700012207031,428.29998779296875,278628
2025-10-03 19:29:00,428.1650085449219,428.3800048828125,427.7904968261719,427.7904968261719,196740
2025-10-03 19:30:00,427.4067077636719,428.2034912109375,427.2908020019531,428.17498779296875,233033
2025-10-03 19:31:00,427.89581298828125,427.9599914550781,427.0,427.3200988769531,265872
2025-10-03 19:32:00,427.44000244140625,428.14990234375,427.44000244140625,427.9200134277344,237409
2025-10-03 19:33:00,428.0429992675781,428.1600036621094,427.4303894042969,427.47088623046875,195425
2025-10-03 19:34:00,427.8999938964844,428.3299865722656,427.8900146484375,428.07000732421875,196796
2025-10-03 19:35:00,428.14581298828125,428.3999938964844,427.7019958496094,427.8599853515625,245787
2025-10-03 19:36:00,428.3240966796875,428.4798889160156,427.9700012207031,428.135009765625,306446
2025-10-03 19:37:00,427.9147033691406,428.44000244140625,427.8800048828125,428.2699890136719,186158
2025-10-03 19:38:00,427.75439453125,427.9898986816406,427.4100036621094,427.8999938964844,226294
2025-10-03 19:39:00,427.51800537109375,427.8599853515625,427.45001220703125,427.7799987792969,157946
2025-10-03 19:40:00,427.7958984375,428.09991455078125,427.2703857421875,427.4599914550781,253069
2025-10-03 19:41:00,428.1650085449219,428.2300109863281,427.2300109863281,427.81500244140625,282588
2025-10-03 19:42:00,427.9150085449219,428.2300109863281,427.8399963378906,428.1700134277344,162644
2025-10-03 19:43:00,427.82501220703125,428.29998779296875,427.7900085449219,427.91351318359375,185862
2025-10-03 19:44:00,427.9150085449219,428.3799133300781,427.6499938964844,427.82501220703125,201146
2025-10-03 19:45:00,427.92999267578125,428.0799865722656,427.69500732421875,427.8800048828125,128185
2025-10-03 19:46:00,427.90570068359375,428.2499084472656,427.79998779296875,427.90740966796875,162880
2025-10-03 19:47:00,428.2991943359375,428.29998779296875,427.7544860839844,427.9200134277344,153584
2025-10-03 19:48:00,428.17999267578125,428.3900146484375,427.95001220703125,428.30999755859375,147042
2025-10-03 19:49:00,428.3399963378906,428.42999267578125,428.1482849121094,428.1700134277344,167724
2025-10-03 19:50:00,427.1369934082031,428.29998779296875,426.5889892578125,428.29998779296875,619365
2025-10-03 19:51:00,427.7549133300781,427.7900085449219,427.0199890136719,427.1650085449219,437322
2025-10-03 19:52:00,428.2049865722656,428.2900085449219,427.510009765625,427.75,381015
2025-10-03 19:53:00,428.3900146484375,428.5299072265625,427.82989501953125,428.25,363305
2025-10-03 19:54:00,428.62451171875,429.25,428.2699890136719,428.4100036621094,462315
2025-10-03 19:55:00,429.5199890136719,429.739990234375,428.635009765625,428.6700134277344,526096
2025-10-03 19:56:00,429.885009765625,429.989990234375,429.3399963378906,429.489990234375,468768
2025-10-03 19:57:00,429.9729919433594,430.2273864746094,429.7099914550781,429.9200134277344,590015
2025-10-03 19:58:00,429.8699951171875,430.1499938964844,429.6199951171875,429.9778137207031,464228
2025-10-03 19:59:00,429.8399963378906,430.04998779296875,429.3804931640625,429.8699951171875,791355
